# callgrind format
version: 1
creator: callgrind-3.24.0
pid: 22382
cmd:  hash_table/build/hash_table
part: 1


desc: I1 cache: 65536 B, 64 B, 16-way associative
desc: D1 cache: 49152 B, 64 B, 12-way associative
desc: LL cache: 18874368 B, 64 B, 18-way associative

desc: Timerange: Basic block 0 - 1086538682
desc: Trigger: Program termination

positions: instr line
events: Ir Dr Dw I1mr D1mr D1mw ILmr DLmr DLmw
summary: 4688539535 1304021097 861006499 2146 9865433 586198 2112 8651 29665


ob=(5) /usr/lib/valgrind/vgpreload_core-amd64-linux.so
fl=(186) ???
fn=(630) 0x00000000000010e0
0x1050 0 1 0 0 1 0 0 1
+7 0 1
+7 0 1
+3 0 1
+3 0 1
+4 0 1
+4 0 1
+3 0 1
+3 0 1
jcnd=1/1 +22 0 
* 0 
+22 0 1 1 0 1 0 0 1
+88 0 1 0 0 1 0 0 1
+4 0 1
jump=1 0x1050 0 
* 0 

fn=(1270) 0x0000000000001090
0x1090 0 1 0 0 1
+4 0 1 1 0 0 1
+7 0 1
+2 0 1 0 1
+1 0 1 1 0 0 1
+8 0 1
+3 0 1
+2 0 1 1
+7 0 1 1 1
cob=(2) /usr/lib/libc.so.6
cfi=(327) /usr/src/debug/glibc/glibc/stdlib/cxa_finalize.c
cfn=(1276) __cxa_finalize
calls=1 0x3fca0 45 
* 0 135 30 13 8 6 2 8 0 1
+6 0 1 0 1
cfn=(1284) 0x0000000000001020
calls=1 0x1020 0 
* 0 5 1 0 1
+5 0 1 0 1
+7 0 1 1
+1 0 1 1

fn=(1284)
0x1020 0 1 0 0 1
+7 0 1
+7 0 1
+3 0 1
jcnd=1/1 +23 0 
* 0 
+23 0 1 1

ob=(2)
fl=(119) /usr/src/debug/glibc/glibc/string/../sysdeps/x86_64/multiarch/stpncpy.c
fn=(392) stpncpy
0xab230 31 1
fi=(120) /usr/src/debug/glibc/glibc/string/../sysdeps/x86_64/multiarch/ifunc-strncpy.h
+4 +4 1 1
+7 * 1 0 0 1 0 0 1
+7 * 1 1
+6 * 1
+3 * 1
+2 +1 1 1
+6 * 1
+3 * 1
+2 +3 1
+2 * 1
+2 +4 1
+7 * 1
+3 * 1
+2 +3 1
+3 * 1
+7 * 1
+7 * 1
fe=(119)
+4 -15 1 1

fl=(182) /usr/src/debug/glibc/glibc/stdlib/../sysdeps/unix/sysv/linux/getrandom.c
fn=(602) __getrandom_early_init
0x417f0 238 1 0 0 1 0 0 1
+4 * 1 0 1
+1 * 1
+3 * 1 0 1
+1 * 1
+4 * 1 1 0 1 0 0 1
+9 * 1 0 1
+4 * 1
+2 +3 1
+3 * 1
+2 * 1 1
+7 * 1 1 0 0 1
+7 * 1
+3 * 1
jcnd=1/1 +26 +37 
* * 
+26 +37 1 1
+4 * 1 1 0 1 0 0 1
+9 * 1
+2 * 1 1
+4 * 1 1
+1 * 1 1

fl=(291) /usr/src/debug/glibc/glibc/stdio-common/printf_buffer_to_file.c
fn=(1038) __printf_buffer_to_file_switch
0x5a600 29 40 0 0 1 0 0 1
+4 +1 40 40
+4 * 40 40
+4 * 40 40
+4 * 40
+3 * 40
+2 +10 40
+4 +1 40
+7 +3 40
+5 * 40 0 40
+4 * 40
+4 * 40 0 40
+3 +1 40 40

fn=(1056) __printf_buffer_to_file_done
0x5a7b0 117 20
+4 +1 20 20
+3 * 20
+2 * 20
+2 -1 20 0 20
+1 * 20
+3 * 20 0 20
+1 * 20
+3 * 20
+4 +3 20 0 20
cfn=(1058) __printf_buffer_flush_to_file
calls=20 0x5a640 -71 
* * 7212 1829 1136 20 27 113 20 0 2
+5 +1 20
+3 +1 20 20
+4 * 20 20
+1 -1 20
cfi=(300) /usr/src/debug/glibc/glibc/stdio-common/Xprintf_buffer_done.c
cfn=(1070) __printf_buffer_done
calls=20 0x5a2b0 -96 
* * 360 100 0 2 0 0 2

fn=(1058)
0x5a640 49 20 0 0 1 0 0 1
+4 * 20 0 20
+1 +4 20
+7 -4 20
+3 * 20 0 20
+2 * 20 0 20
+2 * 20 0 20
+1 * 20
+3 * 20
+4 +2 20 20
+4 * 20
+3 * 20 20
+3 * 20 0 20
+4 +2 20 20
+4 * 20
+3 * 20
jcnd=20/20 0x5a6d8 +5 
* * 
+79 +51 20 0 0 1 0 0 1
+4 -39 20
+3 +39 20 20
+1 * 20 20
+2 * 20 20
+2 * 20 20
+1 -39 20
cfn=(1038)
calls=20 0x5a600 -36 
* * 260 80 40
+12 -7 20 0 0 1 0 0 1
+4 +1 20 20
fi=(340) /usr/src/debug/glibc/glibc/stdio-common/../libio/libioP.h
+4 1036 20
fe=(291)
+7 58 20
+3 +1 20 20
+7 -1 20
fi=(340)
+3 1036 20
+3 * 20
+3 +1 20
+6 * 20 0 0 1 0 0 1
fe=(291)
+2 59 20
+3 * 20 20 20 0 1 18
cfi=(279) /usr/src/debug/glibc/glibc/libio/fileops.c
cfn=(992) _IO_file_xsputn@@GLIBC_2.2.5
calls=20 0x8dbc0 1199 
* * 6212 1549 976 16 26 95 16 0 2
+4 * 20
+3 * 20
jcnd=20/20 -77 +45 
* * 

fn=(1036) __printf_buffer_to_file_init
0x5a770 108 20 0 0 1 0 0 1
+4 +1 20
fi=(297) /usr/src/debug/glibc/glibc/stdio-common/../include/printf_buffer.h
+4 +18 20 0 20 0 0 1
fe=(291)
+8 -18 20 0 0 1 0 0 1
fi=(297)
+5 +28 20
+7 -9 20 0 20
+7 -4 20
+4 +13 20 0 20
fe=(291)
+4 -26 20 0 20
fi=(297)
+4 +13 20 0 20
fe=(291)
+3 -12 20
cfn=(1038)
calls=20 0x5a600 -83 
* * 260 80 40 1 0 0 1

fl=(97) /usr/src/debug/glibc/glibc/string/../sysdeps/x86_64/multiarch/strcat.c
fn=(328) strcat
0xabe90 29 1 0 0 1 0 0 1
fi=(89) /usr/src/debug/glibc/glibc/string/../sysdeps/x86_64/multiarch/ifunc-strcpy.h
+4 +9 1 1
+7 * 1 1
+6 +1 1 1
+6 -1 1
+3 * 1
+2 +1 1
+3 * 1
+2 +3 1
+2 * 1
+2 +4 1
+7 * 1
+3 * 1 0 0 1 0 0 1
+2 +3 1
+7 * 1
+3 * 1
jfi=(97)
jcnd=1/1 +26 -20 
* * 
fe=(97)
+26 -20 1 1

fl=(121) /usr/src/debug/glibc/glibc/wcsmbs/../sysdeps/x86_64/multiarch/wmemchr.c
fn=(396) wmemchr
0xcfd40 31 3 0 0 1 0 0 1
fi=(122) /usr/src/debug/glibc/glibc/wcsmbs/../sysdeps/x86_64/multiarch/ifunc-evex.h
+4 +7 3 3
+7 * 3
+7 * 3 3
+6 -1 3
+2 * 3
+2 * 3
+6 * 3
jcnd=3/3 +6 +2 
* * 
+6 +2 3 3
+6 * 3
+3 * 3
+2 +6 3
+2 * 3
+6 -3 3
+2 * 3
+2 +9 3 0 0 1 0 0 1
+7 * 3
+2 * 3
+2 +3 3
+3 * 3
+7 * 3
+7 * 3
fe=(121)
+4 -23 3 3

fl=(278) /usr/src/debug/glibc/glibc/libio/iofwrite.c
fn=(990) fwrite
0x80f50 31 2 0 0 1 0 0 1
+4 * 2 0 2
+1 * 2
+3 * 2 0 2
+2 * 2 0 2
+2 * 2 0 2
+2 +1 2
+3 -1 2 0 2
+2 +1 2
+4 -1 2 0 2
+1 * 2
+4 +4 2
+3 * 2
+6 * 2
+3 * 2
+3 * 2
+3 * 2 0 0 1 0 0 1
+3 +2 2 2 0 0 1
+4 * 2
+2 * 2 2 0 0 1
+7 * 2 2
+7 * 2 2
+9 * 2 2 0 0 1
+4 * 2
+2 * 2
+3 * 2
jcnd=2/2 0x81100 * 
* * 
+43 +1 2 2 0 1 1 0 1
+6 * 2
+2 * 2
jcnd=1/2 0x81048 * 
* * 
+2 * 1 0 1
+10 +1 1 1
fi=(283) /usr/src/debug/glibc/glibc/libio/libioP.h
+7 1036 1
+7 * 1
+3 * 1
+3 +1 1 0 0 1 0 0 1
+7 * 1
fe=(278)
-27 39 1 1
fi=(283)
+7 1036 1
+7 * 1
+3 * 1
+3 +1 1
+7 * 1
fe=(278)
+6 39 2
+3 * 2
+3 * 2
+3 * 2 2 2 0 2
cfi=(279)
cfn=(992)
calls=2 0x8dbc0 1199 
* * 515 134 91 30 5 0 30 1
+3 +6 2
+4 * 2
fi=(283)
+4 990 2 2
+4 * 2
jcnd=2/2 +70 +1 
* * 
fe=(278)
+2 45 2
+3 * 2
jcnd=2/2 +11 +1 
* * 
+11 +1 2
+3 +3 2
+4 * 2
+3 * 2 2
+1 * 2 2
+2 * 2 2
+2 * 2 2
+2 * 2 2
+2 * 2 2
+1 * 2 2
+5 -11 1
+3 * 1
jcnd=1/1 0x80fe6 +1 
* * 
fi=(283)
+26 991 2 2 0 1 0 0 1
+7 * 2 2
+7 * 2 2
+3 * 2
+2 * 2
+2 * 2
+2 * 2 0 2 1 0 0 1
+8 * 2 0 2
+6 * 2
jfi=(278)
jump=2 0x81021 45 
* * 
fe=(278)
0x81100 37 2 0 2 1 0 0 1
+6 * 2 0 2
+4 * 2
jump=2 0x80fd2 +1 
* * 

fl=(327)
fn=(1276)
0x3fca0 45 4
+4 * 4 0 4
+1 +3 4
+2 * 4
+5 -3 4
+3 * 4 0 4
+2 * 4 0 4
+2 * 4 0 4
+2 * 4 0 4
+2 * 4
+3 * 4 0 4 0 0 1
+1 * 4
+4 +3 4 0 0 1 0 0 1
+7 * 4 0 4
+5 * 4
+6 +3 4 4
+7 * 4
+3 * 4
+2 * 4
+3 +4 4 4
+4 * 4
+4 * 4
+4 * 4
+5 * 4
+3 * 4
jcnd=4/4 +31 +1 
* * 
+22 * 11
+4 * 11
+3 * 11
jcnd=1/11 +49 -4 
* * 
+2 +1 14 0 0 1 0 0 1
+3 * 14
+2 * 14
jump=14 +27 * 
* * 
+8 * 11 11
+4 * 11
jcnd=11/11 0x3fdc8 +2 
* * 
+15 * 44 44 0 0 4
+4 * 44
jcnd=11/44 -23 * 
* * 
+2 -1 33
+4 * 33
+3 * 33 0 0 1 0 0 1
jcnd=30/33 -13 +1 
* * 
+2 -4 4 4
+3 * 4
+3 * 4
+2 +57 4 4 0 0 1
+7 * 4
+3 * 4
+2 * 4
+10 +4 4 4 0 0 1
+4 * 4
+4 * 4
+4 * 4
+5 * 4
+3 * 4
jcnd=4/4 +27 -4 
* * 
+27 -4 4 4 0 1 0 0 1
+3 * 4
+3 * 4
+2 +11 4
+3 * 4
+2 +1 4
+3 * 4 0 4
cfi=(328) /usr/src/debug/glibc/glibc/posix/register-atfork.c
cfn=(1278) __unregister_atfork
calls=4 0x1005a0 -38 
* * 80 20 16 3 0 1 3 0 1
+5 +1 4
+2 * 4 4 4
+3 * 4
+3 * 4
+6 +1 4
+4 * 4 4
+1 * 4 4
+2 * 4 4
+2 * 4 4
+2 * 4 4
+2 * 4 4
+1 * 4 4 0 1 0 0 1
+8 -64 11 11
+7 +2 11 11
+4 +36 11
+2 -5 11 0 11
+7 -33 11 0 11
+4 +35 11 11
+4 * 11
+4 * 11 11
+9 +3 11 11 11
+3 * 11
+3 * 11
+2 +1 11
+3 * 11
+2 * 11 0 11
cob=(7) /usr/lib/libstdc++.so.6.0.33
cfi=(198) /usr/src/debug/gcc/gcc/libstdc++-v3/src/c++98/ios_init.cc
cfn=(1320) std::ios_base::Init::~Init()
calls=1 0xc30b0 +26 
* * 1316 543 238 29 49 2 29
cob=(7)
cfi=(244) /usr/src/debug/gcc/gcc/libstdc++-v3/src/c++11/compatibility-c++0x.cc
cfn=(1318) std::(anonymous namespace)::generic_error_category::~generic_error_category()
calls=1 0xac050 +91 
* * 6 2 1 1 0 0 1
cob=(7)
cfi=(244)
cfn=(1314) std::(anonymous namespace)::system_error_category::~system_error_category()
calls=1 0xac000 203 
* * 6 2 1 1 1 1 1
cob=(7)
cfi=(247) /usr/src/debug/gcc/gcc/libstdc++-v3/src/c++11/future.cc
cfn=(1312) (anonymous namespace)::constant_init::~constant_init()
calls=1 0xdbfe0 -23 
* * 2 1 0 1 0 0 1
cob=(7)
cfi=(264) /usr/src/debug/gcc/gcc/libstdc++-v3/src/c++11/ios_errcat.cc
cfn=(1310) (anonymous namespace)::constant_init::~constant_init()
calls=1 0xdd3a0 -28 
* * 2 1 0 1 0 0 1
cob=(7)
cfi=(265) /usr/src/debug/gcc/gcc/libstdc++-v3/src/c++11/system_error.cc
cfn=(1308) (anonymous namespace)::constant_init<(anonymous namespace)::generic_error_category>::~constant_init()
calls=1 0xe1bf0 +28 
* * 2 1 0 1 0 0 1
cob=(7)
cfi=(265)
cfn=(1306) (anonymous namespace)::constant_init<(anonymous namespace)::system_error_category>::~constant_init()
calls=1 0xe1c00 +28 
* * 2 1 0 1 0 0 1
cob=(7)
cfi=(267) /usr/src/debug/gcc/gcc/libstdc++-v3/src/c++17/memory_resource.cc
cfn=(1304) std::pmr::(anonymous namespace)::constant_init<std::pmr::(anonymous namespace)::newdel_res_t>::~constant_init()
calls=1 0x1b2a50 -5 
* * 2 1
cob=(7)
cfi=(267)
cfn=(1302) std::pmr::(anonymous namespace)::constant_init<std::pmr::(anonymous namespace)::null_res_t>::~constant_init()
calls=1 0x1b2a60 -5 
* * 2 1
cob=(7)
cfi=(267)
cfn=(1300) std::pmr::(anonymous namespace)::constant_init<std::atomic<std::pmr::memory_resource*> >::~constant_init()
calls=1 0x1b2a70 -5 
* * 2 1 0 1 0 0 1
cob=(7)
cfi=(330) /usr/src/debug/gcc/gcc-build/x86_64-pc-linux-gnu/libstdc++-v3/include/bits/shared_ptr_atomic.h
cfn=(1298) std::atomic<std::shared_ptr<std::chrono::tzdb_list::_Node> >::~atomic()
calls=1 0x1cf190 630 
* * 7 2 0 1 1 0 1 1
+2 +1 11 0 0 1 0 0 1
+2 * 11
+5 * 11 0 11
+5 * 11
+2 +4 11 11
+4 * 11 11
+7 * 11
jcnd=11/11 0x3fd0a -47 
* * 

fl=(314) /usr/src/debug/glibc/glibc/malloc/scratch_buffer_set_array_size.c
fn=(1158) __libc_scratch_buffer_set_array_size
0xa8900 30 3906980 0 0 1 0 0 1
+4 * 3906980 0 3906980
+1 * 3906980
+3 * 3906980
+3 * 3906980
+3 * 3906980 0 3906980 0 0 1
+2 * 3906980 0 3906980
+2 * 3906980 0 3906980
+1 * 3906980
+3 * 3906980
+4 * 3906980
+3 * 3906980
+3 * 3906980
+3 +4 3906980
+3 +1 3906980
+4 * 3906980
jcnd=3906980/3906980 +7 +10 
* * 
+7 +10 3906980 3906980
+4 * 3906980
jcnd=3906980/3906980 +41 +18 
* * 
+41 +18 3906980 0 0 1 0 0 1
+4 -17 3906980
+5 +17 3906980 3906980
+1 * 3906980 3906980
+2 * 3906980 3906980
+2 * 3906980 3906980
+1 * 3906980 3906980

fl=(138) /usr/src/debug/glibc/glibc/string/../sysdeps/x86_64/multiarch/strspn.c
fn=(446) strspn
0xae2d0 29 2 0 0 1 0 0 1
fi=(341) /usr/src/debug/glibc/glibc/string/../sysdeps/x86_64/multiarch/ifunc-sse4_2.h
+4 +7 2 2
+7 * 2
+7 * 2 2
+7 * 2
+7 * 2
fe=(138)
+4 -7 2 2

fl=(225) /usr/src/debug/glibc/glibc/wctype/wctype_l.c
fn=(760) wctype_l
0x11e400 26 10 0 0 1 0 0 1
+4 * 10 0 10
+1 * 10
+3 * 10 0 10
+2 * 10 0 10
+2 * 10
+3 * 10 0 10
+2 * 10 0 10
+2 +7 10
+3 -7 10 0 10
+1 * 10
+3 * 10
+4 +3 10 0 10
cob=(4) ???
cfi=(185) ???
cfn=(762) 0x0000000004c3f240
calls=10 0x4c3f240 -29 
* * 160 30 0 2 3 0 2 2
+5 * 10
+3 +3 10 10
+3 * 10 0 10
+4 * 10 10 0 0 1
+7 +1 10
jump=10 +27 +2 
* * 
+12 +7 48
+5 +1 48 48
+4 * 48
+2 -8 48
+4 +2 48
+3 * 48 0 48
cob=(4)
cfi=(185)
cfn=(762)
calls=48 0x4c3f240 -35 
* * 768 144 0 0 1 0 0 1
-3 * 10 0 0 1 0 0 1
+3 * 10 0 10
cob=(4)
cfi=(185)
cfn=(762)
calls=10 0x4c3f240 -35 
* * 160 30 0 0 1 0 0 1
+5 * 58
+3 +2 58
+3 * 58
jcnd=9/58 -29 +3 
* * 
+2 * 49
+3 * 49
+3 * 49
+3 * 49 49 49
cfi=(227) /usr/src/debug/glibc/glibc/string/../sysdeps/x86_64/multiarch/memcmp-avx2-movbe.S
cfn=(766) __memcmp_avx2_movbe
calls=49 0x16bb60 +36 
* * 1048 225 0 3 0 0 3
+6 * 49
+2 * 49
jcnd=39/49 -48 +3 
* * 
+2 +8 10 10
+4 * 10 10 0 0 1
+7 +1 10 10 0 1 2 0 1
+5 +1 10
+4 * 10 10
+1 * 10 10
+2 * 10 10
+2 * 10 10
+2 * 10 10
+2 * 10 10
+1 * 10 10

fl=(131) /usr/src/debug/glibc/glibc/string/../sysdeps/x86_64/multiarch/strcpy.c
fn=(422) strcpy
0xad210 29 1 0 0 1 0 0 1
fi=(89)
+4 +9 1 1
+7 * 1 1
+6 +1 1 1
+6 -1 1
+3 * 1
+2 +1 1
+3 * 1
+2 +3 1
+2 * 1
+2 +4 1
+7 * 1
+3 * 1 0 0 1 0 0 1
+2 +3 1
+7 * 1
+3 * 1
jfi=(131)
jcnd=1/1 +26 -20 
* * 
fe=(131)
+26 -20 1 1

fl=(274) /usr/src/debug/glibc/glibc/setjmp/sigjmp.c
fn=(974) __sigjmp_save
0x3d880 28 1 0 0 1 0 0 1
+4 * 1 0 1
+1 * 1
+3 * 1 0 1
+1 * 1
+3 * 1
+4 +2 1
+2 * 1
+2 -1 1 0 1
+3 +5 1
+2 * 1 1
+4 * 1 1
+1 * 1 1

fl=(112) /usr/src/debug/glibc/glibc/string/../sysdeps/x86_64/multiarch/strcmp.c
fn=(370) strcmp
0xac010 79 2 0 0 1 0 0 1
+4 -31 2 2 0 0 1
+7 * 2 2
+6 +1 2 2
+6 -2 2
+2 * 2
+2 * 2
+5 * 2
jcnd=2/2 +48 +2 
* * 
+48 +2 2 0 0 1 0 0 1
+3 * 2
+2 +3 2
+2 * 2
+2 +4 2
+6 * 2
+7 * 2
+2 +3 2
+7 * 2 0 0 1 0 0 1
+3 * 2
+2 +20 2 2

fl=(322) /usr/src/debug/glibc/glibc/stdlib/cxa_thread_atexit_impl.c
fn=(1244) __call_tls_dtors
0x3ff80 148 1 0 0 1 0 0 1
+4 * 1 0 1
+1 * 1
+3 * 1 0 1
+2 +1 1 1
+7 -1 1 0 1
+1 +1 1 1
+5 * 1
+3 * 1
jcnd=1/1 +69 +16 
* * 
+69 +16 1 1 0 1 0 0 1
+1 * 1 1
+2 * 1 1
+1 * 1 1

fl=(127) /usr/src/debug/glibc/glibc/string/../sysdeps/x86_64/multiarch/strncase_l.c
fn=(410) strncasecmp_l
0xaddb0 31 1
fi=(83) /usr/src/debug/glibc/glibc/string/../sysdeps/x86_64/multiarch/ifunc-strcasecmp.h
+4 +6 1 1
+7 * 1 1 0 1 0 0 1
+6 -1 1
+2 * 1
+2 * 1
+6 * 1
jcnd=1/1 +45 +2 
* * 
fe=(127)
+36 -5 1
+3 * 1 1
fi=(83)
+6 +7 1 1
+6 * 1 0 0 1 0 0 1
+6 * 1
+2 +3 1
+2 * 1
+2 +4 1
+7 * 1
+3 * 1
+2 +3 1
+6 * 1
+7 * 1
+2 * 1
jfi=(127)
jump=1 -54 -17 
* * 
fe=(127)

fl=(206) /usr/src/debug/glibc/glibc/locale/newlocale.c
fn=(708) newlocale
0x33fc0 43 1 0 0 1 0 0 1
+4 * 1 0 1
+1 * 1
+3 * 1 0 1
+2 * 1 0 1
+2 * 1 0 1 0 0 1
+2 * 1 0 1
+2 * 1 0 1
+1 * 1
+3 * 1
+7 * 1 1
+9 * 1 0 1
+4 * 1
+3 +12 1
+3 * 1
jcnd=1/1 0x34220 +8 
* * 
0x341f5 277 1 1 0 1 0 0 1
+4 * 1 1
+9 * 1
+6 * 1
+4 * 1
+3 * 1 1
+1 * 1 1
+2 * 1 1
+2 * 1 1
+2 * 1 1
+2 * 1 1
+1 * 1 1
+7 63 1 0 0 1 0 0 1
+3 * 1
+6 +3 1
+7 -10 1
+6 +10 1
+3 * 1
+6 +7 1 1 0 1 0 0 1
+3 * 1
jcnd=1/1 0x344d8 * 
* * 
0x344d8 * 1 1 0 1 0 0 1
+4 +2 1
+7 -2 1
jcnd=1/1 0x341f5 277 
* * 

fl=(221) /usr/src/debug/glibc/glibc/wcsmbs/wctob.c
fn=(750) wctob
0xcfb90 30 128 0 0 1 0 0 1
+4 * 128 0 128
+1 * 128
+3 * 128 0 128
+2 * 128 0 128
+2 * 128 0 128
+1 * 128
+4 * 128 128
+9 * 128 0 128
+4 * 128
+2 +9 128
+3 * 128
+6 * 128
+2 +6 128
+2 -1 128
+3 * 128 0 0 1 0 0 1
+2 +35 128 128
+4 * 128 128
+9 * 128
+6 * 128
+4 * 128 128
+1 * 128 128
+2 * 128 128
+2 * 128 128
+1 * 128 128

fl=(124) /usr/src/debug/glibc/glibc/string/../sysdeps/x86_64/multiarch/strcasecmp.c
fn=(402) strcasecmp
0xab290 31 1 0 0 1 0 0 1
fi=(83)
+4 +6 1 1
+7 * 1 1
+6 -1 1
+2 * 1
+2 * 1
+6 * 1
jcnd=1/1 +45 +2 
* * 
fe=(124)
+36 -5 1
+3 * 1 1
fi=(83)
+6 +7 1 1 0 1 0 0 1
+6 * 1
+6 * 1
+2 +3 1
+2 * 1
+2 +4 1
+7 * 1
+3 * 1
+2 +3 1
+6 * 1 0 0 1 0 0 1
+7 * 1
+2 * 1
jfi=(124)
jump=1 -54 -17 
* * 
fe=(124)

fl=(179) /usr/src/debug/glibc/glibc/resource/../sysdeps/unix/sysv/linux/getrlimit64.c
fn=(596) getrlimit
0x10ded0 38 1 0 0 1 0 0 1
+4 * 1
+3 +1 1
+2 * 1
+2 * 1
+5 * 1
+2 * 1
+2 * 1
+6 * 1
+2 +1 1 1

fl=(299) /usr/src/debug/glibc/glibc/io/../sysdeps/unix/sysv/linux/fstat64.c
fn=(1064) fstat
0x108960 30 21 0 0 1 0 0 1
+4 +9 21
+5 * 21
+2 * 21
+6 * 21
+2 +33 21 21

fl=(227)
fn=(766)
0x16bb60 73 49 0 0 1 0 0 1
+4 +7 49
+4 +1 49
jcnd=49/49 0x16be40 401 
* * 
0x16bc40 +75 39 0 0 1 0 0 1
+4 +10 39 39
+4 +1 39 39
+4 +1 39
+2 +3 39
+3 * 39 39
0x16be40 401 49 0 0 1 0 0 1
+3 +1 49
+2 +5 49
+2 +1 49
+2 +1 49
+5 +1 49
+5 +1 49
+2 +3 49 49
+4 +1 49 49
+4 +1 49
+4 +1 49
+2 +3 49
+5 +1 49
jcnd=39/49 0x16bc40 156 
* * 
+6 +1 10
+2 +1 10
+3 * 10 10

fl=(325) /usr/src/debug/glibc/glibc/nptl/pthread_mutex_unlock.c
fn=(1252) __pthread_mutex_unlock_usercnt
0x9a660 48 1 0 0 1 0 0 1
+4 +3 1 1
+3 * 1
+2 * 1
+6 +1 1
+2 * 1
+2 -4 1 0 1
+1 * 1
+3 * 1
+4 +9 1
+2 * 1
jcnd=1/1 0x9a6e8 +17 
* * 
+2 +5 1 0 1 1 0 0 1
+7 +1 1
+2 * 1
jcnd=1/1 +72 +2 
* * 
+2 -24 1 1
+3 +1 1
+6 * 1
+2 * 1 1
+7 * 1
+2 +1 1 0 1
+6 +29 1
+1 +2 1
+2 +32 1 1
+1 * 1 1
+40 -39 1 0 1
+4 * 1
jump=1 -74 -26 
* * 
+20 +9 1 0 0 1 0 0 1
+6 * 1
jcnd=1/1 +17 +6 
* * 
+17 +6 1 1 0 1 0 0 1
+3 * 1
+3 * 1
+3 * 1
+2 +4 1 1
+8 * 1 1
+3 * 1
jcnd=1/1 +9 +3 
* * 
+9 +3 1 0 1
+4 * 1
jcnd=1/1 0x9a67f -25 
* * 

fn=(1250) pthread_mutex_unlock@@GLIBC_2.2.5
0x9a780 367 1 0 0 1 0 0 1
+4 +1 1
+5 * 1
cfn=(1252)
calls=1 0x9a660 48 
* * 37 8 5 4 0 0 4

fl=(303) /usr/src/debug/glibc/glibc/io/../sysdeps/unix/sysv/linux/open64.c
fn=(1096) open
0x10c2d0 30 20 0 0 1 0 0 1
+4 * 20 0 20
+1 * 20
+3 * 20
+4 * 20 0 20
+4 * 20 20
+9 * 20 0 20
+4 * 20
+2 +3 20
+4 * 20
+2 * 20
+2 * 20
+2 * 20
+2 * 20
+5 * 20 0 0 1 0 0 1
+2 +8 20
+4 * 20
+3 * 20
+3 * 20
+3 * 20 0 20
+5 * 20
+3 * 20
+7 * 20 0 20
cfi=(282) /usr/src/debug/glibc/glibc/nptl/cancellation.c
cfn=(1006) __syscall_cancel
calls=20 0x91e60 +33 
* * 580 220 100
+5 +2 20 20
+4 * 20 20
+9 * 20
+2 * 20 20
+1 * 20 20

fl=(332) /usr/src/debug/glibc/glibc/libio/iofflush.c
fn=(1332) fflush
0x7fee0 32 10 0 0 1 0 0 1
+4 +1 10
+3 * 10
+6 -1 10 0 10
+1 * 10
+3 * 10 0 10
+2 * 10 0 10
+1 * 10
+3 +7 10 10 0 0 1
+4 * 10
jcnd=10/10 0x7ff60 * 
* * 
+2 +1 10 10 0 1 1 0 1
fi=(283)
+7 1036 10
+7 * 10
+3 * 10
+3 +1 10
+6 * 10
fe=(332)
+6 40 10
+3 * 10 10 10 0 0 1
cfi=(279)
cfn=(1334) _IO_file_sync@@GLIBC_2.2.5
calls=10 0x8d1e0 794 
* * 210 80 40 4 0 0 4
+5 * 10
+2 * 10
fi=(283)
+3 990 10 10
+4 * 10
+2 +1 10 10
+7 * 10 10
+7 * 10 10
+3 * 10
+2 * 10
+2 * 10
+2 * 10 0 10
+8 * 10 0 10
fe=(332)
+6 44 10
+3 * 10 10
+1 * 10 10
+2 * 10 10
+1 * 10 10
+4 -5 10 10 0 1 1 0 1
+7 * 10 10
+7 * 10 10
+9 * 10 10
+4 * 10
+2 * 10
+3 * 10 0 0 1 0 0 1
jcnd=10/10 0x7ffe8 * 
* * 
0x7ffe8 * 10 0 10 1 0 0 1
+6 * 10 0 10
+4 * 10
jump=10 0x7fefd +1 
* * 

fl=(256) /usr/src/debug/glibc/glibc/malloc/morecore.c
fn=(890) __glibc_morecore
0xa3390 25 15 0 0 1 0 0 1
+4 +1 15 15
+7 * 15
+2 -1 15 0 15
+1 * 15
+3 +4 15 0 15 0 0 13
cfi=(257) /usr/src/debug/glibc/glibc/misc/sbrk.c
cfn=(892) sbrk
calls=15 0x117170 +8 
* * 584 151 90 5 40 0 5 1
+5 +1 15
+4 * 15
+2 +4 15 15
+1 * 15 15

fl=(181) /usr/src/debug/glibc/glibc/nptl/pthread_mutex_conf.c
fn=(600) __pthread_tunables_init
0x981d0 55 1 0 0 1 0 0 1
+4 * 1 0 1
+1 +1 1
+7 * 1
+5 -1 1
+3 * 1 0 1
+1 * 1
+4 +1 1 1
+9 * 1 0 1
+4 * 1
+4 * 1
+3 * 1 1 1 1 1 0 1
cob=(1) /usr/lib/ld-linux-x86-64.so.2
cfi=(11) /usr/src/debug/glibc/glibc/elf/dl-tunables.c
cfn=(28) __tunable_get_val
calls=1 0x13590 438 
* * 24 4 1 0 1 0 0 1
+6 +2 1
+7 * 1
+3 * 1
+5 * 1 1 1
cob=(1)
cfi=(11)
cfn=(28)
calls=1 0x13590 438 
* * 23 4 1 0 2 0 0 2
+6 +2 1
+7 * 1
+3 * 1
+5 * 1 1 1
cob=(1)
cfi=(11)
cfn=(28)
calls=1 0x13590 438 
* * 24 4 1 0 2 0 0 2
+6 +2 1 1
+4 * 1 1
+9 * 1
+2 * 1 1
+4 * 1 1 0 1 0 0 1
+1 * 1 1

fl=(304) /usr/src/debug/glibc/glibc/string/../string/strstr.c
fn=(1098) __GI_strstr
0xae890 77 20 0 0 1 0 0 1
+4 * 20 0 20
+1 * 20
+3 * 20 0 20
+2 * 20 0 20
+2 * 20 0 20
+2 * 20 0 20
+2 * 20 0 20
+1 * 20
+7 +5 20 20 0 0 20 0 0 1
+4 -5 20 20
+9 * 20 0 20
+4 * 20
+2 * 20 0 20 1 0 0 1
+7 +5 20
+3 * 20
+6 +2 20
+4 * 20
+3 * 20
+3 * 20 0 20
cob=(4)
cfi=(185)
cfn=(1100) 0x0000000004c3f330
calls=20 0x4c3f330 -84 
* * 460 80 0 2 20 0 2
+5 * 20
+3 +1 20
+3 * 20
jcnd=20/20 0xaead6 -40 
* * 
0xaead6 -40 20 0 0 1 0 0 1
+3 161 20 20
+4 * 20 20
+9 * 20
+6 * 20
+7 * 20
+3 * 20 20
+1 * 20 20
+2 * 20 20
+2 * 20 20
+2 * 20 20
+2 * 20 20
+1 * 20 20 0 1 0 0 1

fl=(177) /usr/src/debug/glibc/glibc/elf/libc_early_init.c
fn=(592) __libc_early_init
0x169270 34 1 0 0 1 0 0 1
+4 * 1 0 1
+1 * 1
+3 * 1 0 1
+1 * 1
+4 * 1 1 0 1 0 0 1
+9 * 1 0 1
+4 * 1
+2 +2 1 0 1
cfi=(178) /usr/src/debug/glibc/glibc/ctype/ctype-info.c
cfn=(594) __ctype_init
calls=1 0x360c0 -7 
* * 17 10 3 2 6 0 2
+5 +3 1 1 0 0 1
fi=(180) /usr/src/debug/glibc/glibc/elf/../sysdeps/nptl/pthread_early_init.h
+7 -6 1
+5 * 1
fe=(177)
+4 +6 1 0 1 0 0 1 0 0 1
+2 +3 1 0 1 0 0 1 0 0 1
+6 * 1 0 1
fi=(180)
+6 -9 1 0 1
cfi=(179)
cfn=(596)
calls=1 0x10ded0 +5 
* * 10 1 0 1 0 0 1
+5 * 1
+5 * 1
+2 * 1
+2 +1 1 1 0 1 0 0 1
+4 +4 1
+5 * 1
+3 * 1
+4 * 1
+4 * 1
+4 +7 1 1
fi=(342) /usr/src/debug/glibc/glibc/elf/../nptl/nptl-stack.h
+7 +16 1
+2 * 1 1
+7 * 1 1
fi=(180)
+7 -16 1 1
fi=(342)
+4 +16 1
+3 * 1
fi=(180)
+4 -7 1 0 1 0 0 1 0 0 1
fi=(342)
+7 +7 1 0 0 1 0 0 1
+3 * 1
+3 * 1
fi=(180)
+3 -9 1
+3 -6 1
+8 +2 1
+3 * 1
+4 +4 1
+3 * 1
+5 * 1
+3 * 1 0 1
+4 +1 1 0 1 0 0 1 0 0 1
+7 +3 1 0 1
cfi=(181)
cfn=(600)
calls=1 0x981d0 -1 
* * 97 21 9 3 6 0 3 5
fe=(177)
+5 -9 1
+3 * 1 0 1
cfi=(182)
cfn=(602)
calls=1 0x417f0 238 
* * 20 8 3 3 1 0 3
+5 +3 1 1
+4 * 1 1 0 1 0 0 1
+9 * 1
+2 +2 1 1
+4 * 1 1
+1 -2 1
cfi=(183) /usr/src/debug/glibc/glibc/nptl/../sysdeps/unix/sysv/linux/x86/elision-conf.c
cfn=(604) __lll_elision_init
calls=1 0x920d0 +42 
* * 158 32 14 3 11 1 3 11 1

fl=(249) /usr/src/debug/glibc/glibc/stdlib/secure-getenv.c
fn=(864) secure_getenv
0x43830 28 1 0 0 1 0 0 1
+4 +1 1 1
+7 * 1 1
+2 * 1
+2 * 1 0 0 1 0 0 1
+2 * 1
cfi=(250) /usr/src/debug/glibc/glibc/stdlib/getenv.c
cfn=(866) getenv
calls=1 0x41280 -1 
* * 1265 406 22 9 70 0 9 4

fl=(294) /usr/src/debug/glibc/glibc/string/../sysdeps/x86_64/multiarch/memmove-vec-unaligned-erms.S
fn=(1048) __memcpy_avx_unaligned_erms
0x16c2c0 255 10458 0 0 1 0 0 1
+4 +1 10458
+3 +6 10458
+4 +1 10458
jcnd=60/10458 +37 +42 
* * 
+2 +2 10398 10398
+4 +1 10398
+4 +1 10398
jcnd=3/10398 0x16c380 386 
* * 
+6 +3 10395 10395
+6 +1 10395 0 10395 0 0 10222 0 0 13
+4 +1 10395 0 10395 0 0 5110 0 0 9
+6 +3 10395
+3 * 10395 10395
+2 +30 60
+3 +1 60
+2 +2 60
+3 +1 60
+2 +2 60
+3 +4 60
jcnd=20/60 +24 +16 
* * 
+2 +1 40
+3 +1 40
+2 +1 40 40
+2 +1 40
jcnd=30/40 +12 +4 
* * 
+2 +1 10 10
+5 +1 10 0 10
+5 +2 10 0 10
+2 +2 10 10
-2 -2 30 0 30
+2 +2 30 30
+1 +6 20 20 0 1 0 0 1
+4 +1 20 20
+2 +1 20 0 20
+4 +1 20 0 20
+2 +1 20 20
+48 +40 2 2 0 1 0 0 1
+6 +1 2 2
+6 +1 2 0 2
+4 +1 2 0 2
+5 +1 2 0 2
+6 +1 2 0 2
+6 +1 2
+3 * 2 2
+11 +5 3 3 0 1 1 0 1
+7 +1 3
+6 +5 3
+7 +1 3
jcnd=1/3 +97 +24 
* * 
+2 +2 2 2
+5 +1 2
+7 +1 2
jcnd=2/2 -81 -22 
* * 
+83 +20 1 0 0 1 0 0 1
+3 +1 1
+3 +4 1
+3 +2 1 0 0 1 0 0 1
+6 +4 1 1 0 0 1
+7 +1 1
+6 +11 1
+4 +3 1
+3 +2 1
+4 +2 1
+6 +4 1
+3 +1 1
+6 +9 1 1
+6 +1 1 1 0 0 1
+6 +2 1
+3 +2 1
+4 +1 1 1 0 1 0 0 1
+6 +1 1 1
+6 +3 1
+3 +2 1
+3 +2 1
+3 +2 1
+5 * 1
+8 +6 1 1
+4 +1 1 1
+5 +1 1 1
+5 +1 1 1
+5 +1 1
+4 +1 1 0 1 0 0 1 0 0 1
+4 +1 1 0 1 0 0 1 0 0 1
+5 +1 1 0 1 1 0 0 1
+5 +1 1 0 1 0 0 1 0 0 1
+5 +1 1
+4 +1 1
+3 +1 1
jcnd=1/1 -49 -11 
* * 
-49 -11 9 9
+4 +1 9 9
+5 +1 9 9
+5 +1 9 9
+5 +1 9
+4 +1 9 0 9
+4 +1 9 0 9 0 0 9 0 0 9
+5 +1 9 0 9
+5 +1 9 0 9 0 0 9 0 0 9
+5 +1 9
+4 +1 9
+3 +1 9
jcnd=8/9 -49 -11 
* * 
+2 +2 1 0 1 0 0 1 0 0 1
+5 +1 1 0 1
+5 +1 1 0 1
+5 +1 1 0 1
+4 +2 1 0 1
+4 +4 1
+3 * 1 1

fn=(1230) __mempcpy_avx_unaligned_erms
0x16c280 242 19 0 0 1 0 0 1
+4 +1 19
+3 +1 19
+3 +1 19
jump=19 +61 +17 
* * 
+61 +17 19
+4 +1 19
jcnd=19/19 +37 +42 
* * 
+37 +42 19
+3 +1 19
+2 +2 19
+3 +1 19
+2 +2 19
+3 +4 19
jcnd=19/19 +24 +16 
* * 
+24 +16 19 19
+4 +1 19 19
+2 +1 19 0 19 0 0 19
+4 +1 19 0 19
+2 +1 19 19

fl=(281) /usr/src/debug/glibc/glibc/io/../sysdeps/unix/sysv/linux/write.c
fn=(1004) write
0x10d510 25 22 0 0 1 0 0 1
+4 * 22 0 22
+1 +1 22
+3 * 22
+3 * 22
+3 * 22
+2 -1 22
+3 +1 22
+4 * 22 0 22
+2 * 22 0 22 0 0 18
cfi=(282)
cfn=(1006)
calls=22 0x91e60 +48 
* * 638 242 110 4 2 0 4
+5 +1 22 22
+1 * 22 22

fl=(298) /usr/src/debug/glibc/glibc/libio/filedoalloc.c
fn=(1060) _IO_file_doallocate
0x7f890 78 21 0 0 1 0 0 1
+4 * 21 0 21
+1 * 21
+3 * 21 0 21 0 0 1
+2 * 21 0 21
+2 * 21 0 21
+1 * 21
+7 +6 21 21
+3 -6 21 21
+9 * 21 0 21
+4 * 21
+3 +6 21
+2 * 21
+6 * 21 21 0 1 0 0 1
fi=(283)
+7 1036 21
+7 * 21
+3 * 21
+3 +1 21
+6 * 21
fe=(298)
+6 84 21
+7 * 21
+3 * 21 21 21 0 20
cfi=(279)
cfn=(1062) _IO_file_stat
calls=21 0x8dac0 1148 
* * 189 42 0 2 0 0 2
+8 * 21
+2 * 21
+2 +2 21 21
+6 * 21
+5 * 21 0 0 1 0 0 1
+5 * 21
jcnd=1/21 0x7f970 +5 
* * 
+2 +11 21 21
+7 * 21
+5 * 21
+6 * 21
+2 +4 21
+3 * 21 21 21 0 1
cfi=(253) /usr/src/debug/glibc/glibc/malloc/malloc.c
cfn=(874) malloc
calls=21 0xa6190 3385 
* * 3181 685 367 2 5 3 2 0 2
+6 * 21
+3 +1 21
+3 * 21
+2 +2 21
+4 * 21
+5 * 21
+3 * 21 0 21
cfi=(280) /usr/src/debug/glibc/glibc/libio/genops.c
cfn=(1066) _IO_setb
calls=21 0x8f080 355 
* * 609 168 168 1 0 0 1
+5 +1 21
+5 +1 21 21
+4 * 21 21
+9 * 21
+6 * 21
+7 * 21 21
+1 * 21 21
+2 * 21 21
+2 * 21 21
+1 * 21 21
+14 -15 1 1 0 1 0 0 1
fi=(343) /usr/src/debug/glibc/glibc/libio/../include/sys/sysmacros.h
+7 -44 1
+3 * 1
+4 * 1 0 0 1 0 0 1
+4 * 1
+5 * 1
+6 * 1
fe=(298)
+2 +44 1
+5 -2 1
+3 * 1
+2 +5 1 0 1
+6 * 1
jump=1 0x7f907 +3 
* * 

fl=(307) /usr/src/debug/glibc/glibc/libio/feof.c
fn=(1130) feof
0x88a30 32 12840920 0 0 1 0 0 1
+4 +4 12840920 12840920
+2 -1 12840920 12840920
+4 * 12840920
jcnd=12840920/12840920 0x88ad8 +3 
* * 
0x88ad8 +3 12840920 0 0 1 0 0 1
+3 * 12840920
+3 +3 12840920 12840920

fl=(80) /usr/src/debug/glibc/glibc/string/../sysdeps/x86/cacheinfo.c
fn=(292) __x86_cacheinfo
0xbf850 86 1 0 0 1 0 0 1
fi=(81) /usr/src/debug/glibc/glibc/string/../sysdeps/x86/cacheinfo.h
+4 -24 1 1
+7 +3 1 1 0 0 1
+7 * 1
+7 * 1
+2 +2 1
+3 +1 1 0 1 0 0 1 0 0 1
+7 -1 1
+3 * 1 0 1
+7 +7 1 1 0 1 0 0 1
+7 * 1
+7 * 1
+2 +2 1
+3 +1 1 0 1
+7 -1 1
+3 * 1 0 1
+7 +5 1 1
+7 * 1 0 1 0 0 1 0 0 1
+7 +3 1 1
+7 * 1 0 1
+7 +2 1 1 0 1 1 0 1
+7 * 1 0 1
+7 +1 1 1
+7 * 1 0 1
+7 +1 1 1
+7 * 1 0 1
+7 +2 1 1
+7 * 1
jfi=(80)
jcnd=1/1 +9 -4 
* * 
fe=(80)
+9 -4 1
+2 * 1 1

fl=(113) /usr/src/debug/glibc/glibc/string/../sysdeps/x86_64/multiarch/memrchr.c
fn=(372) memrchr
0xaaf40 29 1 0 0 1 0 0 1
fi=(110) /usr/src/debug/glibc/glibc/string/../sysdeps/x86_64/multiarch/ifunc-avx2.h
+4 +11 1 1
+7 * 1
+7 * 1 1
+6 -2 1
+2 * 1
+2 * 1
+6 * 1
jcnd=1/1 +14 +3 
* * 
fe=(113)
+2 -9 1
+3 * 1 1
fi=(110)
+9 +12 1 1
+7 * 1
+2 +1 1 1
+6 * 1 0 0 1 0 0 1
+3 * 1
+2 +3 1
+2 * 1
+2 +4 1
+7 * 1
+3 * 1
+2 +3 1
+3 * 1
+7 * 1
+7 * 1
+4 * 1
jfi=(113)
jump=1 -69 -23 
* * 
fe=(113)

fl=(123) /usr/src/debug/glibc/glibc/string/../sysdeps/x86_64/multiarch/strncmp.c
fn=(400) strncmp
0xadeb0 67 2 0 0 1 0 0 1
+4 -23 2 2
+7 * 2 2 0 1 0 0 1
+6 -1 2
+2 * 2
+2 * 2
+6 * 2
jcnd=2/2 +45 +2 
* * 
+36 +24 2
+3 * 2 2
+6 -22 2 2
+6 * 2 0 0 1 0 0 1
+6 * 2
+2 +3 2
+2 * 2
+2 +4 2
+7 * 2
+3 * 2
+2 +3 2
+6 * 2
+7 * 2
+2 * 2
jump=2 -54 +12 
* * 

fl=(168) /usr/src/debug/glibc/glibc/debug/../sysdeps/x86_64/multiarch/wmemset_chk.c
fn=(558) __wmemset_chk
0x127120 29 1 0 0 1 0 0 1
fi=(169) /usr/src/debug/glibc/glibc/debug/../sysdeps/x86_64/multiarch/ifunc-wmemset.h
+4 +7 1 1
+7 * 1
+7 * 1 1 0 0 1
+6 * 1
+3 * 1
+2 +1 1 1 0 1 0 0 1
+6 * 1
+3 * 1
jfi=(168)
jcnd=1/1 +39 -8 
* * 
fe=(168)
+39 -8 1 1

fl=(133) /usr/src/debug/glibc/glibc/string/../sysdeps/x86_64/multiarch/strlen.c
fn=(430) strlen
0xadc80 29 4 0 0 1 0 0 1
fi=(110)
+4 +11 4 4 0 0 1
+7 * 4
+7 * 4 4 0 0 1
+6 -2 4
+2 * 4
+2 * 4
+6 * 4
jcnd=4/4 +14 +3 
* * 
fe=(133)
+2 -9 4
+3 * 4 4
fi=(110)
+9 +12 4 4 0 0 1
+7 * 4
+2 +1 4 4 0 0 1
+6 * 4 0 0 1 0 0 1
+3 * 4
+2 +3 4
+2 * 4
+2 +4 4
+7 * 4
+3 * 4
+2 +3 4
+3 * 4
+7 * 4
+7 * 4
+4 * 4
jfi=(133)
jump=4 -69 -23 
* * 
fe=(133)

fl=(189) /usr/src/debug/glibc/glibc/string/../sysdeps/x86_64/multiarch/strrchr-avx2.S
fn=(642) __strrchr_avx2
0x170ef0 53 1 0 0 1 0 0 1
+4 +1 1
+4 +1 1
+2 +2 1
+5 +1 1 0 0 1 0 0 1
+4 +4 1
+3 +1 1
+5 +1 1
+6 +3 1 1 0 0 1
+4 +2 1
+4 +1 1
+4 +1 1
+2 +1 1
+6 +3 1
+4 +1 1
+4 +2 1
+5 +1 1
+2 +1 1
+2 +1 1
+3 +1 1
+3 +9 1
+3 * 1 1

fl=(258) /usr/src/debug/glibc/glibc/misc/../sysdeps/unix/sysv/linux/brk.c
fn=(894) brk
0x10e410 36 15 0 0 1 0 0 1
fi=(344) /usr/src/debug/glibc/glibc/misc/../sysdeps/unix/sysv/linux/brk_call.h
+4 -12 15
+5 * 15
fe=(258)
+2 +13 15 15
+7 * 15 0 15
+3 +1 15
+3 * 15
+2 +6 15
+2 +1 15 15

fl=(311) /usr/src/debug/glibc/glibc/stdio-common/vfscanf-internal.c
fn=(1152) __vfscanf_internal
0x662f0 278 3906980 0 0 1 0 0 1
+4 * 3906980 0 3906980
+1 * 3906980
+3 * 3906980 0 3906980
+2 * 3906980 0 3906980
fi=(313) /usr/src/debug/glibc/glibc/stdio-common/../include/scratch_buffer.h
+2 77 3906980 0 0 1 0 0 1
fe=(311)
+7 278 3906980 0 3906980
+2 * 3906980
+3 * 3906980 0 3906980
+2 * 3906980 0 3906980
+1 * 3906980
+7 * 3906980 0 3906980
+7 * 3906980 0 3906980 0 0 1
+7 * 3906980 0 3906980 0 0 1
+6 +10 3906980 3906980
+9 * 3906980 0 3906980
+4 * 3906980 3906980 0 0 1
+7 * 3906980 3906980
+4 * 3906980 0 3906980 1 0 0 1
+7 +1 3906980 3906980 0 0 1
fi=(313)
+3 77 3906980 0 3906980
fe=(311)
+7 339 3906980 3906980
+4 -50 3906980 0 3906980 0 0 1
+7 +50 3906980 0 3906980
+7 * 3906980 3906980
fi=(313)
+4 78 3906980 0 3906980
fe=(311)
+11 339 3906980 0 3906980
+7 +6 3906980 3906980
+6 * 3906980
+2 * 3906980 0 0 1 0 0 1
jcnd=3906980/3906980 0x66ae0 * 
* * 
+16 +3 3906980 3906980
+7 * 3906980 3906980
+3 * 3906980
+6 * 3906980
+3 * 3906980
+6 +4 3906980 3906980
+7 +20 3906980 3906980
+7 * 3906980
+7 -20 3906980 3906980 0 1 0 0 1
+4 +7 3906980 3906980 0 0 1
+4 * 3906980 0 3906980
+7 +6 3906980 3906980
+4 +2 3906980
+2 * 3906980 3906980 0 0 1 0 0 1
+3 +5 3906980 0 3906980
+7 -5 3906980
+4 +5 3906980
+3 -5 3906980 0 3906980
+7 +5 3906980 3906980 0 0 1
+7 * 3906980 0 3906980
+7 * 3906980 0 3906980
cfi=(302) /usr/src/debug/glibc/glibc/nptl/libc-cleanup.c
cfn=(1088) __libc_cleanup_push_defer
calls=3906980 0x92590 24 
* * 50790740 15627920 11720940
+5 * 3906980 3906980
+3 * 3906980 0 3906980 1 0 0 1
+6 * 3906980
+6 * 3906980
+2 * 3906980 3906980
+7 * 3906980 3906980
+7 * 3906980 3906980
+9 * 3906980 3906980
+4 * 3906980
+2 * 3906980
+3 * 3906980
jcnd=3906980/3906980 0x66c8c * 
* * 
+50 +9 3906980 3906980 0 1 1 0 1 1
+5 * 3906980
fi=(315) /usr/src/debug/glibc/glibc/stdio-common/../string/bits/string_fortified.h
+3 59 3906980 0 3906980
fe=(311)
+11 381 3906980
+2 * 3906980
+6 -88 3906980 0 3906980 1 0 0 1
+10 +39 3906980
+3 -48 3906980
+3 -1 3906980
+3 -1 3906980 0 3906980
+10 +46 3906980 0 3906980
+11 -1 3906980 0 3906980
+11 -1 3906980 0 3906980
+11 -1 3906980 0 3906980 1 0 0 1
+11 -12 3906980 0 3906980
+11 -30 3906980 0 3906980
+7 * 3906980 0 3906980
+7 * 3906980 3906980
+7 419 3906980
+2 * 3906980
+6 +24 3906980 3906980
+4 * 3906980
+4 +1 3906980
+4 * 3906980
jcnd=3906980/3906980 0x665f0 206 
* * 
+96 -63 3906980 3906980 0 1 0 0 1
+4 * 3906980
+2 * 3906980
+2 3139 3906980 3906980
+7 * 3906980 3906980
+7 * 3906980
+3 * 3906980
jcnd=3906980/3906980 0x668e0 +10 
* * 
0x665f0 206 3906980 3906980 0 1 0 0 1
+7 +17 3906980 3906980
+7 489 3906980 3906980 0 1 0 0 1
+5 223 3906980
+3 -1 3906980
+5 * 3906980
+5 489 3906980
+3 * 3906980
+4 222 3906980
+4 * 3906980 0 3906980
+7 489 3906980
+4 * 3906980
fi=(312) /usr/src/debug/glibc/glibc/stdio-common/printf-parse.h
+6 55 3906980 3906980
+5 * 3906980
+4 +10 3906980
+6 -10 3906980
+3 * 3906980
+2 * 3906980 0 0 1 0 0 1
+3 * 3906980
+6 +7 3906980
+3 +2 3906980
+4 +1 3906980
+3 -1 3906980
+3 +1 3906980
+2 * 3906980
+3 * 3906980
+6 -10 3906980 3906980
+4 +13 3906980
+3 -13 3906980
+4 * 3906980
+3 * 3906980
+2 * 3906980
+3 * 3906980
jcnd=3906980/3906980 0x6721e * 
* * 
fe=(311)
+64 492 3906980 0 0 1 0 0 1
+2 * 3906980
+6 -12 3906980 0 3906980 1 0 0 1
+10 +53 3906980 3906980
+4 -35 3906980 0 3906980
+10 +31 3906980
+3 * 3906980
jcnd=3906980/3906980 +8 +1 
* * 
+8 +1 3906980
+4 +3 3906980
+4 * 3906980
+3 * 3906980
+3 * 3906980
+6 * 3906980
+7 * 3906980
+3 * 3906980 3906980 0 1 1 0 1 1
+4 * 3906980
+3 * 3906980
jump=3906980 0x6687a 660 
* * 
0x6687a 660 3906980 0 0 1 0 0 1
+3 * 3906980 0 0 1 0 0 1
+6 * 3906980
+4 +4 3906980
+3 +1 3906980
+3 * 3906980
+6 * 3906980
+4 * 3906980
+2 * 3906980
+6 * 3906980
+10 * 3906980 3906980 3906980 0 0 1
+4 * 3906980
+6 +20 3906980
+7 * 3906980
+3 * 3906980 3906980 0 1 1 0 1 1
+4 * 3906980
+3 * 3906980
jump=3906980 0x67f78 * 
* * 
+28 3149 3906980 3906980
+7 * 3906980 3906980
+2 * 3906980 0 3906980
+6 * 3906980
+6 * 3906980
+2 * 3906980 3906980
+7 * 3906980 3906980 0 1 0 0 1
+7 * 3906980 3906980
+3 * 3906980
+6 * 3906980
+2 * 3906980
jcnd=3906980/3906980 0x66c79 * 
* * 
+12 * 3906980
+3 * 3906980 0 3906980
cfi=(302)
cfn=(1090) __libc_cleanup_pop_restore
calls=3906980 0x925e0 54 
* * 39069800 19534900 3906980
fi=(313)
+5 85 3906980 3906980
+7 * 3906980
+3 * 3906980
jfi=(311)
jcnd=3906980/3906980 +8 3153 
* * 
fe=(311)
+8 3153 3906980 3906980
+7 * 3906980 0 0 1 0 0 1
+6 +17 3906980 3906980
+8 * 3906980
+6 +6 3906980 3906980
+4 * 3906980 3906980
+9 * 3906980
+6 * 3906980 3906980
+6 * 3906980
+4 * 3906980 3906980
+1 * 3906980 3906980
+2 * 3906980 3906980
+2 * 3906980 3906980
+2 * 3906980 3906980
+2 * 3906980 3906980
+1 * 3906980 3906980
0x66ae0 345 3906980 0 0 1 0 0 1
+3 * 3906980
jcnd=3906980/3906980 0x6638f +3 
* * 
0x66c79 3149 3906980 0 3906980 1 0 0 1
+8 * 3906980 0 3906980
+6 * 3906980
jump=3906980 0x6691c * 
* * 
+5 372 3906980 0 3906980 1 0 0 1
+6 * 3906980 0 3906980
+4 * 3906980
jump=3906980 0x66460 +9 
* * 
fi=(312)
0x6721e 55 3906980 0 0 1 0 0 1
+3 * 3906980
+3 * 3906980
jfi=(311)
jump=3906980 0x666b4 492 
* * 
fe=(311)
0x67f78 685 3906980 0 3906980 1 0 0 1
+7 +16 3906980 3906980 0 1 0 0 1
+6 * 3906980
+3 2593 3906980
+3 701 3906980
+4 2593 3906980
+4 * 3906980
jcnd=3906980/3906980 0x69941 +3 
* * 
0x6808c +5 3906980 3906980 0 1 0 0 1
+4 +6 3906980 0 3906980
+7 -6 3906980
jfi=(313)
jcnd=3906980/3906980 +13 131 
* * 
fi=(313)
+13 131 3906980
+7 * 3906980
+5 * 3906980
+5 * 3906980 0 3906980
+7 * 3906980 0 3906980 1 0 0 1
+7 * 3906980 0 3906980
+7 * 3906980 0 3906980
cfi=(314)
cfn=(1158)
calls=3906980 0xa8900 30 
* * 97674500 23441880 15627920 2 0 1 2
fe=(311)
+5 2626 3906980 3906980
+7 * 3906980 3906980
+7 * 3906980
+2 * 3906980 3906980
+7 * 3906980
fi=(315)
+6 59 3906980 3906980
+7 * 3906980
+4 * 3906980 0 3906980
+7 * 3906980 0 3906980 1 0 0 1
+11 * 3906980
+4 * 3906980
+3 * 3906980
+3 * 3906980
+2 * 3906980
+6 * 3906980
+3 * 3906980 0 3906980
jcnd=3906980/3906980 * * 
* * 
* * 121116380 0 117209400
jcnd=117209400/121116380 * * 
* * 
fe=(311)
+3 2634 3906980 3906980
+4 +1 3906980
+2 * 3906980
+6 * 3906980
+2 * 3906980
+6 +9 3906980
+4 * 3906980
+2 * 3906980
jcnd=3906980/3906980 +39 * 
* * 
+13 +10 15627920 15627920
+7 * 15627920 0 15627920
+4 -10 15627920 15627920
+3 * 15627920
+4 * 15627920
+2 * 15627920
-6 * 7813960
+4 * 7813960
+2 * 7813960
+6 * 27348860 0 0 1 0 0 1
+3 * 27348860
+2 * 27348860
jcnd=3906980/27348860 0x6973e +16 
* * 
+6 +1 23441880
+2 * 23441880
jcnd=15627920/23441880 -39 +9 
* * 
+2 * 7813960 7813960
+3 * 7813960
+3 * 7813960
+2 * 7813960
+4 * 7813960
+2 * 7813960 7813960 0 1 0 0 1
+4 * 7813960
+3 * 7813960
+2 +4 7813960
+3 * 7813960
+6 +1 195349000 195349000
+7 * 195349000 0 195349000
+4 -1 195349000 195349000
+3 * 195349000
+4 * 195349000
+2 * 195349000
jcnd=187535040/195349000 -20 +1 
* * 
+2 * 7813960
jump=7813960 -81 -5 
* * 
0x6973e +11 3906980 0 0 1 0 0 1
+3 * 3906980
jcnd=3906980/3906980 0x6a7ba 2891 
* * 
0x69941 -64 3906980 0 0 1 0 0 1
+3 * 3906980
+6 * 3906980 3906980
+7 * 3906980
jcnd=3906980/3906980 0x6b230 * 
* * 
0x6a7ba 2891 3906980 0 0 1 0 0 1
+4 * 3906980 0 0 1 0 0 1
+6 * 3906980 3906980
+4 * 3906980 3906980
+4 * 3906980
+6 * 3906980
+4 * 3906980 0 3906980
+4 * 3906980 3906980
+4 3011 3906980 3906980
+7 * 3906980
+3 * 3906980 3906980
+7 2891 3906980
+4 3011 3906980 3906980
+3 * 3906980
+6 +10 3906980 3906980 0 1 0 0 1
+6 * 3906980 0 3906980
+7 * 3906980
+3 * 3906980
+3 * 3906980 0 3906980
+7 * 3906980 3906980
+7 * 3906980
+3 * 3906980
+5 * 3906980 0 3906980
+6 * 3906980
jump=3906980 0x6a894 -3 
* * 
+35 +39 15881740 0 0 1 0 0 1
+2 * 15881740
+2 * 15881740
+3 * 15881740
+6 * 15881740 15881740
+4 * 15881740 15881740
+4 * 15881740
jcnd=4080/15881740 +77 * 
* * 
+2 * 15877660
+4 * 15877660 0 15877660
+4 * 15877660 15877660 0 0 247280 0 0 52
+4 -49 15877660 15877660
+7 * 15877660
+3 +49 15877660
+5 -49 15877660 15877660
+7 * 15877660 15877660
+4 * 15877660
jcnd=3905920/15877660 0x6b0bf +2 
* * 
-26 * 4080 4080
+7 * 4080
+3 +49 4080
+5 -49 4080 4080
+7 * 4080 4080
+4 * 4080
jcnd=1060/4080 0x6b0bf +2 
* * 
+6 * 11974760
+3 +7 11974760
+3 * 11974760
-3 * 3906980 0 0 1 0 0 1
+3 * 3906980
+2 +3 15881740 15881740
+6 -1 15881740 0 15881740
+4 * 15881740
+4 +1 15881740
+2 * 15881740
+2 -1 15881740
+3 * 15881740
jump=15881740 -96 +40 
* * 
+2 +40 4080
+3 * 4080 0 4080
cfi=(280)
cfn=(1112) __uflow
calls=4080 0x8ef30 325 
* * 771120 257040 159120 0 16301 8160
+5 * 4080
+3 * 4080
+3 * 4080
jcnd=4080/4080 -77 -49 
* * 
+45 +3 3906980 3906980 0 1 0 0 1
+7 * 3906980
+3 * 3906980
+6 +4 3906980
+3 * 3906980 0 0 1 0 0 1
+6 +40 3906980 3906980
+7 * 3906980 0 3906980
+3 * 3906980
+4 +2 3906980 3906980
+7 * 3906980
jcnd=3906980/3906980 +58 +8 
* * 
+58 +8 3906980 0 3906980 1 0 0 1
+7 * 3906980
+3 -10 3906980 0 3906980
+7 +8 3906980 0 3906980
+11 * 3906980
jump=3906980 0x66558 381 
* * 
0x6b0bf 3013 3906980 0 0 1 0 0 1
+4 * 3906980
+3 * 3906980
+3 * 3906980 0 3906980
+7 * 3906980 0 3906980
+7 * 3906980
+3 * 3906980 3906980
+7 * 3906980 0 3906980
cfi=(280)
cfn=(1144) _IO_sputbackc
calls=3906980 0x8f880 661 
* * 101581480 31255840 19534900
+5 +1 3906980 3906980
+7 * 3906980 3906980
+7 * 3906980
jump=3906980 0x6a8eb +49 
* * 
0x6b230 2596 3906980 3906980 0 1 0 0 1
+7 * 3906980
+3 * 3906980
+6 * 3906980 3906980 0 1 0 0 1
+6 * 3906980
+3 * 3906980
+6 * 3906980
+2 * 3906980
+3 * 3906980 3906980
+7 * 3906980 0 3906980
+6 * 3906980 3906980
+3 * 3906980 0 3906980
+7 * 3906980 3906980
+8 * 3906980
jcnd=3906980/3906980 0x6808c +2 
* * 

fl=(98) /usr/src/debug/glibc/glibc/debug/../sysdeps/x86_64/multiarch/memset_chk.c
fn=(332) __memset_chk
0x125f20 29 3 0 0 1 0 0 1
fi=(99) /usr/src/debug/glibc/glibc/debug/../sysdeps/x86_64/multiarch/ifunc-memset.h
+4 +32 3 3
+7 * 3
+7 * 3 3
+6 * 3
+3 * 3
+2 +3 3 3 0 1 0 0 1
+6 * 3
+6 * 3
+2 -12 3
+2 * 3
+6 +28 3
+3 * 3
+2 +2 3
+2 * 3
+6 +10 3
+3 * 3
jcnd=3/3 0x125ff0 +8 
* * 
fe=(98)
+73 -63 3 3 0 1 0 0 1
fi=(99)
+68 +71 3 0 0 1 0 0 1
+3 * 3
+2 -48 3
+7 +1 3
+2 * 3
jfi=(98)
jcnd=3/3 -82 -24 
* * 
fe=(98)

fl=(166) /usr/src/debug/glibc/glibc/time/../sysdeps/unix/sysv/linux/gettimeofday.c
fn=(554) gettimeofday
0xd6360 41 1 0 0 1 0 0 1
+4 * 1 1
+7 * 1
+7 * 1 1 0 0 1
+7 * 1
+3 * 1
+4 * 1 1 0 1 0 0 1

fl=(178)
fn=(594)
0x360c0 29 1 0 0 1 0 0 1
+4 +2 1 1 0 0 1
+7 * 1 1 0 0 1
+7 * 1 1
+4 * 1 1 0 0 1
+3 * 1 1 0 0 1
+4 * 1
+7 * 1 0 1
+4 +2 1 1 0 0 1
+4 * 1 1 0 0 1
+7 * 1
+7 * 1 0 1
+4 +2 1 1 0 1 0 0 1
+4 * 1 1
+7 * 1
+6 * 1 0 1
+4 +1 1 1

fl=(104) /usr/src/debug/glibc/glibc/wcsmbs/../sysdeps/x86_64/multiarch/wcslen.c
fn=(352) wcslen
0xc2c10 29 2 0 0 1 0 0 1
fi=(105) /usr/src/debug/glibc/glibc/wcsmbs/../sysdeps/x86_64/multiarch/ifunc-wcslen.h
+4 +12 2 2
+7 * 2 2
+6 -1 2
+2 * 2
+2 * 2
+5 * 2
jcnd=2/2 +38 +2 
* * 
+38 +2 2 2 0 1 0 0 1
+6 * 2
+6 * 2
+2 +3 2
+2 * 2
+2 +4 2
+7 * 2
+3 * 2
+2 +3 2
+6 * 2
+7 * 2
fe=(104)
+2 -23 2 2

fl=(108) /usr/src/debug/glibc/glibc/wcsmbs/../sysdeps/x86_64/multiarch/wcsnlen.c
fn=(360) wcsnlen
0xc3520 30 1
fi=(105)
+4 +11 1 1
+7 * 1 1
+6 -1 1
+2 * 1
+2 * 1
+5 * 1
jcnd=1/1 +38 +2 
* * 
+38 +2 1 1 0 1 0 0 1
+6 * 1
+6 * 1
+2 +3 1
+2 * 1
+2 +4 1
+7 * 1
+3 * 1
+2 +3 1 0 0 1 0 0 1
+6 * 1
+7 * 1
fe=(108)
+2 -22 1 1

fl=(339) /usr/src/debug/glibc/glibc/posix/../sysdeps/unix/sysv/linux/_exit.c
fn=(1424) _Exit
0xe3f00 27 1 0 0 1 0 0 1
+4 * 1 1
+7 +3 1
+5 * 1
jump=1 +9 * 
* * 

fl=(187) /usr/src/debug/glibc/glibc/csu/init-first.c
fn=(636) _init_first
0x271c0 46 1 0 0 1 0 0 1
+4 * 1 0 1
+1 * 1
+3 * 1 0 1
+1 * 1
+2 * 1
+4 +5 1 1
+7 * 1
+2 +4 1 1 0 0 1
+7 * 1 1 0 0 1 0 0 1
+3 * 1 1
+7 * 1 1
+4 * 1
+2 +8 1 1 0 0 1
+7 -2 1 0 1 0 0 1
+6 +10 1
+2 -9 1 0 1 1 0 0 1
+7 +1 1 0 1 0 0 1 0 0 1
+3 +9 1
+4 * 1 1
+1 * 1 1
+1 -1 1
cfi=(188) /usr/src/debug/glibc/glibc/misc/init-misc.c
cfn=(638) __init_misc
calls=1 0x119770 -41 
* * 50 11 6 5 2 1 5

fl=(204) /usr/src/debug/glibc/glibc/nptl/cleanup_compat.c
fn=(702) _pthread_cleanup_push@@GLIBC_2.34
0x91ef0 25 1 0 0 1 0 0 1
+4 +3 1 0 1
+3 +1 1 0 1
+4 +1 1 1 0 1 1 0 1
+9 * 1 0 1
+4 +2 1 0 1
+9 +1 1 1

fn=(710) _pthread_cleanup_pop@@GLIBC_2.34
0x91f20 40 1
+4 +3 1 1
+4 * 1 0 1
+9 +4 1
+2 * 1
jcnd=1/1 +21 +2 
* * 
+21 +2 1 1 0 1 0 0 1

fl=(116) /usr/src/debug/glibc/glibc/string/../sysdeps/x86_64/multiarch/strchr.c
fn=(382) index
0xabf00 65 2 0 0 1 0 0 1
+4 -22 2 2
+7 * 2 2
+6 +1 2 2
+6 -2 2
+2 * 2
+2 * 2
+5 * 2
jcnd=2/2 +32 +2 
* * 
+32 +2 2 0 0 1 0 0 1
+3 * 2
+2 +3 2
+2 * 2
+2 +4 2
+7 * 2
+3 * 2
+2 +3 2
+7 * 2
+3 * 2
+2 +11 2 2

fl=(254) /usr/src/debug/glibc/glibc/malloc/arena.c
fn=(878) ptmalloc_init.part.0
0xa2700 262 1 0 1 1 0 0 1
fi=(255) /usr/src/debug/glibc/glibc/malloc/../sysdeps/unix/sysv/linux/not-cancel.h
+1 100 1
+5 * 1
+5 * 1
fe=(254)
+7 262 1
+3 * 1 0 1
+2 * 1 0 1
+1 * 1
+4 * 1 1
+9 * 1 0 1
+4 * 1
+2 +5 1 0 1
fi=(255)
+7 100 1
+5 * 1
+2 * 1
fi=(253)
+4 3145 1 0 0 1 0 0 1
+4 * 1
jfi=(254)
jcnd=1/1 +80 292 
* * 
fe=(254)
+80 292 1 1 0 1 0 0 1
+7 * 1
jcnd=1/1 +9 +4 
* * 
+9 +4 1 1 0 0 1
+7 * 1
+7 * 1 0 1 0 0 1
fi=(253)
+4 1948 1
+4 * 1
+3 * 1 0 0 1 0 0 1
+7 * 1
+11 * 1
+11 * 1
+9 +3 1
+5 -3 1
+4 +3 1
+4 * 1 0 1 0 0 1 0 0 1
+3 -3 1
+3 * 1
jcnd=1/1 -19 +3 
* * 
-19 +3 126
+5 -3 126
+4 +3 126
+4 * 126 0 126 0 0 32 0 0 31
+3 -3 126
+3 * 126
jcnd=125/126 -19 +3 
* * 
+2 +11 1 0 1
fe=(254)
+7 300 1 0 0 1 0 0 1
+7 * 1
+3 * 1
fi=(253)
+5 1960 1 0 1 0 0 1 0 0 1
+10 +2 1 0 1
fe=(254)
+7 300 1 1 1 0 1
cob=(1)
cfi=(11)
cfn=(28)
calls=1 0x13590 438 
* * 23 4 1 0 2 0 0 1
+6 +1 1
+7 * 1
+3 * 1
+5 * 1 1 1
cob=(1)
cfi=(11)
cfn=(28)
calls=1 0x13590 438 
* * 24 4 1 0 1
+6 +1 1
+7 * 1 0 0 1 0 0 1
+3 * 1
+5 * 1 1 1
cob=(1)
cfi=(11)
cfn=(28)
calls=1 0x13590 438 
* * 23 4 1 0 2 0 0 1
+6 +1 1
+7 * 1
+3 * 1
+5 * 1 1 1
cob=(1)
cfi=(11)
cfn=(28)
calls=1 0x13590 438 
* * 23 4 1 0 2 0 0 1
+6 +1 1
+7 * 1
+3 * 1
+5 * 1 1 1
cob=(1)
cfi=(11)
cfn=(28)
calls=1 0x13590 438 
* * 24 4 1 0 2 0 0 1
+6 +1 1
+7 * 1
+3 * 1 0 0 1 0 0 1
+5 * 1 1 1
cob=(1)
cfi=(11)
cfn=(28)
calls=1 0x13590 438 
* * 23 4 1 0 2 0 0 1
+6 +1 1
+7 * 1
+3 * 1
+5 * 1 1 1
cob=(1)
cfi=(11)
cfn=(28)
calls=1 0x13590 438 
* * 23 4 1 0 2 0 0 1
+6 +2 1
+7 * 1
+3 * 1
+5 * 1 1 1
cob=(1)
cfi=(11)
cfn=(28)
calls=1 0x13590 438 
* * 23 4 1 0 2 0 0 2
+6 +1 1
+7 * 1
+3 * 1 0 0 1 0 0 1
+5 * 1 1 1
cob=(1)
cfi=(11)
cfn=(28)
calls=1 0x13590 438 
* * 23 4 1 0 2 0 0 2
+6 +1 1
+7 * 1
+3 * 1
+5 * 1 1 1
cob=(1)
cfi=(11)
cfn=(28)
calls=1 0x13590 438 
* * 23 4 1 0 2 0 0 2
+6 +3 1
+7 * 1
+3 * 1
+5 * 1 1 1
cob=(1)
cfi=(11)
cfn=(28)
calls=1 0x13590 438 
* * 23 4 1 0 2 0 0 2
+6 +1 1
+7 * 1
+3 * 1 0 0 1 0 0 1
+5 * 1 1 1
cob=(1)
cfi=(11)
cfn=(28)
calls=1 0x13590 438 
* * 23 4 1 0 2 0 0 2
+6 +2 1 1 0 0 1 0 0 1
+8 * 1
+2 +10 1 1
+4 * 1 1
+9 * 1
+2 * 1
+4 * 1 1
+1 * 1 1
+2 * 1 1
+1 * 1 1

fl=(280)
fn=(1066)
0x8f080 355 41 0 0 1 0 0 1
+4 * 41 0 41
+1 * 41
+3 * 41 0 41
+2 * 41
+3 * 41 0 41
+2 * 41
+3 * 41 0 41
+2 * 41
+3 * 41 0 41
+1 * 41
+3 +1 41 41
+4 * 41 41
+2 * 41
+3 * 41
jcnd=21/41 +6 +5 
* * 
+2 * 20
+2 * 20
jcnd=20/20 +40 +1 
* * 
+2 +5 41
+2 * 41
+3 -3 41 0 41
+4 +3 41
+3 * 41
+3 -2 41 0 41
+4 +2 41
+3 * 41 0 41
+2 +3 41 41
+1 * 41 41
+2 * 41 41
+2 * 41 41
+2 * 41 41
+1 * 41 41
+6 -7 20 20 20 0 20
cfi=(253)
cfn=(1220) free
calls=20 0xa68b0 3437 
* * 3440 900 640 5 161 0 5
+6 +4 20 20
+2 * 20
jump=20 -46 * 
* * 

fn=(1068) _IO_default_xsputn
0x8f210 397 1 0 0 1 0 0 1
+4 * 1 0 1
+1 * 1
+2 * 1
+3 * 1 0 1
+2 * 1 0 1
+2 * 1 0 1
+2 * 1 0 1
+2 * 1 0 1
+1 * 1
+4 * 1 0 1
+4 +3 1
+3 * 1
+6 * 1
+3 * 1
fi=(283)
+3 1036 1 0 0 1 0 0 1
fe=(280)
+7 399 1
+3 * 1
jump=1 +77 +6 
* * 
+24 +26 7
+3 * 7
jcnd=1/7 0x8f2cc -24 
* * 
+2 * 6 6
fi=(283)
+7 1036 6
+3 * 6
+3 +1 6
+7 * 6
fe=(280)
+2 425 6 6
+4 * 6
+4 * 6
+3 * 6 6 6
cfi=(279)
cfn=(994) _IO_file_overflow@@GLIBC_2.2.5
calls=6 0x8cfc0 733 
* * 390 103 65 2 2 1 2 0 1
+3 * 6
+3 * 6
+2 +2 6
+4 -2 6
+3 -20 6 6
+4 * 6 6
+4 * 6
+3 * 6
jcnd=6/6 -64 +20 
* * 
-11 * 1 1 0 1 0 0 1
+4 * 1 1
+4 * 1
+3 * 1
jcnd=1/1 -64 +20 
* * 
+48 -4 1 1 0 1 0 0 1
+4 +29 1
+4 * 1 1
+1 * 1 1
+2 * 1 1
+2 * 1 1
+2 * 1 1
+2 * 1 1
+1 * 1 1

fn=(1120) _IO_switch_to_get_mode
0x8ec90 190 5140 0 0 1 0 0 1
+4 * 5140 0 5140
+1 * 5140
+3 * 5140 0 5140
+2 * 5140 0 5140
+1 * 5140
+3 +1 5140 5140
+4 * 5140 5140
+4 * 5140
jcnd=5140/5140 +52 +3 
* * 
+52 +3 5140 5140 0 1 0 0 1
+2 * 5140
+3 * 5140
+2 +4 5140 5140
+4 * 5140 0 5140
+4 +1 5140 5140
+4 * 5140
jcnd=5140/5140 +6 +7 
* * 
+6 +7 5140
+3 -4 5140 0 5140
+4 +4 5140 0 5140
+2 -2 5140 0 5140
+4 * 5140 0 5140 1 0 0 1
+4 +3 5140
+2 +1 5140 5140
+1 * 5140 5140
+2 * 5140 5140
+1 * 5140 5140

fn=(1422) _IO_default_setbuf
0x8f450 478 1 0 0 1 0 0 1
+4 * 1 0 1
+1 * 1
+3 * 1 0 1
+2 * 1 0 1
+2 * 1
+3 * 1 0 1
+2 * 1
fi=(283)
+3 1036 1
fe=(280)
+7 478 1 0 1
+1 +1 1 1
+7 -1 1
fi=(283)
+3 1036 1
+3 * 1
+3 +1 1 0 0 1 0 0 1
+6 * 1
fe=(280)
+6 479 1
+3 * 1 1 1
cfi=(279)
cfn=(1334)
calls=1 0x8d1e0 794 
* * 21 8 4
+4 * 1
+3 * 1
+6 +4 1 1
+2 356 1 1
+4 488 1
+2 -7 1
+3 * 1
jcnd=1/1 +69 +2 
* * 
+25 358 1 0 1
+4 492 1
+4 363 1
+3 -4 1 0 1
+4 +4 1 0 1
+2 493 1
+3 -1 1 0 1
+4 * 1 0 1
+4 * 1 0 1
+4 +2 1 1
+1 * 1 1
+2 * 1 1
+2 * 1 1
+2 * 1 1
+1 * 1 1
+4 -11 1 0 0 1 0 0 1
+3 +1 1
+7 * 1
+7 -1 1 0 1
+2 356 1
+3 * 1
+2 * 1 0 0 1 0 0 1
+3 * 1
jcnd=1/1 -71 +2 
* * 

fn=(1210) __GI__IO_un_link.part.0
0x8e530 66 20 0 20 1 0 0 1
+1 +6 20
+7 -6 20
+3 * 20 0 20
+2 * 20 0 20
+2 +6 20 0 0 1 0 0 1
+4 -6 20 0 20
+1 * 20
+4 * 20 20
+9 * 20 0 20
+4 * 20
+3 +6 20
+3 * 20 0 20
+4 * 20 0 20
+8 * 20 0 20
cfi=(302)
cfn=(1088)
calls=20 0x92590 -48 
* * 260 80 60
+5 +1 20 20
+7 * 20 20
+9 * 20 20 0 1 20 0 1
+7 * 20
+2 * 20
+3 * 20
jcnd=20/20 0x8e778 * 
* * 
+43 +2 20 20
+2 -1 20 0 20
+7 +1 20
+3 * 20 0 0 1 0 0 1
+6 * 20 20
+7 * 20 20
+7 * 20 20
+9 * 20 20
+4 * 20
+2 * 20
+2 * 20
+3 * 20
jcnd=20/20 0x8e7d0 +2 
* * 
+60 +6 20 20 0 1 0 0 1
+7 +1 20 20
+4 +1 20 0 20
+3 +1 20
+3 * 20
+2 +1 20 0 20 0 0 20
+7 +11 20 20
+2 * 20 0 0 1 0 0 1
+2 * 20
+3 * 20 0 20
+2 +2 20
+2 * 20
+3 * 20
+6 * 20 20
+7 * 20 20
+3 * 20
+2 * 20
+6 * 20
+2 * 20
+6 * 20 0 20
+8 +2 20 20
+6 -2 20 0 20
+6 +1 20 0 20 1 0 0 1
+11 +1 20
+2 * 20
+6 * 20 0 20
+11 * 20 0 20
+10 * 20
jump=20 0x8e71f +1 
* * 
0x8e71f +1 20 0 0 1 0 0 1
+3 * 20 0 20
cfi=(302)
cfn=(1090)
calls=20 0x925e0 -47 
* * 200 100 20
+5 +3 20 20
+4 * 20 20
+9 * 20
+6 * 20
+4 * 20 20
+1 * 20 20
+2 * 20 20
+2 * 20 20
+1 * 20 20
+52 -31 20 0 20 1 0 0 1
+10 * 20 0 20
+7 * 20
jump=20 0x8e5b3 +2 
* * 
+71 +4 20 20 0 1 20 0 1
+8 -2 20 0 20
+6 * 20 0 20
+4 +2 20
jcnd=20/20 0x8e623 +4 
* * 

fn=(996) _IO_doallocbuf
0x8f0e0 369 22 0 0 1 0 0 1
+4 +1 22 22
+5 * 22
jcnd=22/22 +7 -1 
* * 
+7 -1 22 0 22
+1 * 22
+3 * 22 0 22
+2 * 22 0 22
+2 * 22 0 22
+1 * 22
+3 * 22
+4 +3 22 22 0 1 0 0 1
+2 * 22
+2 * 22
jcnd=21/22 +12 +1 
* * 
+2 * 1 1
+6 * 1
+2 * 1
jcnd=1/1 +98 +3 
* * 
+2 +1 21 21
fi=(283)
+7 1036 21
+7 * 21
+3 * 21
+3 +1 21
+6 * 21
fe=(280)
+2 373 21
+3 * 21 21 21 0 1
cfi=(298)
cfn=(1060)
calls=21 0x7f890 78 
* * 5062 1190 704 10 26 4 10 0 2
+5 * 21
+3 * 21
jcnd=21/21 +44 +3 
* * 
+31 -10 1
+3 -5 1 0 1
+4 +1 1 0 1
+4 +4 1 0 1
+2 +13 1
+4 * 1 1
+1 * 1 1
+2 * 1 1
+2 * 1 1
+1 * 1 1
-10 * 21
+4 * 21 21
+1 * 21 21
+2 * 21 21
+2 * 21 21
+1 * 21 21
+3 -1 1 0 0 1 0 0 1
+7 * 1
+7 -19 1
jump=1 -40 +7 
* * 

fn=(1208) _IO_un_link
0x8e870 67 40 0 0 1 0 0 1
+4 +1 40 40
+3 * 40
jcnd=20/40 +9 +36 
* * 
+2 +36 20 20
+7 * 20
cfn=(1210)
calls=20 0x8e530 -38 
* * 2040 640 520 10 40 20 10

fn=(1416) _IO_flush_all
0x8f9b0 712 1 0 0 1 0 0 1
+4 * 1 0 1
+1 * 1
+3 * 1 0 1
+2 * 1 0 1
+2 +5 1
+4 -5 1 0 1 1 0 0 1
+2 +5 1
+3 -5 1 0 1
+2 * 1 0 1
+1 * 1
+4 * 1 1
+9 * 1 0 1
+4 * 1
+2 +5 1
+7 * 1 0 1
+8 * 1 0 1
+4 * 1 0 1
cfi=(302)
cfn=(1088)
calls=1 0x92590 24 
* * 13 4 3
+5 +1 1 1
+7 * 1 1 0 1 0 0 1
+9 * 1 1 0 0 1
+7 * 1
+2 * 1
+3 * 1
jcnd=1/1 0x8fca8 * 
* * 
+59 -5 1 0 0 1 0 0 1
fi=(283)
+3 1036 1
+7 * 1
jfi=(280)
jump=1 0x8faf8 723 
* * 
fe=(280)
+78 734 3 3 0 1 0 0 1
+4 * 3
+2 * 3 3
+7 * 3 3
+7 * 3 3
+3 * 3
+6 * 3
+2 * 3
+6 * 3 0 3
+8 * 3 0 3
+6 * 3
+11 +1 3 0 3
+11 -14 3 3 0 0 1
+4 * 3
+3 * 3
jcnd=1/3 0x8fbe0 +18 
* * 
+6 +2 3 0 3 1 0 0 1
+7 +1 3 3 0 1 1 0 1
+4 * 3
+2 * 3 3 0 0 1
+7 * 3 3
+7 * 3 3
+9 * 3 3
+4 * 3
+2 * 3
+3 * 3
jcnd=3/3 0x8fc38 * 
* * 
+43 +2 3 3 0 1 1 0 1
+6 * 3
+2 * 3
+6 * 3 3 0 0 1 0 0 1
+4 * 3 3
+4 * 3
+6 * 3
jump=3 0x8faa2 +8 
* * 
0x8fbe0 +13 1 1 0 1 0 0 1
+7 * 1
+2 * 1 1
+6 * 1
+2 * 1
+2 * 1 0 1
+11 * 1 0 1
+10 +1 1
+3 * 1 0 1
cfi=(302)
cfn=(1090)
calls=1 0x925e0 54 
* * 10 5 1
+5 +4 1 1
+4 * 1 1
+9 * 1
+6 * 1
+4 * 1
+3 * 1 1
+1 * 1 1
+2 * 1 1
+2 * 1 1
+2 * 1 1
+2 * 1 1
+1 * 1 1
+4 -20 3 0 3 1 0 0 1
+6 * 3 0 3 1 0 0 1
+4 * 3
jump=3 0x8fb50 +2 
* * 
0x8fca8 -6 1 0 1 1 0 0 1
+7 +3 1 1
+7 -8 1
+3 +5 1 0 1 1 0 0 1
+10 +3 1
+3 * 1
jcnd=1/1 0x8fa4a -8 
* * 

fn=(1080) _IO_no_init
0x8f6f0 589 20 0 0 1 0 0 1
+4 * 20 0 20
+1 * 20
+3 * 20 0 20
+2 * 20
+3 * 20 0 20
+2 * 20 0 0 1 0 0 1
+3 * 20 0 20
+2 * 20
+3 * 20 0 20
+1 * 20
+3 +1 20 0 20
cfn=(1082) _IO_old_init
calls=20 0x8f680 -33 
* * 520 60 260 1 1 2 1 1 2
+6 +1 20 0 20
+8 +1 20
+3 * 20
+2 +2 20 0 20
+8 +4 20
+4 +7 20 0 20 0 0 20 0 0 1
+8 +2 20 0 20
+7 -9 20 0 20 0 0 20 0 0 1
+3 * 20 0 20
+4 * 20 0 20 1 0 0 1
+4 * 20 0 20
+4 * 20 0 20
+4 +15 20 0 20
+12 +1 20 20
+1 * 20 20
+2 * 20 20
+2 * 20 20
+2 * 20 20
+1 * 20 20

fn=(1086) _IO_link_in
0x8e890 109 40 0 0 1 0 0 1
+4 * 40 0 40
+1 * 40
+3 * 40 0 40
+2 * 40 0 40
+2 * 40 0 40
+1 * 40
+4 +1 40 40
+9 * 40 0 40
+4 * 40 40
+2 * 40
+2 * 40
jcnd=20/40 +38 +2 
* * 
+2 +24 40 40
+4 * 40 40
+9 * 40
+6 * 40
+4 * 40 40
+1 * 40 40
+2 * 40 40
+2 * 40 40
+1 * 40 40
+7 -22 20 0 0 1 0 0 1
+2 +2 20
+4 * 20
+3 * 20 0 20
+8 -2 20 0 20
+2 +2 20
+7 * 20
+3 * 20 0 20
+4 * 20 0 20
cfi=(302)
cfn=(1088)
calls=20 0x92590 -90 
* * 260 80 60 2 1 0 2
+5 +1 20 20 0 1 0 0 1
+7 * 20 20
+9 * 20 20
+7 * 20
+2 * 20
+2 * 20
+3 * 20
jcnd=20/20 0x8eb08 * 
* * 
0x8e9e7 +13 20 20 0 1 0 0 1
+3 * 20
+2 * 20
+6 * 20
+2 * 20
+6 * 20 0 20 1 0 0 1
+8 +2 20 20
+6 -2 20 0 20
+6 +1 20 0 20
+11 +1 20
+2 * 20
+6 * 20 0 20
+11 * 20 0 20
+10 * 20
jump=20 0x8eabf +1 
* * 
0x8eabf +1 20 0 0 1 0 0 1
+3 * 20 0 20
cfi=(302)
cfn=(1090)
calls=20 0x925e0 -77 
* * 200 100 20 1 0 0 1
+5 +3 20
jump=20 0x8e8b4 * 
* * 
+65 -19 20 0 20 1 0 0 1
+10 * 20 0 20
+7 +1 20 0 20
+7 +1 20 20
+4 * 20
+6 * 20 20
+9 * 20 20
+7 * 20 20
+4 * 20 0 0 1 0 0 1
+3 * 20
+6 * 20 0 20
+6 * 20 0 20
+4 * 20
jump=20 +11 +2 
* * 
+11 +2 20 20 0 0 1
+7 +3 20
+7 * 20 0 20
+7 -3 20 0 20
+4 +4 20
+3 * 20
+2 +1 20
+4 +2 20 0 20 1 0 0 1
+7 -2 20 0 20 0 0 1
+7 +4 20
jump=20 0x8e9e7 * 
* * 

fn=(1112)
0x8ef30 325 5140 0 0 1 0 0 1
+4 * 5140 0 5140
+1 * 5140
+3 * 5140 0 5140
+2 * 5140 0 5140
+1 +1 5140 5140 0 1 0 0 1
+6 -1 5140
+3 +1 5140
+2 * 5140
jcnd=5120/5140 0x8efc0 * 
* * 
+2 * 20 0 20
+10 +5 20 20
+4 * 20
-4 * 5120 5120
+4 * 5120
+6 +3 5140 5140
+4 * 5140 5140
+4 * 5140
+6 +2 5140 5140
+4 * 5140
+6 +6 5140 5140 0 0 5101
+5 * 5140
jcnd=5140/5140 +87 +5 
* * 
+18 +7 5140 5140 0 1 0 0 1
fi=(283)
+7 1036 5140
+7 * 5140
+3 * 5140
+3 +1 5140
+6 * 5140
fe=(280)
+6 349 5140 5140 0 0 5120
+5 * 5140
+3 +1 5140 5140
+1 * 5140 5140
+2 * 5140 5140
+1 -1 5140
cfn=(1114) _IO_default_uflow
calls=5140 0x8f1b0 +38 
* * 802185 263411 185829 16 10203 8162 16 0 1
+9 -23 5120
+3 * 5120
jcnd=5120/5120 0x8ef52 +5 
* * 
+13 +21 5140 5140 0 1 0 0 1
+5 * 5140
jcnd=5140/5140 -74 +2 
* * 

fn=(1114)
0x8f1b0 387 5140 0 0 1 0 0 1
+4 * 5140 0 5140
fi=(283)
+1 1036 5140
fe=(280)
+7 387 5140
+3 * 5140 0 5140 1 0 0 1
+2 * 5140 0 5140
+1 +1 5140 5140
+7 -1 5140
fi=(283)
+3 1036 5140
+3 * 5140
+3 +1 5140
+6 * 5140
fe=(280)
+2 388 5140
+3 * 5140 5140 5140
cfi=(279)
cfn=(1116) _IO_file_underflow@@GLIBC_2.2.5
calls=5140 0x8cb70 +75 
* * 678905 222331 160149 14 10203 8162 14 0 1
+5 +1 5140
+3 * 5140
jcnd=20/5140 +17 +3 
* * 
+2 +2 5120 5120
+4 * 5120
+4 * 5120 0 5120
+4 * 5120 5120
+3 +1 5120 5120
+1 * 5120 5120
+2 * 5120 5120
+1 * 5120 5120
-4 * 20 20
+1 * 20 20
+2 * 20 20
+1 * 20 20

fn=(1144)
0x8f880 661 7813960 0 0 1 0 0 1
+4 * 7813960 0 7813960
+1 * 7813960
+3 * 7813960 0 7813960
+2 * 7813960 0 7813960
+1 * 7813960
+3 * 7813960
+4 +3 7813960 7813960
+4 * 7813960 7813960
+4 * 7813960
+2 * 7813960 7813960
+2 * 7813960
+3 * 7813960
jcnd=7813960/7813960 +63 +1 
* * 
+45 +10 7813960
+3 * 7813960 0 7813960
+2 +3 7813960
+4 * 7813960 7813960
+1 * 7813960 7813960
+2 * 7813960 7813960
+1 * 7813960 7813960
+5 -12 7813960 7813960 0 1 0 0 1
+4 * 7813960
+2 +2 7813960
+4 * 7813960 0 7813960
+4 +1 7813960
+4 +5 7813960
jump=7813960 -36 +1 
* * 

fn=(1228) _IO_default_finish
0x8f7e0 627 20 0 0 1 0 0 1
+4 * 20 0 20
+1 * 20
+3 * 20 0 20
+1 * 20
+3 * 20
+4 +2 20 20
+4 * 20
+3 * 20
jcnd=20/20 +7 +6 
* * 
+7 +6 20 20 0 1 0 0 1
+4 * 20
+3 * 20
jcnd=20/20 +27 +3 
* * 
+27 +3 20 20
+4 * 20
+3 * 20
jcnd=20/20 +25 68 
* * 
+25 68 20 20 0 1 0 0 1
+3 * 20
+2 650 20 20
+4 * 20 20
+1 * 20 20

fn=(1082)
0x8f680 557 20 0 0 1 0 0 1
+4 +3 20 20 0 0 1 0 0 1
+6 * 20
+2 +5 20
+4 * 20 0 20
+4 -7 20
+6 +12 20 0 20 0 0 1 0 0 1
+8 -10 20
+2 -2 20 0 20
+2 +2 20
+3 +16 20
+2 -11 20 0 20
+4 -5 20
+3 +16 20 0 20
+7 * 20 0 20
+4 +5 20 20
+7 -16 20 0 20
+4 * 20 0 20
+4 * 20 0 20
+4 * 20 0 20
+4 * 20 0 20
+4 +16 20
+3 * 20
+2 +1 20 0 20 0 0 1 0 0 1
+7 * 20 0 20
+8 +2 20 20

fn=(1214) _IO_unsave_markers
0x905e0 969 20 0 0 1 0 0 1
+4 * 20 0 20
+1 * 20
+3 * 20 0 20
+1 * 20
+3 * 20
+4 +2 20 20
+5 * 20
jcnd=20/20 +10 +5 
* * 
+10 +5 20 20 0 1 0 0 1
+5 * 20
jcnd=20/20 +43 +2 
* * 
+43 +2 20 20
+4 * 20 20
+1 * 20 20

fn=(1414) _IO_cleanup
0x90080 874 1 0 0 1 0 0 1
+4 * 1 0 1
+1 * 1
+3 * 1 0 1
+2 * 1 0 1
+2 * 1 0 1
+2 -72 1
+4 +72 1 0 1
+2 * 1 0 1
+1 * 1
+4 * 1 1
+9 * 1 0 1
+4 * 1
+2 +1 1 0 1
cfn=(1416)
calls=1 0x8f9b0 712 
* * 182 64 37 13 6 0 13 1
+5 -73 1
+3 * 1 0 1
+8 +73 1
+3 -73 1 0 0 1 0 0 1
+7 * 1 0 1
+4 * 1 0 1
cfi=(302)
cfn=(1088)
calls=1 0x92590 24 
* * 13 4 3
+5 +1 1 1
+7 * 1 1
+9 * 1 1
+7 * 1
+2 * 1
+3 * 1
jcnd=1/1 0x90408 * 
* * 
fi=(283)
+59 1036 1 0 0 1 0 0 1
+7 * 1
jfi=(280)
jump=1 0x901a8 810 
* * 
fe=(280)
+15 824 3 3
+2 * 3
+2 * 3
jcnd=1/3 +16 +22 
* * 
+2 +2 2 2
+6 * 2
+2 * 2
jcnd=1/2 0x9025e +2 
* * 
+6 +20 3 0 3 1 0 0 1
+10 +2 3
+3 * 3
+2 * 3 3
+7 * 3 3
+7 * 3 3
+3 * 3
+6 * 3
+2 * 3
+6 * 3 0 3
+8 * 3 0 3
+6 * 3
+8 +1 3 0 3
+11 -43 3 3
+4 * 3
+3 * 3
jcnd=1/3 0x90340 +47 
* * 
+6 +4 3 0 3 1 0 0 1
+7 +1 3 3
+4 * 3
+2 * 3 3
+7 * 3 3 0 1 0 0 1
+7 * 3 3
+9 * 3 3
+4 * 3
+2 * 3
+3 * 3
jcnd=3/3 0x90398 * 
* * 
+43 +8 3 3 0 1 0 0 1
+5 * 3
jcnd=3/3 +47 +2 
* * 
+47 +2 3 3
+6 * 3
+2 * 3 0 0 1 0 0 1
jcnd=3/3 0x90138 +3 
* * 
+34 +7 1 1
+7 * 1
+2 * 1
+2 * 1
+2 +4 1 1
+8 -2 1
+3 +3 1 0 1
+7 -3 1 0 1
+2 +2 1 1 0 1 0 0 1
+4 * 1 0 1
+7 +5 1 1
fi=(283)
+7 1036 1
+3 * 1
+3 +1 1
+6 * 1
fe=(280)
+6 837 1
+2 * 1
+2 * 1
+3 * 1 1 1
cfi=(279)
cfn=(1420) _IO_file_setbuf@@GLIBC_2.2.5
calls=1 0x8ca70 383 
* * 87 22 23 6 0 0 6
+4 +2 1 1
+6 * 1
+2 * 1
+2 +9 1 1
+2 * 1
jump=1 0x9014c -2 
* * 
0x90340 +5 1 1 0 1 0 0 1
+7 * 1
+2 * 1 1
+6 * 1
+2 * 1
+2 * 1 0 1
+11 * 1 0 1
+10 +1 1
+3 * 1 0 1
cfi=(302)
cfn=(1090)
calls=1 0x925e0 54 
* * 10 5 1
+5 +33 1 1
+4 * 1 1
+9 * 1
+6 * 1
+4 * 1
+3 * 1 1
+1 * 1 1
+2 * 1 1
+2 * 1 1
+2 * 1 1
+2 * 1 1
+1 * 1 1
+4 -76 3 0 3 1 0 0 1
+6 * 3 0 3
+4 * 3
jump=3 0x90200 +8 
* * 
0x90408 -8 1 0 1 1 0 0 1
+7 +3 1 1
+7 -3 1 0 1
+10 +3 1
+3 * 1
jfi=(283)
jcnd=1/1 0x90122 1036 
* * 

fl=(310) /usr/src/debug/glibc/glibc/stdio-common/isoc23_fscanf.c
fn=(1150) __isoc23_fscanf
0x596a0 25 3906980 0 0 1 0 0 1
+4 * 3906980 0 3906980
+1 * 3906980
+3 * 3906980
+7 * 3906980 0 3906980
+7 * 3906980 0 3906980
+7 * 3906980 0 3906980 1 0 0 1
+7 * 3906980 0 3906980
+7 * 3906980
+2 * 3906980
jcnd=3906980/3906980 +34 * 
* * 
+34 * 3906980 3906980
+9 * 3906980 0 3906980
+7 * 3906980 0 0 1 0 0 1
+2 +4 3906980
+4 +1 3906980
+7 * 3906980
+5 -1 3906980 0 3906980
+7 * 3906980
+7 * 3906980 0 3906980
+10 * 3906980 0 3906980
+10 * 3906980 0 3906980
+7 +1 3906980 0 3906980
cfi=(311)
cfn=(1152)
calls=3906980 0x662f0 278 
* * 3551009460 955332820 660946380 47 263589 8165 47 56
+5 +5 3906980 3906980 0 1 0 0 1
+7 * 3906980 3906980
+9 * 3906980
+2 * 3906980 3906980
+1 * 3906980 3906980

fl=(103) /usr/src/debug/glibc/glibc/debug/../sysdeps/x86_64/multiarch/mempcpy_chk.c
fn=(348) __mempcpy_chk
0x125e00 29 1 0 0 1 0 0 1
fi=(91) /usr/src/debug/glibc/glibc/debug/../sysdeps/x86_64/multiarch/ifunc-memmove.h
+4 +28 1 1
+7 * 1
+7 * 1 1
+6 -1 1
+3 * 1
+2 +4 1 1
+6 * 1
+6 * 1
+2 +14 1
+3 * 1
+2 +3 1
+2 * 1
+6 +8 1
+6 * 1
jcnd=1/1 +34 +8 
* * 
+34 +8 1 0 0 1 0 0 1
+3 * 1
jcnd=1/1 0x125ef8 +3 
* * 
0x125ef8 +3 1 0 0 1 0 0 1
+6 * 1
+7 * 1
+7 * 1
+4 * 1 1
fe=(103)

fl=(111) /usr/src/debug/glibc/glibc/string/../sysdeps/x86_64/multiarch/strpbrk.c
fn=(368) strpbrk
0xae0a0 29 1 0 0 1 0 0 1
fi=(341)
+4 +7 1 1
+7 * 1
+7 * 1 1
+7 * 1
+7 * 1 0 0 1 0 0 1
fe=(111)
+4 -7 1 1

fl=(289) /usr/src/debug/glibc/glibc/stdio-common/printf.c
fn=(1032) printf
0x59e00 28 20 0 0 1 0 0 1
+4 * 20 0 20
+1 * 20
+3 * 20
+7 * 20 0 20
+7 * 20 0 20
+7 * 20 0 20
+7 * 20 0 20
+7 * 20 0 20
+7 * 20
+2 * 20
jcnd=20/20 +34 * 
* * 
+34 * 20 20 0 1 0 0 1
+9 * 20 0 20
+7 * 20
+2 +4 20
+4 +1 20
+7 * 20
+2 -1 20 0 20
+7 +1 20
+3 -1 20 0 0 1 0 0 1
+7 * 20 0 20
+7 +1 20 20 0 0 20
+7 -1 20 0 20
+10 * 20 0 20
+10 +1 20 20 0 0 20
+3 * 20
+3 * 20 0 20
cfi=(290) /usr/src/debug/glibc/glibc/stdio-common/vfprintf-internal.c
cfn=(1034) __vfprintf_internal
calls=20 0x65f90 1522 
* * 18606 4287 2996 74 191 191 74 7 2
+5 +4 20 20
+7 * 20 20 0 1 0 0 1
+9 * 20
+2 * 20 20
+1 * 20 20

fl=(251) /usr/src/debug/glibc/glibc/string/../sysdeps/x86_64/multiarch/strcmp-avx2.S
fn=(870) __strncmp_avx2
0x170120 206 15 0 0 1 0 0 1
+4 +24 15
+4 +5 15
+2 +14 15
+5 +25 15
+2 +1 15
+2 +1 15
+3 +2 15
+5 +1 15 0 0 1 0 0 1
jcnd=2/15 0x1704e4 957 
* * 
+6 +4 15 15
+4 +4 15 15 0 0 10 0 0 2
+4 +2 15
+4 +2 15
+4 +3 15
+4 +2 15
+4 +1 15
jcnd=15/15 +25 +34 
* * 
+7 +11 15
+4 +10 15 15
+4 +1 15 15
+4 +3 15
+2 +4 15
+3 * 15 15
+1 +5 15
+2 +1 15
+5 +1 15
jcnd=15/15 -25 -25 
* * 
0x1704e4 957 2 0 0 1 0 0 1
+2 +1 2
+2 +1 2
+5 +1 2
+6 +2 2
+3 +3 2
+2 +1 2
jcnd=2/2 0x1705a6 1076 
* * 
0x1705a6 1076 2 0 0 1 0 0 1
+6 +1 2
jcnd=2/2 0x170141 283 
* * 

fl=(125) /usr/src/debug/glibc/glibc/string/../sysdeps/x86_64/multiarch/strcspn.c
fn=(406) strcspn
0xad280 29 1 0 0 1 0 0 1
fi=(341)
+4 +7 1 1
+7 * 1
+7 * 1 1
+7 * 1
+7 * 1
fe=(125)
+4 -7 1 1

fl=(126) /usr/src/debug/glibc/glibc/wcsmbs/../sysdeps/x86_64/multiarch/wcscpy.c
fn=(408) wcscpy
0xc29e0 60 1 0 0 1 0 0 1
+4 -17 1 1
+7 * 1 1
+6 -1 1
+2 * 1
+2 * 1
+5 * 1
jcnd=1/1 +38 +2 
* * 
+38 +2 1 1 0 1 0 0 1
+6 * 1
+6 * 1
+2 +2 1
+2 * 1
+2 +4 1
+6 * 1
+7 * 1 0 0 1 0 0 1
+2 +10 1 1

fl=(300)
fn=(1070)
0x5a2b0 25 20 0 0 1 0 0 1
+4 +1 20 20
+3 * 20
+2 * 20
+2 +5 20 20
+4 * 20 20 0 1 0 0 1
+3 +2 20
+2 * 20
+3 * 20 20
+4 * 20
+2 * 20
+3 * 20
+2 * 20
+3 * 20
+3 * 20
+2 * 20
+2 * 20
+2 +7 20 20

fl=(271) /usr/src/debug/glibc/glibc/csu/../sysdeps/nptl/libc_start_call_main.h
fn=(968) (below main)
0x27410 29 1 0 1 1 0 0 1
+1 * 1
+3 * 1
+7 * 1 0 1
+4 * 1 0 1
+3 * 1 0 1
+7 +15 1 1
+9 * 1 0 1
+4 * 1
+4 * 1 0 1
cfi=(272) /usr/src/debug/glibc/glibc/setjmp/../sysdeps/x86_64/bsd-_setjmp.S
cfn=(970) _setjmp
calls=1 0x3d8d0 -16 
* * 38 8 11 4 1 0 4
+5 * 1 0 0 1 0 0 1
+4 +2 1
+2 * 1
+2 +5 1 1 0 0 1
+9 * 1 0 1
+4 +1 1 1
+9 * 1 0 1
+4 +3 1
+4 * 1 0 1
+9 +3 1 1
+7 * 1 1
+7 * 1 1
+3 * 1 1 0 1 0 0 1
+3 * 1 1
+4 * 1 0 1
cob=(8) /home/frukt71/Github/HASH_TABLE/hash_table/build/hash_table
cfi=(275) /home/frukt71/Github/HASH_TABLE/hash_table/src/main.cpp
cfn=(976) main
calls=1 0x4013d0 -47 
* * 4685812397 1303335333 860758570 423 9848434 583536 410 108 27908
+2 +16 1
+2 * 1 0 1
cfi=(321) /usr/src/debug/glibc/glibc/stdlib/exit.c
cfn=(1240) exit
calls=1 0x40450 +73 
* * 4390 1394 754 153 137 22 133 2 2

fl=(136) /usr/src/debug/glibc/glibc/string/../sysdeps/x86_64/multiarch/memchr.c
fn=(442) memchr
0xaa320 29 2 0 0 1 0 0 1
fi=(137) /usr/src/debug/glibc/glibc/string/../sysdeps/x86_64/multiarch/ifunc-evex.h
+4 +9 2 2
+7 * 2
+7 * 2 2
+6 -1 2
+2 * 2
+2 * 2 0 0 1 0 0 1
+6 * 2
jcnd=2/2 +6 +2 
* * 
+6 +2 2 2
+6 * 2
+3 * 2
+2 +6 2
+2 * 2
+6 -3 2
+2 * 2
+2 +9 2
+7 * 2
+2 * 2
+2 +3 2
+3 * 2
+7 * 2
+7 * 2
fe=(136)
+4 -25 2 2

fl=(253)
fn=(874)
0xa6190 3385 42 0 0 1 0 0 1
+4 * 42 0 42
+1 * 42
+3 * 42 0 42
+2 * 42 0 42
+2 * 42 0 42
+1 * 42
+3 * 42
+4 +7 42 42 0 0 1 0 0 1
+7 * 42
jfi=(254)
jcnd=1/42 0xa6328 264 
* * 
+6 1328 41
+3 * 41
+6 +19 42
+4 * 42 0 0 1 0 0 1
+3 * 42
+4 * 42
+2 * 42
+4 3359 42
+4 * 42
+4 +2 42 42 0 0 1
+7 * 42 42
+5 * 42
+3 * 42
jcnd=1/42 +86 -48 
* * 
+2 3215 41 41
+7 * 41
jcnd=20/41 0xa6260 3404 
* * 
+2 +2 21 21 0 0 2
+5 * 21
+3 * 21
jcnd=2/21 0xa6260 3404 
* * 
+2 -37 19
+5 * 19 19
+4 +4 19
+2 * 19
+6 +4 19
+3 +4 19
+3 -4 19
+4 * 19 19
+3 * 19 0 19
+4 +4 19 0 19
+5 +1 19 0 19
+8 3432 19
+4 * 19 19
+1 * 19 19
+2 * 19 19
+2 * 19 19
+1 * 19 19
-10 * 23
+4 * 23 23
+1 * 23 23
+2 * 23 23
+2 * 23 23
+1 * 23 23
+8 3313 1 1 0 1 0 0 1
+7 * 1 1 0 1 0 0 1
+4 * 1
+2 * 1 0 1
cfn=(884) tcache_init.part.0
calls=1 0xa5840 -6 
* * 497 89 140 47 3 11 47 2 11
+5 -98 1 1
+7 * 1
jcnd=1/1 +15 3404 
* * 
+15 3404 23 23
+7 * 23
jcnd=23/23 0xa63b0 +2 
* * 
fi=(254)
0xa6328 264 1 0 1 1 0 0 1
cfn=(878)
calls=1 0xa2700 -2 
* * 1129 70 160 9 26 35 9 17 33
fe=(253)
+5 1328 1
+3 * 1
jcnd=1/1 0xa61ba +19 
* * 
0xa63b0 3406 23 0 0 1 0 0 1
+3 * 23
+7 * 23
+3 * 23 0 23 1 0 0 1
cfn=(886) _int_malloc
calls=23 0xa4850 1328 
* * 2532 497 288 4 5 5 4 0 4
+5 +1 23
+3 * 23
+6 * 23 23
+4 * 23
+3 * 23
fi=(254)
+6 153 23
+3 * 23
jfi=(253)
jcnd=23/23 0xa6226 3432 
* * 
fe=(253)

fn=(1194) _int_free_create_chunk
0xa25e0 4755 1139 0 1139 1 0 0 1
+1 * 1139
+3 * 1139
+3 * 1139 0 1139
+2 * 1139
+3 * 1139 0 1139
+2 * 1139
+3 * 1139 0 1139
+1 * 1139
+3 * 1139
+4 +1 1139 1139
+4 * 1139 0 0 1 0 0 1
jcnd=1/1139 0xa26c0 +57 
* * 
+6 +6 1138 1138 0 0 1116
+6 * 1138
jcnd=1/1138 +87 +1 
* * 
+2 +4 1137 0 1137
+5 +4 1137
+6 * 1137
+2 +9 1138 1138
+4 -1 1138
+4 +2 1138 1138 0 0 1
+4 * 1138
+6 +2 1138
+4 * 1138 0 1138 0 0 557
+5 +18 1138 0 1138
+4 -1 1138 0 1138
+4 +2 1138 0 1138
+4 +1 1138 0 1138 1 0 0 1
+4 +2 1138
+3 * 1138
+4 * 1138 0 1138
+4 +1 1138 0 1138
+5 +15 1138
+4 * 1138 1138
+1 * 1138 1138
+2 * 1138 1138
+2 * 1138 1138
+1 * 1138 1138
+3 -57 1
+3 * 1 0 1
+4 * 1 0 1 0 0 1
cfn=(1200) unlink_chunk.isra.0
calls=1 0xa2360 1610 
* * 24 10 3 0 2
+5 +1 1 1
+4 * 1
+3 +6 1
+6 * 1
jcnd=1/1 -97 +9 
* * 
+71 +43 1 0 0 1 0 0 1
+3 +1 1
+3 * 1
+4 * 1 0 1
+4 +1 1 0 1
+4 +5 1
+4 * 1 1
+1 * 1 1
+2 * 1 1
+2 * 1 1
+1 * 1 1

fn=(1200)
0xa2360 1610 3 0 3 1 0 0 1
+1 +2 3 3
+4 * 3
+3 * 3
+4 -2 3
+3 +2 3 3
+4 * 3
+6 +3 3 3
+5 +1 3 3 0 1 0 0 1
+4 * 3
+5 +2 3 3
+4 * 3
+2 * 3 3 0 0 2
+4 * 3
+2 -3 3 3
+4 +6 3 0 3
+4 +1 3 0 3
+5 +1 3
+7 * 3
+2 * 3 3 0 0 2
+4 * 3
+3 * 3
jcnd=2/3 +33 +24 
* * 
+2 +2 1 1
+4 * 1
+2 +1 1 1
+4 * 1 1
+4 * 1 0 0 1 0 0 1
+2 +3 1 1 0 0 1
+5 * 1
+2 +14 1 0 1
+4 +1 1 0 1
+4 +3 1 1
+1 * 1 1
-1 * 2 2
+1 * 2 2

fn=(884)
0xa5840 3307 1 0 1 1 0 0 1
+1 * 1
+3 * 1 0 1
+1 * 1
+4 +9 1 1
+7 * 1 1
+4 * 1
+3 * 1
+2 * 1
+2 * 1
+5 * 1 0 1
+4 * 1
+6 +1 1
+5 * 1
+3 * 1 0 1
cfn=(886)
calls=1 0xa4850 1328 
* * 383 82 53 44 3 2 44 2 2
+5 +1 1
+3 * 1
+6 +8 1 0 0 1 0 0 1
+2 * 1 1 1
+2 * 1
+3 * 1
+6 +9 1 1
fi=(259) /usr/src/debug/glibc/glibc/malloc/../string/bits/string_fortified.h
+7 59 1
+4 * 1
fe=(253)
+4 3335 1 0 1
fi=(259)
+4 59 1 0 1
+7 * 1 0 1
+11 * 1
+3 * 1
+6 * 1
+2 * 1
+3 * 1 0 1 1 0 0 1
jcnd=1/1 * * 
* * 
* * 79 0 78 0 0 9 0 0 9
jcnd=78/79 * * 
* * 
fe=(253)
+3 3339 1 1
+4 * 1 1
+1 * 1 1

fn=(896) alloc_perturb
0xa1a20 1987 3359 3359 0 1 0 0 1
+6 * 3359
+2 * 3359
+2 +2 3359 3359

fn=(1192) _int_free_merge_chunk
0xa3990 4707 1139 0 1139 1 0 0 1
+1 * 1139
+3 * 1139 0 1139
+2 * 1139 0 1139
+2 +1 1139
+4 -1 1139 0 1139
+2 * 1139 0 1139
+2 * 1139 0 1139
+1 * 1139
+4 +5 1139 1139 0 0 20
+4 * 1139
+3 * 1139
+6 * 1139
+3 * 1139
+3 * 1139
+3 +3 1139 1139 0 0 20
+4 * 1139 0 0 1 0 0 1
jcnd=1139/1139 0xa3a90 +2 
* * 
+6 +5 1139 1139 0 0 1109
+4 * 1139
+2 * 1139
+6 +3 1139
+3 * 1139
+4 +1 1139
+4 * 1139
+6 +1 1139 1139 0 0 20
+8 * 1139
+6 1994 1139 1139
+6 * 1139
+2 * 1139
+6 4731 1139 1139 0 1 0 0 1
+4 * 1139
jcnd=1138/1139 +36 +11 
* * 
+2 +2 1 1
+3 +2 1
+3 -1 1
+3 +2 1 1 0 0 1
+4 * 1
+4 * 1
+3 * 1
+6 +2 1
+3 * 1 0 1
cfn=(1200)
calls=1 0xa2360 1610 
* * 24 10 3 0 2
+5 +4 1139
+3 * 1139
+3 * 1139
+3 * 1139
+3 * 1139
+3 * 1139 0 1139
cfn=(1194)
calls=1139 0xa25e0 +13 
* * 42157 10259 13666 4 1119 558 4
+5 +91 1139
+6 * 1139 0 0 1 0 0 1
+2 -89 1139
+4 * 1139 1139
+1 * 1139 1139
+2 * 1139 1139
+2 * 1139 1139
+2 * 1139 1139
+2 * 1139 1139
+1 * 1139 1139
+64 -27 1139 1139 0 1 20 0 1
+4 * 1139
+4 * 1139
+3 -2 1139
+3 * 1139
jcnd=1139/1139 0xa39c5 +5 
* * 

fn=(886)
0xa4850 1328 3379 0 0 1 0 0 1
+3 * 3379
+6 3904 3379 0 3379
+1 * 3379
+3 * 3379 0 3379
+2 * 3379 0 3379
+2 * 3379 0 3379
+2 * 3379
+3 * 3379 0 3379
+2 * 3379
+3 * 3379 0 3379 0 0 1
+1 1347 3379
+4 3904 3379
+4 1347 3379
+4 * 3379
+6 * 3379 0 0 1 0 0 1
+4 3945 3379
+3 * 3379
+6 1796 3379 3379
+7 3972 3379
+3 * 3379
jcnd=1145/3379 0xa49b0 +63 
* * 
+6 +65 2234
+3 * 2234
+4 -63 2234
+4 * 2234
+3 * 2234
+4 * 2234
+4 +3 2234 2234
+4 +2 2234
+3 * 2234
jcnd=2234/2234 0xa4e23 +9 
* * 
0xa49b0 +56 1145 0 0 1 0 0 1
+7 * 1145
jcnd=4/1145 0xa5170 3170 
* * 
+6 +62 1141
+3 * 1141 0 0 1 0 0 1
+4 * 1141
+4 * 1141
+7 * 1141
jcnd=1119/1141 +97 +1 
* * 
+2 * 22
+3 * 22
+4 * 22
+4 * 22
+7 * 22
jcnd=20/22 +77 +1 
* * 
+2 * 2
+3 * 2
+4 * 2
+4 * 2
+7 * 2
+2 * 2
+3 * 2
+4 * 2
+4 * 2
+7 * 2
jcnd=2/2 +37 +1 
* * 
+37 +1 1141 1141 0 0 2
+5 * 1141
+2 * 1141
+6 +20 3379 3379 0 1 0 0 1
+7 -1 3379
+4 -1 3379
+3 +1 3379
+4 * 3379 0 3379
+4 +1 3379 3379
+5 * 3379
jcnd=1/3379 +13 +10 
* * 
+2 -2 3378 3378 0 0 1
+7 * 3378
+4 +12 3378 3378
+5 * 3378
+5 * 3378 0 3378
+8 * 3378
+3 * 3378
jcnd=3357/3378 0xa4eee 4315 
* * 
-21 * 1 1
+5 * 1
+5 * 1 0 1
+8 * 1
+3 * 1
jcnd=1/1 0xa4eee 4315 
* * 
+6 -1 21 0 21 1 0 0 1
+7 * 21
+3 +4 21 21
+4 * 21
+4 +1 21
+4 +2 21
+4 * 21
-16 -3 1 1
+4 * 1
+4 +1 1
+4 +2 1
+4 * 1
+6 +1 22 22
+8 * 22
+3 * 22
+6 +2 22 22 0 0 1
+4 +1 22
+4 * 22
+6 * 22 0 0 1 0 0 1
+3 * 22
+6 +2 22 22
+3 * 22
+4 * 22
+3 * 22
+6 -10 22 22
+4 +12 22 22
+4 * 22
+6 +1 22 22
+4 * 22
+6 +2 22
+3 * 22
+6 +11 22
+7 * 22 0 0 1 0 0 1
jcnd=20/22 +11 +29 
* * 
+2 * 2
+3 * 2
jcnd=2/2 0xa5050 +1 
* * 
+6 +29 21 0 21
+5 +1 21 0 21
+4 +4 21
+3 * 21
jcnd=19/21 0xa4e48 +2 
* * 
+6 +29 2
+6 * 2
jcnd=1/2 0xa5091 +2 
* * 
+6 +8 1
+3 * 1
+4 * 1
+6 * 1
+6 * 1 0 0 1 0 0 1
+5 * 1
+3 * 1
+3 * 1
+4 +1 1
+3 +1 1 1 0 0 1
+3 -1 1
+4 +4 1
+3 * 1
jcnd=1/1 0xa50e0 +44 
* * 
+70 +47 2 0 0 1 0 0 1
+2 * 2
+5 +9 2 0 2
+5 -9 2
+3 * 2
+2 +9 2 2
+4 -9 2
+2 * 2 0 2 0 0 1
+8 +2 2 0 2 1 0 0 1
+4 -1 2 0 2
+4 +2 2 0 2
+4 +7 2 2
+3 -6 2 0 2
+4 +6 2
+2 * 2
jcnd=2/2 0xa4ec8 +9 
* * 
0xa4cae 4038 2238 0 0 1 0 0 1
+3 +2 2238 2238 0 0 3
+4 -2 2238
+4 +2 2238
+3 * 2238 0 0 1 0 0 1
jcnd=2238/2238 0xa4a3d +78 
* * 
0xa4d90 1987 19 19
+6 * 19
+2 * 19
+2 4545 3379 0 0 1 0 0 1
+4 * 3379
+3 * 3379 3379
+1 * 3379 3379
+2 * 3379 3379
+2 * 3379 3379
+2 * 3379 3379
+2 * 3379 3379
+1 * 3379 3379
0xa4e23 3988 2234 0 0 1 0 0 1
+5 * 2234
+4 * 2234
jump=2234 0xa4cae +50 
* * 
+28 4192 19 0 0 1 0 0 1
+4 +1 19
+7 -1 19 0 19
+4 +1 19
+3 * 19
jcnd=19/19 +7 -14 
* * 
+7 -14 19
+4 +19 19
+3 * 19
jcnd=19/19 0xa4d90 1987 
* * 
+96 4298 2
+4 * 2
+7 * 2
+2 4128 2 2
+5 * 2
+3 * 2
jcnd=1/2 0xa4a8a +3 
* * 
+6 4304 1 1
+3 * 1
+2 * 1
+6 +11 3359 0 0 1 0 0 1
+4 * 3359
+7 * 3359
jcnd=2237/3359 +35 +6 
* * 
+2 +2 1122
+4 * 1122
+3 * 1122
+4 +3 1122 1122 0 0 4
+3 -3 1122
+4 +3 1122
+3 * 1122
jcnd=1122/1122 +12 +1 
* * 
+12 +1 3359 0 0 1 0 0 1
+3 +71 3359
+5 * 3359
+3 -4 3359
+3 +1 3359
+3 +1 3359
+3 -1 3359
+5 +1 3359
+4 +1 3359
+3 * 3359 3359 0 1 2 0 1
+8 +1 3359
+2 * 3359
+2 * 3359
+8 +5 3359
+3 * 3359
+2 * 3359
+2 * 3359
jump=3359 0xa5250 3992 
* * 
+9 +16 5
+4 +2 5
+2 * 5
+6 -4 6
+2 * 6
jcnd=5/6 -14 +2 
* * 
+2 +8 1 1
+4 +3 1
+3 * 1
jcnd=1/1 0xa53c0 +9 
* * 
0xa5050 4157 2 2 0 1 0 0 1
+5 * 2
jcnd=1/2 0xa4b0b +28 
* * 
+6 +2 1
+4 -1 1
+3 * 1
jcnd=1/1 0xa56f5 +5 
* * 
+47 +63 1 0 0 1 0 0 1
+2 * 1
+3 +1 1
+4 * 1
+2 * 1
+4 +1 1 1 0 0 1
+3 -1 1
+4 +1 1
jump=1 0xa4b9e +56 
* * 
+57 +53 1 0 0 1 0 0 1
+5 -48 1
+3 +48 1
+4 * 1 0 1
+4 * 1
jump=1 0xa4b9e +3 
* * 
0xa5170 3170 4 0 0 1 0 0 1
+2 4037 4
+3 * 4
+3 * 4
+4 * 4
+3 * 4 0 0 1 0 0 1
+4 * 4
jump=4 0xa4cae +1 
* * 
0xa5250 -45 3359 0 0 1 0 0 1
+4 * 3359
+3 * 3359
+8 * 3359
jump=3359 +50 4401 
* * 
+33 4404 7828 7828
+2 * 7828
+4 * 7828
+2 * 7828
jcnd=1/7828 0xa5342 +2 
* * 
+6 * 7827
+3 -3 7827
+3 * 7827
+3 * 7827
jcnd=4472/7827 -23 +3 
* * 
-6 * 3359 0 0 1 0 0 1
+3 * 3359
+3 * 3359
jcnd=3356/3359 -23 +3 
* * 
+2 4501 3358 3358
+5 +1 3358 3358 0 0 1
+4 * 3358
+4 +2 3358 3358 0 0 1
+8 * 3358
+6 +3 3358
+4 * 3358
+3 * 3358 0 0 1 0 0 1
jcnd=3344/3358 0xa56bc +5 
* * 
+6 +17 14 0 14
+4 * 14 14
+5 * 14
+2 * 14
jcnd=14/14 0xa576f +15 
* * 
0xa5342 4406 1 0 0 1 0 0 1
+3 * 1
+3 * 1
+5 +1 1
+5 * 1
jump=1 0xa4f6c +4 
* * 
0xa53c0 +24 1 1 0 1 0 0 1
+4 * 1
+3 * 1
+4 +3 1
+3 * 1
+6 +2 1
+3 +3 1
+3 * 1 0 1
+4 -3 1
+3 * 1 0 1
+4 +3 1 0 1
cfn=(1200)
calls=1 0xa2360 1610 
* * 33 14 5 3 1 0 3
+5 +3 1 1
+4 * 1 1
+4 * 1
+4 * 1
+6 +15 1 1 0 1 0 0 1
+5 * 1
+5 -5 1
+4 +5 1
+5 * 1
+4 +1 1 1
+4 * 1
+6 +3 1 0 1
+4 +1 1 0 1
+5 +1 1 0 1
+4 +3 1
+7 * 1
+2 +1 1 0 1
+5 +1 1
+7 * 1 0 0 1 0 0 1
+2 +2 1
+4 * 1 0 1
+4 +3 1
+7 * 1
+3 * 1
+3 * 1
+3 * 1
+4 * 1
+3 * 1
+4 * 1 0 1
+4 +2 1
+3 * 1
+4 * 1 0 1
+4 +1 1 0 1
+4 1987 1 1
+6 4479 1 0 0 1 0 0 1
+4 1987 1
+2 * 1
jcnd=1/1 0xa4d9a 4545 
* * 
0xa56a4 4541 3359 0 0 1 0 0 1
+3 * 3359
+3 * 3359 0 3359
+4 * 3359 0 3359
cfn=(896)
calls=3359 0xa1a20 1987 
* * 13436 6718 0 1 0 0 1
+5 * 3359 3359
+4 * 3359
jump=3359 0xa4d9a +4 
* * 
+5 -29 3344 0 0 1 0 0 1
+7 -2 3344
+4 +2 3344
+3 -1 3344 0 3344
+5 +1 3344
+3 -3 3344
+3 +8 3344
+4 -5 3344
+3 +2 3344
+4 -2 3344
+4 * 3344
+3 * 3344
+4 * 3344 0 3344
+4 +2 3344 0 3344 0 0 3344 0 0 3344
+4 +4 3344
jump=3344 -79 +23 
* * 
+2 4163 1
+4 -1 1
+3 +3 1 0 0 1 0 0 1
+5 -1 1 0 1
+5 +1 1
+4 * 1 0 1
+6 +1 1
+5 * 1
+4 * 1 0 1
+4 +1 1
+6 * 1
jcnd=1/1 +10 +6 
* * 
+10 +6 1
+7 * 1
+3 * 1
+3 * 1
+3 * 1
+4 * 1
+3 * 1
+4 * 1 0 1
+4 +2 1
+3 * 1
+4 * 1 0 1
+4 +4 1
+4 -3 1 0 1
+3 +4 1
jump=1 0xa56a4 4541 
* * 
+17 4539 14 0 0 1 0 0 1
+3 * 14
+3 * 14 0 14
cfn=(888) sysmalloc
calls=14 0xa3d80 2534 
* * 2479 606 392 25 94 54 25 2 15
+5 * 14
+3 +1 14
+3 * 14 0 0 1 0 0 1
jcnd=14/14 0xa56a4 +1 
* * 

fn=(1186) _int_realloc
0xa5990 4971 3 0 3 1 0 0 1
+1 * 3
+3 * 3 0 3
+2 * 3 0 3
+2 * 3 0 3
+2 * 3 0 3
+2 * 3 0 3
+1 * 3
+4 +11 3 3
+4 * 3
+4 * 3
+6 * 3
+3 +1 3 3 0 0 1
+7 * 3
+3 * 3
+3 * 3 0 0 1 0 0 1
+3 * 3
+6 +1 3
+3 * 3
+4 * 3
+3 * 3
+6 +6 3
+2 * 3
+6 +2 3
+4 * 3
+3 +1 3 3
+4 * 3
+3 * 3
+4 +2 3
+3 * 3
+6 * 3
+4 * 3 0 0 1 0 0 1
+6 +3 3
+3 * 3
jcnd=3/3 +88 +10 
* * 
+60 +89 3
+4 * 3
+3 * 3 3
+1 * 3 3
+2 * 3 3
+2 * 3 3
+2 * 3 3
+2 * 3 3
+1 * 3 3
+11 -79 3 3 0 1 1 0 1
+4 * 3
+6 +12 3 3 0 0 3
+6 * 3
+6 +12 3
+4 * 3
+3 * 3 0 3 1 0 0 1
cfn=(886)
calls=3 0xa4850 1328 
* * 550 96 64 17 8 1 17 0 1
+5 * 3
+3 +1 3
+3 * 3
+2 +3 3
+4 +6 3
+3 * 3
+6 +8 3 3
+4 -1 3
fi=(259)
+4 29 3
+3 * 3
fe=(253)
+3 5050 3
+3 * 3
+4 * 3
+3 * 3
+3 * 3
+4 * 3
fi=(259)
+5 29 3 3 3 1 1 0 1
cfi=(294)
cfn=(1048)
calls=3 0x16c2c0 255 
* * 205 60 53 6 3 22 6 0 22
+6 * 3
fe=(253)
+3 4690 3 3
+4 * 3
+3 * 3
+4 4558 3
+3 * 3
+3 * 3
+3 * 3
+6 +1 3
+3 * 3
+6 +4 3
+4 * 3
+6 * 3
+2 * 3
+6 3253 3 3
+7 * 3 3 0 1 0 0 1
+4 * 3
+3 * 3
+6 -1 3
+4 * 3
+4 +1 3 3
+7 * 3
jcnd=1/3 0xa5ce0 4699 
* * 
+6 +9 2 2 0 0 1 0 0 1
+7 * 2 2
+4 * 2
+6 +3 2 2 0 0 1
+5 * 2 2
+7 * 2 0 0 1 0 0 1
+3 * 2
+6 3165 2 2
+7 +4 2
+3 -4 2 0 2
+4 +2 2
+3 * 2
+4 * 2 2 0 0 1
+8 * 2 0 2
+4 +1 2 0 2
+8 +1 2 0 2
+5 3271 2
jump=2 0xa5a44 5087 
* * 
0xa5ce0 4699 1 0 0 1 0 0 1
+5 * 1
+3 * 1
+3 * 1
+3 * 1 0 1
+4 * 1 0 1
cfn=(1190) _int_free_chunk
calls=1 0xa3af0 4574 
* * 119 32 25 12 0 0 12
+5 * 1 1
+4 * 1
jump=1 0xa5a44 5087 
* * 

fn=(888)
0xa3d80 2534 14 0 14 1 0 0 1
+1 * 14
+3 * 14 0 14 0 0 13
+2 * 14 0 14
+2 * 14 0 14
+2 * 14 0 14
+2 * 14
+3 * 14 0 14
+1 * 14
+4 +20 14 14 0 0 14
+7 -20 14 14 0 0 13
+9 * 14 0 14
+4 * 14
+3 +20 14 14 0 0 13
+4 +11 14
+3 * 14
+6 +1 14 14 0 0 13
+7 * 14 0 0 1 0 0 1
+6 -11 14
+3 +35 14 14
+4 +11 14
+4 -10 14 14
+4 * 14
+3 * 14
+4 +1 14
+4 +9 14
+3 * 14
jcnd=13/14 +11 * 
* * 
+2 * 1
+3 * 1
jcnd=1/1 0xa4250 2928 
* * 
+6 * 13
+4 * 13
+6 * 13
+2 * 13
+6 * 13
+4 * 13
+3 * 13
+6 +6 13
+5 * 13 0 13 0 0 13
+4 * 13
+3 * 13
+6 +3 14 0 0 1 0 0 1
+7 * 14
+3 * 14
jcnd=14/14 0xa4038 +61 
* * 
0xa3ebd 2923 14 14 0 1 0 0 1
+7 * 14
+2 +1 14 0 14
+7 +5 14 14
+4 +3 14 14
+4 * 14
+4 * 14
+3 * 14
+6 +5 14
+7 * 14
+2 -2 14
+4 +2 14
+3 -1 14 0 14
+4 +1 14
+3 -3 14
+3 +3 14
+4 +1 14 0 0 1 0 0 1
+4 -1 14
+3 * 14
+4 * 14 0 14
+4 +1 14 0 14 0 0 14 0 0 14
+4 +2 14
+4 +6 14 14
+4 * 14 14
+9 * 14
+6 * 14
+4 * 14 14
+1 * 14 14
+2 * 14 14
+2 * 14 14
+2 * 14 14
+2 * 14 14
+1 * 14 14
0xa4038 2671 14 14 0 1 0 0 1
+7 * 14 0 0 1 0 0 1
+5 +9 14
+3 * 14
+3 * 14 14
+4 * 14
+4 +13 14 14
+7 * 14
+3 * 14
+6 +8 14
+5 * 14
+3 * 14
+3 * 14
+3 * 14 0 14
+4 +8 14
+3 * 14
jcnd=14/14 0xa4418 2928 
* * 
0xa40ff +48 1 1 0 1 0 0 1
+7 * 1
jcnd=1/1 0xa44e0 * 
* * 
+31 2878 1
+3 +1 1
+4 -2 1 0 1
+7 +1 1
+3 * 1
+3 * 1
+4 * 1 0 1 1 0 1 1 0 1
+4 +1 1 0 1
+7 +11 1
+3 * 1
jcnd=1/1 0xa3ebd +33 
* * 
0xa4250 +38 1 0 0 1 0 0 1
+5 * 1 0 1
+4 * 1
jump=1 0xa3e1e 2610 
* * 
0xa4418 * 14 0 14 1 0 0 1
+4 2711 14
+3 * 14 0 14
+4 * 14 0 14
+4 * 14 0 14
cfi=(256)
cfn=(890)
calls=14 0xa3390 25 
* * 701 185 114 6 40 13 6 1
+6 +1 14 14
+4 * 14 14
+4 * 14
+3 * 14 14
+4 -1 14
+3 +1 14 0 0 1 0 0 1
+2 2010 14 14
+7 * 14
+4 * 14
+3 * 14
jcnd=14/14 +63 2714 
* * 
+63 2714 14 0 0 1 0 0 1
+1 +3 14
+3 * 14
+6 +29 14 14 0 0 1 0 0 1
+8 +2 14 14
+4 -2 14
jcnd=1/14 0xa4588 +1 
* * 
+6 +2 14 14
+7 * 14
+3 * 14 0 14
+7 * 14
+3 +6 14 0 0 1 0 0 1
+3 * 14
jcnd=1/14 0xa470a 3265 
* * 
+6 +1 13
+3 2928 13 13
+7 2755 13
+4 * 13 0 13
+4 * 13
jump=13 0xa3ebd 2923 
* * 
+7 +2 1
+3 * 1
jcnd=1/1 +32 +40 
* * 
+32 +40 1 0 0 1 0 0 1
+3 * 1
+3 * 1
jcnd=1/1 0xa4610 -12 
* * 
+25 +22 1
+3 * 1
+3 +1 1
+5 * 1
+3 * 1
+3 * 1
+3 * 1
+3 * 1
+3 +2 1 0 0 1 0 0 1
+6 * 1 0 1
+4 +1 1
+3 * 1 0 1
cfi=(256)
cfn=(890)
calls=1 0xa3390 25 
* * 33 11 6
+6 +12 1 1
+4 * 1
+3 -12 1
+3 +12 1
+6 2010 1 1
+7 * 1
+4 * 1
+3 * 1
+6 2784 1 1
+4 * 1 1
+7 * 1
jump=1 0xa4125 +94 
* * 
+10 -37 1 0 1 1 0 0 1
+7 * 1
jump=1 0xa44aa +1 
* * 
0xa4610 +38 1 0 1 1 0 0 1
+4 * 1
+3 * 1
jump=1 0xa4522 +34 
* * 
0xa470a 3265 1 0 0 1 0 0 1
+3 * 1
+5 * 1
jump=1 0xa40ff 2757 
* * 

fn=(1020) calloc
0xa7430 3775 3352 0 0 1 0 0 1
+4 * 3352 0 3352
+1 +8 3352
+3 -8 3352
+3 * 3352 0 3352
+2 * 3352 0 3352
+2 * 3352 0 3352 1 0 0 1
+2 * 3352 0 3352
+2 * 3352 0 3352
+1 * 3352
+4 +8 3352
+3 * 3352
+3 * 3352
+3 * 3352
+3 * 3352
+6 * 3352
+3 * 3352
+3 * 3352
+6 +8 3352 3352 0 0 1
+7 * 3352
+6 1328 3352
+3 * 3352
+6 +19 3352
+4 * 3352 0 0 1 0 0 1
+3 * 3352
+4 * 3352
+2 * 3352
+4 3359 3352
+4 * 3352
+4 +2 3352 3352 0 0 1
+7 * 3352 3352 0 0 1
+5 * 3352
+3 * 3352
+6 3215 3352 3352 0 0 1
+7 * 3352
jcnd=1118/3352 0xa7570 3812 
* * 
+6 +2 2234 2234 0 0 1
+5 * 2234
+3 * 2234 0 0 1 0 0 1
jcnd=2234/2234 0xa7570 3812 
* * 
0xa7531 3895 1 0 0 1 0 0 1
+4 * 1 1
+1 * 1 1
+2 * 1 1
+2 * 1 1
+2 * 1 1
+2 * 1 1
+1 * 1 1
+49 -83 3352 3352 0 1 1 0 1
+7 * 3352
jcnd=3352/3352 0xa7658 +10 
* * 
0xa75ed +32 3352 0 0 1 0 0 1
+3 * 3352
+3 * 3352 0 3352 0 0 1
cfn=(886)
calls=3352 0xa4850 1328 
* * 470317 78770 43914 1 96 3392 1 0 3352
+5 +2 3352
+3 * 3352 0 0 1 0 0 1
+6 * 3352 3352
+4 * 3352
+3 * 3352
jcnd=3352/3352 0xa76a8 * 
* * 
+36 +49 3351
fi=(259)
+4 59 3351
+2 * 3351
fe=(253)
+3 3895 3351 3351
+1 * 3351 3351
+2 * 3351 3351
+2 * 3351 3351
+2 * 3351 3351
+2 * 3351 3351
fi=(259)
+1 59 3351 3351 0 0 1
cfi=(286) /usr/src/debug/glibc/glibc/string/../sysdeps/x86_64/multiarch/memset-vec-unaligned-erms.S
cfn=(1022) __memset_avx2_unaligned_erms
calls=3351 0x16ccc0 198 
* * 198464 6703 111496 4 4 24481 4 0 24480
fe=(253)
+25 3822 3352 3352 0 1 1 0 1
+7 +1 3352
+7 * 3352
+3 * 3352 3352
+4 * 3352
+4 +7 3352
jump=3352 0xa75ed +14 
* * 
+55 +16 3352 0 0 1 0 0 1
fi=(254)
+4 153 3352
+3 * 3352
fe=(253)
+6 3846 3352
+3 * 3352
+6 +3 3352 3352 0 1 0 0 1
+7 * 3352
jcnd=3352/3352 0xa783a +25 
* * 
+45 +37 3352 3352
+6 * 3352
+2 * 3352
+2 +3 3352
+3 * 3352 0 0 1 0 0 1
+3 * 3352
+4 * 3352
+3 * 3352
+4 +4 3352
fi=(288) /usr/src/debug/glibc/glibc/malloc/../sysdeps/generic/calloc-clear-memory.h
+4 27 3352
+4 * 3352
jfi=(253)
jcnd=3351/3352 0xa762c 3895 
* * 
+6 +11 1
+3 -3 1
+4 +2 1 0 1
+8 +1 1
+4 -3 1 0 1
+3 +3 1 0 1
+5 +2 1
+4 * 1
jfi=(253)
jcnd=1/1 0xa7531 3895 
* * 
fe=(253)
0xa783a 3874 3352 0 0 1 0 0 1
+4 +3 3352 0 0 1 0 0 1
jump=3352 0xa76f2 +9 
* * 

fn=(1190)
0xa3af0 4574 3366 0 3366 1 0 0 1
+1 * 3366
+3 * 3366 0 3366
+2 * 3366 0 3366
+2 * 3366
+3 * 3366 0 3366
+2 * 3366
+3 * 3366 0 3366 1 0 0 1
+2 * 3366
+3 * 3366 0 3366
+1 * 3366
+3 * 3366
+4 1796 3366 3366 0 0 20
+7 4582 3366
+3 * 3366
jcnd=1139/3366 0xa3bc0 +76 
* * 
+6 +11 2227
+4 * 2227 2227 0 0 1114
+4 * 2227
+4 * 2227
+6 +2 2227
+4 * 2227 2227
+7 * 2227
+6 1994 2227 2227 0 1 0 0 1
+6 4614 2227
+4 1994 2227
+2 * 2227
+6 4616 2227 0 2227
+8 +1 2227
+4 +4 2227
+5 * 2227
+4 +2 2227 2227
+7 -2 2227 2227
+5 +2 2227
+6 +4 2227
+3 * 2227 0 0 1 0 0 1
+6 +2 2227
+4 * 2227
+3 * 2227
+3 * 2227 0 2227
+4 +1 2227 0 2227
+5 +19 2227
+3 * 2227
jcnd=1/2227 +24 +30 
* * 
+2 * 2226
+4 * 2226
jcnd=2226/2226 +18 +30 
* * 
+18 +30 2227
+4 * 2227 2227
+1 * 2227 2227
+2 * 2227 2227
+2 * 2227 2227
+2 * 2227 2227
+2 * 2227 2227
+1 * 2227 2227
+2 -21 1139 1139 0 1 0 0 1
+4 * 1139
+6 +3 1139 1139
+7 * 1139
jcnd=1139/1139 +71 +18 
* * 
+71 +18 1139 0 0 1 0 0 1
+4 -12 1139
+3 * 1139
+3 * 1139
+3 +12 1139 1139
+1 * 1139 1139
+2 * 1139 1139
+2 * 1139 1139
+2 * 1139 1139
+2 * 1139 1139
+1 -12 1139
cfn=(1192)
calls=1139 0xa3990 +40 
* * 101418 26217 21643 9 2311 558 9

fn=(1182) realloc
0xa6c30 3485 3 0 0 1 0 0 1
+4 * 3 0 3
+1 * 3
+3 * 3 0 3
+2 * 3 0 3
+2 * 3 0 3
+2 * 3 0 3
+2 * 3 0 0 1 0 0 1
+3 * 3 0 3
+1 * 3
+3 * 3
+4 +6 3 3 0 0 1
+7 * 3
+6 +4 3
+3 * 3
jcnd=3/3 +37 +7 
* * 
+37 +7 3 0 0 1 0 0 1
+3 * 3
+2 5295 3 3 0 0 1
+4 3511 3
+4 5296 3
+3 * 3
+4 * 3
+4 -1 3
+4 * 3
+6 +2 3 3
+6 * 3
jcnd=3/3 +32 +1 
* * 
+10 3616 3
+4 * 3
+3 * 3 3
+1 * 3 3
+2 * 3 3
+2 * 3 3
+2 * 3 3
+2 * 3 3
+1 * 3 3
+5 5298 3 0 0 1 0 0 1
+4 3519 3
+3 * 3
jcnd=3/3 +11 +15 
* * 
+11 +15 3 3 0 0 1
+7 * 3 3 0 0 1
+5 * 3
fi=(254)
+6 153 3
+7 * 3
+4 * 3
fe=(253)
+6 3542 3
+3 * 3 0 0 1 0 0 1
+3 * 3
+3 * 3
+6 +1 3
+4 * 3
+6 1328 3
+3 * 3
+6 +19 3
+5 * 3
+3 * 3
+4 * 3
+4 * 3
+5 * 3
+4 3553 3
+4 * 3 0 0 1 0 0 1
+6 +31 3 3
+7 * 3
jcnd=3/3 0xa6e70 +2 
* * 
0xa6e70 +2 3 0 0 1 0 0 1
+3 * 3
+3 * 3
+3 * 3
+3 * 3 0 3 0 0 1
+4 * 3 0 3 1 0 0 1
cfn=(1186)
calls=3 0xa5990 4971 
* * 1183 255 176 44 20 23 44 1 23
+5 * 3
+3 +1 3
+3 * 3
+2 * 3 3
+4 * 3
+2 * 3
fi=(254)
+6 153 3
+2 * 3 3
+4 * 3
+7 * 3
jfi=(253)
jcnd=3/3 +44 3587 
* * 
fe=(253)
+44 3587 3 0 0 1 0 0 1
+3 * 3
jcnd=3/3 0xa6cb2 +29 
* * 

fn=(1220)
0xa68b0 3437 3392 0 0 1 0 0 1
+4 +4 3392
+3 * 3392
+6 -4 3392 0 3392
+1 * 3392 0 0 1 0 0 1
+3 * 3392 0 3392
+2 * 3392 0 3392
+2 * 3392 0 3392
+2 * 3392 0 3392
+2 +14 3392
+4 -14 3392
+4 +12 3392 3392
+7 +4 3392 3392 0 0 7
+4 -4 3392 3392
+5 +4 3392
+2 * 3392
+6 +17 3392 3392 0 0 20
+7 * 3392 3392 0 0 20
+5 * 3392
fi=(254)
+6 153 3392 0 0 1 0 0 1
+7 * 3392
+2 * 3392
jfi=(253)
jcnd=3392/3392 +40 4690 
* * 
fe=(253)
+40 4690 3392
+3 * 3392
+4 4558 3392
+3 * 3392
+3 * 3392
+3 * 3392 0 0 1 0 0 1
+6 +1 3392
+4 * 3392
+6 +4 3392
+4 * 3392
+6 * 3392
+2 * 3392
+6 3253 3392 3392
+4 * 3392
+3 * 3392
+2 -1 3392
+4 * 3392
+4 +1 3392 3392 0 0 20
+7 * 3392
jcnd=1138/3392 +40 4699 
* * 
+2 +9 2254 2254 0 0 20
+7 * 2254 2254 0 0 559
+4 * 2254
+6 +3 2254 2254 0 0 21
+5 * 2254 2254
+7 * 2254
+3 * 2254
jcnd=27/2254 0xa6a38 3165 
* * 
+6 4699 3365 0 0 1 0 0 1
+2 * 3365
+3 * 3365
+3 * 3365 0 3365
cfn=(1190)
calls=3365 0xa3af0 4574 
* * 251271 65387 48495 3 3445 558 3
+5 3479 3392 0 3392
+5 +1 3392
+4 * 3392 3392
+2 * 3392 3392
+2 * 3392 3392
+2 * 3392 3392
+2 * 3392 3392
+1 * 3392 3392
0xa6a38 3165 27 27 0 1 0 0 1
+7 +4 27 0 0 1 0 0 1
+3 -4 27 0 27
+4 +2 27
+3 * 27
+4 * 27 27 0 0 22
+8 * 27 0 27
+3 +1 27 0 27
+8 +1 27 0 27
+4 3271 27
jump=27 0xa69ab 3479 
* * 

fl=(167) /usr/src/debug/glibc/glibc/string/../sysdeps/x86_64/multiarch/strstr.c
fn=(556) strstr
0xaebf0 44 1 0 0 1 0 0 1
+4 * 1 1 0 0 1
+7 * 1 0 0 1 0 0 1
+7 * 1 1 0 0 1
+7 * 1
+7 * 1
+4 * 1 1

fl=(134) /usr/src/debug/glibc/glibc/string/../sysdeps/x86_64/multiarch/strncpy.c
fn=(434) strncpy
0xadf50 29 2 0 0 1 0 0 1
fi=(120)
+4 +6 2 2
+7 * 2
+7 * 2 2
+6 * 2
+3 * 2
+2 +1 2 2
+6 * 2
+3 * 2
+2 +3 2
+2 * 2
+2 +4 2 0 0 1 0 0 1
+7 * 2
+3 * 2
+2 +3 2
+3 * 2
+7 * 2
+7 * 2
fe=(134)
+4 -17 2 2

fl=(117) /usr/src/debug/glibc/glibc/string/../sysdeps/x86_64/multiarch/strrchr.c
fn=(384) rindex
0xae0d0 28 1
fi=(110)
+4 +12 1 1
+7 * 1
+7 * 1 1
+6 -2 1
+2 * 1
+2 * 1
+6 * 1
jcnd=1/1 +14 +3 
* * 
fe=(117)
+2 -10 1
+3 * 1 1
fi=(110)
+9 +13 1 1 0 1 0 0 1
+7 * 1
+2 +1 1 1
+6 * 1
+3 * 1
+2 +3 1
+2 * 1
+2 +4 1
+7 * 1
+3 * 1
+2 +3 1
+3 * 1
+7 * 1
+7 * 1
+4 * 1
jfi=(117)
jump=1 -69 -24 
* * 
fe=(117)

fl=(286)
fn=(1022)
0x16ccc0 198 3352 0 0 1 0 0 1
+4 +1 3352
+4 * 3352
+3 +5 3352
+4 +1 3352
+6 +1 3352
+5 +1 3352
+4 +1 3352
jcnd=3352/3352 +34 +21 
* * 
+18 +13 2234 0 2234
+5 +1 2234 0 2234 0 0 1 0 0 1
+5 +2 2234
+3 * 2234 2234
+3 +5 3352 3352 0 1 2 0 1
+7 +1 3352
jcnd=1/3352 0x16cd80 +91 
* * 
+2 +6 3351 0 3351 0 0 1676 0 0 1676
+4 +1 3351 0 3351 0 0 558 0 0 558
+5 +12 3351
+3 +3 3351
+7 +1 3351
jcnd=2234/3351 -44 -32 
* * 
+2 +12 1117 0 1117 0 0 559 0 0 559
+5 +1 1117 0 1117 0 0 558 0 0 558
+5 +13 1117
+4 +1 1117
+7 +2 1117
jcnd=1/1117 +45 +18 
* * 
+2 +3 1116
+7 +3 1116
+4 +3 1116 0 1116 1 0 280 1 0 280
+4 +1 1116 0 1116 0 0 557 0 0 557
+5 +1 1116 0 1116 0 0 559 0 0 559
+5 +1 1116 0 1116 0 0 557 0 0 557
+5 +1 1116
+4 +1 1116
+3 +1 1116
jcnd=1116/1116 -26 -6 
* * 
-26 -6 8895 0 8895 0 0 4453 0 0 4453
+4 +1 8895 0 8895 0 0 4442 0 0 4442
+5 +1 8895 0 8895 0 0 4453 0 0 4453
+5 +1 8895 0 8895 0 0 4442 0 0 4442
+5 +1 8895
+4 +1 8895
+3 +1 8895
jcnd=7779/8895 -26 -6 
* * 
+2 * 1116
+4 +3 1116 0 1116 0 0 1 0 0 1
+4 +1 1116 0 1116 0 0 556 0 0 556
+5 +1 1116 0 1116 0 0 1 0 0 1
+5 +1 1116 0 1116 0 0 9 0 0 9
+5 +3 1116
+3 * 1116 1116
-22 -6 1 0 1
+4 +1 1 0 1 0 0 1 0 0 1
+5 +1 1 0 1
+5 +1 1 0 1 0 0 1 0 0 1
+5 +3 1
+3 * 1 1
+10 +15 1 1 0 1 1 0 1
+7 +1 1
+2 +1 1
+4 +1 1
+3 +1 1
+3 +1 1 0 1
jcnd=1/1 * * 
* * 
* * 53624 0 53623 0 0 838 0 0 837
jcnd=53623/53624 * * 
* * 
+2 +5 1
+3 +2 1
+3 * 1 1 0 0 1

fl=(290)
fn=(1040) __printf_buffer
0x633b0 600 20 0 0 1 0 0 1
+4 * 20 0 20
+1 * 20
+3 * 20 0 20
+2 * 20 0 20
+2 * 20
+3 * 20 0 20 1 0 18 1
+2 * 20
+3 * 20 0 20
+2 * 20 0 20
+1 * 20
fi=(312)
+3 82 20
fe=(290)
+3 600 20
+7 * 20 0 20 0 0 1
fi=(312)
+7 82 20
fe=(290)
+5 600 20 0 20
+6 +27 20 20
+9 * 20 0 20
+4 * 20 20 0 0 1
+7 +11 20 20
+4 -11 20 20 0 1 1 0 1
+3 +11 20 0 20 0 0 18
+7 -11 20 0 20
+6 +11 20 20
+4 * 20 0 20
fi=(312)
+7 82 20 0 20 0 0 1
cob=(4)
cfi=(185)
cfn=(1042) 0x0000000004c3f290
calls=20 0x4c3f290 -82 
* * 420 60 0 3 21 0 3 1
fe=(290)
+5 653 20
+3 * 20
+3 +1 20
fi=(312)
+3 82 20 0 20
+7 * 20
fe=(290)
+3 654 20
+3 -1 20 0 20
cfi=(293) /usr/src/debug/glibc/glibc/stdio-common/Xprintf_buffer_write.c
cfn=(1046) __printf_buffer_write
calls=20 0x5a7f0 27 
* * 1060 280 180 6 1 1 6
+5 +2 20 20
+4 * 20
+2 * 20 0 0 1 0 0 1
+6 +4 20 20
+4 * 20
+6 +4 20 20 0 0 20 0 0 1
+7 * 20 0 20
+7 * 20
+3 * 20
+6 * 20 20
+8 * 20
+6 * 20 20
+8 -32 20 0 20 1 0 0 1
+10 +11 20 0 20 0 0 20
+10 -8 20 0 20
+11 +29 20
+2 * 20
+3 +42 20 20
+5 * 20
+4 * 20
+2 * 20
jcnd=20/20 0x63578 * 
* * 
+37 1044 20 20 0 1 0 0 1
+4 * 20 20
+9 * 20
+6 * 20
+4 * 20 20
+1 * 20 20
+2 * 20 20
+2 * 20 20
+2 * 20 20
+2 * 20 20
+1 * 20 20
0x63578 705 20 0 0 1 0 0 1
+4 * 20
+4 -11 20 0 0 1 0 0 1
+3 +5 20 0 20
+7 +6 20
+3 * 20
+7 -14 20
+3 -4 20
+3 +18 20
+2 -10 20
+6 +10 20
+7 -7 20 0 20
+10 -6 20 0 20
+10 +13 20 20 0 1 20 0 1 1
+4 -12 20
+2 -7 20 0 20
+10 -1 20 0 20
+10 +20 20 20 0 0 20 0 0 1
+4 * 20
+7 -21 20 0 20
+10 -1 20 0 20
+10 +22 20
+3 -15 20
+2 * 20
jump=20 0x643e0 876 
* * 
0x63720 1024 20 0 0 1 0 0 1
fi=(312)
+4 82 20
fe=(290)
+5 1018 20 0 20
fi=(312)
+7 82 20
+3 * 20 0 20
cob=(4)
cfi=(185)
cfn=(1042)
calls=20 0x4c3f290 -82 
* * 420 60
fe=(290)
+5 1028 20
+3 * 20
+3 +1 20 0 0 1 0 0 1
fi=(312)
+3 82 20
fe=(290)
+3 1029 20
+3 -1 20 0 20
cfi=(293)
cfn=(1046)
calls=20 0x5a7f0 27 
* * 1080 260 160
+5 +3 20 20
+4 * 20
jcnd=20/20 0x634d0 +13 
* * 
fi=(295) /usr/src/debug/glibc/glibc/stdio-common/vfprintf-process-arg.c
0x63e77 136 20 0 0 1 0 0 1
+3 * 20
jcnd=20/20 0x64130 +19 
* * 
+40 +19 20 0 0 1 0 0 1
+4 * 20
+4 * 20 0 20
+7 * 20
+3 * 20 0 20
+7 * 20
+3 * 20 0 0 1 0 0 1
+3 * 20
+3 * 20 0 20
+7 * 20 0 20
+7 * 20 0 20
+7 * 20 0 20
cfi=(296) /usr/src/debug/glibc/glibc/stdio-common/_itoa.c
cfn=(1052) _itoa_word
calls=20 0x58dc0 +14 
* * 720 50 30 3 20 0 3 1
+5 +9 20 20
+7 -3 20 20
+7 -6 20 0 20
+7 +6 20 20
+8 +3 20
+3 +6 20 20 0 1 0 0 1
+7 * 20 20
+6 -9 20
+3 +3 20 0 20
+7 -3 20 20
+7 +9 20 0 20
+6 -9 20 20
+7 * 20
+6 * 20
+2 * 20
jcnd=20/20 0x64d40 +34 
* * 
0x63fe0 +36 19 19 0 1 0 0 1
+6 * 19
+2 * 19
jcnd=19/19 0x64d80 +2 
* * 
0x64130 -42 20 20 0 1 0 0 1
+6 +15 20
+5 -32 20 0 0 1 0 0 1
+6 +32 20
+3 -15 20
+2 +15 20 0 20
+7 * 20
jump=20 0x63ea2 -15 
* * 
fe=(290)
0x643e0 876 20 0 0 1 0 0 1
+4 -5 20 20
+5 * 20
+4 * 20
+7 * 20
+4 * 20
+4 * 20 0 0 1 0 0 1
+6 * 20
+4 * 20
+3 * 20
+7 -1 20 0 20
+10 +1 20
+3 * 20
+7 * 20
+3 * 20 20
+4 * 20
+7 * 20 20 0 0 20 0 0 1
+4 * 20
+3 * 20
jfi=(295)
jump=20 0x64848 67 
* * 
fi=(297)
0x64639 163 1 0 0 1 0 0 1
+2 * 1 0 0 1 0 0 1
fi=(295)
+6 +70 1 1
+6 * 1
+2 * 1
+6 +3 20
+3 * 20
jcnd=20/20 0x64d20 +4 
* * 
0x64713 -49 19 19 0 1 0 0 1
+7 * 19
+4 * 19 19
+7 * 19
jcnd=19/19 0x63fe0 +10 
* * 
0x64848 67 20 0 0 1 0 0 1
+4 -19 20 20
fe=(290)
+6 784 20 20
fi=(295)
+4 48 20
+2 * 20
+6 +1 20
+3 * 20
+6 * 20
+2 * 20
+3 * 20 20
+4 * 20 0 20
+4 * 20 20
+3 * 20
jump=20 0x65210 -14 
* * 
0x64b91 187 20 0 0 1 0 0 1
+3 * 20
+6 -1 20
+3 * 20
jcnd=19/20 0x64713 +1 
* * 
+6 +11 1 1
+6 * 1
+2 * 1
+6 +2 1 1
+6 * 1
+3 +9 1 1
+6 * 1 0 0 1 0 0 1
+2 * 1 1
+6 -9 1
+3 * 1
+3 +9 1
+2 * 1 1
+6 * 1
+6 +3 1 1
+7 * 1
fi=(297)
+6 -48 1
+3 * 1
jcnd=1/1 0x64639 * 
* * 
fi=(295)
0x64d20 +77 20 20 0 1 0 0 1
+7 * 20 20
+7 * 20
+3 * 20 0 20
cfi=(293)
cfn=(1046)
calls=20 0x5a7f0 27 
* * 1100 270 170
+5 * 20
jfi=(290)
jump=20 0x63720 1024 
* * 
+10 -45 20 0 0 1 0 0 1
+3 * 20
+5 +4 20 0 20
+6 -25 20
+2 +21 20
+3 * 20
+4 * 20
+2 * 20
jump=20 0x64b91 -8 
* * 
+39 +4 19 19 0 1 0 0 1
+6 * 19
+3 * 19
+3 +2 19 19
+7 * 19
+3 * 19
+6 +7 19 19
+6 * 19 19
+6 * 19 19
+6 * 19
+2 * 19
+2 * 19 0 19
+6 * 19
+6 +3 19 19 0 1 0 0 1
+7 +19 19
+4 -19 19
jfi=(297)
jcnd=19/19 0x64eae -48 
* * 
fi=(297)
0x64eae -48 19 0 0 1 0 0 1
+3 * 19
+6 * 19
+2 * 19
jfi=(295)
jcnd=19/19 0x6464f +73 
* * 
fi=(295)
0x65210 35 20 0 20 1 0 0 1
+10 +22 20
+3 +1 20
+3 -1 20
+4 +1 20
+3 -1 20 0 20
+7 +1 20
+4 +2 20
jump=20 0x63e77 +76 
* * 
fe=(290)

fn=(1034)
0x65f90 1522 20 0 0 1 0 0 1
+4 * 20 0 20
+1 * 20
+3 * 20 0 20
+2 * 20 0 20
+2 * 20 0 20
+2 * 20
+3 * 20 0 20
+2 * 20
+3 * 20 0 20
+1 * 20
+3 * 20
+7 +3 20 20
+6 -3 20 20
+9 * 20 0 20 1 0 0 1
+4 * 20
+3 +3 20
+2 * 20
jcnd=19/20 0x66080 * 
* * 
+6 * 1 0 1
+10 +4 1 1 0 0 1 0 0 1
+2 * 1
+2 * 1
-4 * 19 19 0 0 19
+2 * 19
+2 * 19
+6 * 20
+3 * 20
+6 +11 20 20 0 0 20
+4 * 20
jcnd=20/20 0x661c0 +3 
* * 
+99 +27 20 20 0 1 0 0 1
+4 * 20 20
+9 * 20
+6 * 20
+7 * 20 20
+1 * 20 20
+2 * 20 20
+2 * 20 20
+2 * 20 20
+2 * 20 20
+1 * 20 20
+9 -42 19 0 0 1 0 0 1
+3 * 19
jcnd=19/19 0x65fd9 +4 
* * 
0x661c0 +18 20 0 0 1 0 0 1
+7 * 20
+3 * 20
+3 * 20 0 20 0 0 18
cfi=(291)
cfn=(1036)
calls=20 0x5a770 108 
* * 480 80 140 3 0 1 3
+5 +1 20
+3 * 20
+3 * 20
+3 * 20
+3 * 20 0 20
cfn=(1040)
calls=20 0x633b0 600 
* * 9275 1958 1459 44 124 59 44 6
+6 +1 20
+3 * 20 0 20
cfi=(291)
cfn=(1056)
calls=20 0x5a7b0 117 
* * 7852 1989 1196 22 27 113 22 0 2
+5 * 20
jump=20 0x66053 +22 
* * 

fl=(106) /usr/src/debug/glibc/glibc/string/../sysdeps/x86_64/multiarch/memset.c
fn=(356) memset
0xaafd0 29 4 0 0 2 0 0 1
fi=(107) /usr/src/debug/glibc/glibc/string/../sysdeps/x86_64/multiarch/ifunc-memset.h
+4 +32 4 4 0 0 2
+7 * 4
+7 * 4 4 0 0 1
+6 * 4
+3 * 4
+2 +3 4 4 0 0 2
+6 * 4
+6 * 4
+2 -12 4
+2 * 4 0 0 2 0 0 1
+6 +28 4
+3 * 4
+2 +2 4
+2 * 4
+6 +10 4
+3 * 4
jcnd=4/4 0xab0a0 +8 
* * 
fe=(106)
+73 -63 4 4 0 2 0 0 1
fi=(107)
+68 +71 4 0 0 2 0 0 1
+3 * 4
+2 -48 4
+7 +1 4
+2 * 4
jfi=(106)
jcnd=4/4 -82 -24 
* * 
fe=(106)

fl=(183)
fn=(604)
0x920d0 92 1 0 0 1 0 0 1
+4 * 1 0 1
+1 +4 1
+5 -4 1
+3 * 1 0 1
+1 * 1
+4 +4 1
+7 * 1 1
+9 * 1 0 1
+4 * 1
+4 * 1
+3 * 1 1 1 1 0 0 1
cob=(1)
cfi=(11)
cfn=(28)
calls=1 0x13590 438 
* * 24 4 1 0 2 0 0 2
+6 +2 1
+7 * 1
+3 * 1
+5 * 1 1 1
cob=(1)
cfi=(11)
cfn=(28)
calls=1 0x13590 438 
* * 24 4 1 0 2 0 0 2
+6 +2 1
+7 * 1
+3 * 1
+5 * 1 1 1
cob=(1)
cfi=(11)
cfn=(28)
calls=1 0x13590 438 
* * 24 4 1 0 2 0 0 2
+6 +2 1
+7 * 1
+3 * 1
+5 * 1 1 1 1 0 0 1
cob=(1)
cfi=(11)
cfn=(28)
calls=1 0x13590 438 
* * 24 4 1 0 2 0 0 2
+6 +2 1
+7 * 1
+3 * 1
+5 * 1 1 1
cob=(1)
cfi=(11)
cfn=(28)
calls=1 0x13590 438 
* * 24 4 1 0 2 0 0 2
+6 +3 1 1 0 0 1 0 0 1
+6 * 1
+2 * 1
+2 +1 1 0 1 0 0 1 0 0 1
+10 +1 1 1
+4 * 1 1
+9 * 1
+2 * 1 1
+4 * 1 1
+1 * 1 1

fl=(321)
fn=(1242) __run_exit_handlers
0x401a0 45 1 0 0 1 0 0 1
+4 * 1 0 1
+1 * 1
+3 * 1 0 1
+2 * 1 0 1
+2 * 1
+3 * 1 0 1
+2 * 1
+3 * 1 0 1
+2 * 1 0 1
+1 * 1
+4 * 1 0 1
+3 +2 1 1 0 1 0 0 1
+9 * 1 1 0 0 1
+7 * 1
+2 * 1
+2 * 1
+5 * 1 0 1
+8 * 1
+6 * 1 0 1
+7 * 1 0 1
+7 +3 1
+2 * 1
jcnd=1/1 0x4040f +1 
* * 
+6 +3 1 0 0 1 0 0 1
+7 * 1
+2 * 1
+5 * 1 0 1 0 0 1
+4 * 1
+6 * 1
+11 * 1
+2 +11 1 1 0 0 1
+3 +2 1
+3 * 1
+6 +8 12 12 0 0 1
+4 * 12
+3 * 12
jcnd=1/12 0x402c5 +55 
* * 
+6 +2 12
+4 +1 12 12 0 1 0 0 1
+7 -1 12 0 12
+4 +3 12
+4 * 12
+3 * 12 12 0 0 1
+4 * 12
+4 * 12
+6 * 12
+4 * 12
jcnd=1/12 0x40360 +33 
* * 
+6 * 11
+4 * 11
jcnd=11/11 -63 -5 
* * 
+61 +44 1 1 0 1 0 0 1
+7 * 1
+3 * 1
+6 -49 1 1
+4 * 1
+3 * 1 0 0 1 0 0 1
jcnd=1/1 0x40239 +2 
* * 
+6 +55 1 1
+3 * 1 0 1
+3 +1 1
+3 * 1
jcnd=1/1 +34 +6 
* * 
+34 +6 1
+2 -66 1 0 1 0 0 1
+7 +66 1 1 1
+2 * 1
+3 * 1 0 0 1 0 0 1
+6 +2 1 1
+4 * 1
jcnd=1/1 0x40405 +1 
* * 
+6 +3 1
+3 * 1 0 1
cfi=(339)
cfn=(1424)
calls=1 0xe3f00 27 
* * 6 1 0 1 0 0 1
+79 -29 1 1 0 1 0 0 1
+4 +1 1 1 0 0 1
+4 -2 1 0 1
+8 +3 1
+3 +3 1
+2 -3 1
+4 * 1 1 0 1 0 0 1
+9 +3 1 1 1
+2 * 1
+3 * 1
+2 +1 1
+3 * 1
+3 * 1 0 1
cob=(1)
cfi=(323) /usr/src/debug/glibc/glibc/elf/dl-fini.c
cfn=(1246) _dl_fini
calls=1 0x4e60 -92 
* * 3626 1183 611 108 126 20 88 1 2
+2 +1 1
+2 * 1
+5 * 1 0 1
+4 * 1
jcnd=1/1 0x402a8 +4 
* * 
0x40405 +20 1 0 1
cfi=(280)
cfn=(1414)
calls=1 0x90080 874 
* * 487 156 105 31 6 0 31 1
+5 * 1
jump=1 0x4030e +2 
* * 
+5 -88 1 0 1 1 0 0 1
cfi=(322)
cfn=(1244)
calls=1 0x3ff80 +97 
* * 13 6 3 2 0 0 2
+5 * 1
jump=1 0x401fb +2 
* * 

fn=(1240)
0x40450 147 1 0 0 1 0 0 1
+4 * 1 0 1
+1 +1 1
+5 * 1
+5 * 1
+7 -1 1
+3 +1 1 0 1
cfn=(1242)
calls=1 0x401a0 45 
* * 4383 1394 752 152 137 22 132 2 2

fl=(301) /usr/src/debug/glibc/glibc/libio/iofopen.c
fn=(1076) fopen@@GLIBC_2.2.5
0x80560 85 20 0 0 1 0 0 1
+4 +1 20
+5 * 20
cfn=(1078) __fopen_internal
calls=20 0x80460 -29 
* * 10164 2443 2471 40 64 45 40 2 6

fn=(1078)
0x80460 57 20 0 0 1 0 0 1
+4 * 20 0 20
+1 * 20
+3 * 20 0 20
+2 * 20 0 20
+2 * 20
+3 * 20 0 20
+2 * 20
+3 * 20 0 20
+2 * 20
+3 +8 20
+5 -8 20 0 20
+1 * 20 0 0 1 0 0 1
+4 +8 20 20 20 0 19
cfi=(253)
cfn=(874)
calls=20 0xa6190 3385 
* * 1044 263 151 0 2 1 0 0 1
+6 +2 20
+3 * 20
+6 * 20
+3 +3 20
+7 +2 20
+2 * 20
+2 * 20
+7 -2 20 0 20 0 0 1 0 0 1
+7 +2 20
+3 * 20
+3 * 20
+7 * 20 0 20 1 0 0 1
cfi=(280)
cfn=(1080)
calls=20 0x8f6f0 589 
* * 1140 180 580 4 1 42 4 1 4
+6 +1 20
+7 +1 20
+3 -1 20 0 20
+7 +1 20 0 20
cfi=(279)
cfn=(1084) _IO_new_file_init_internal
calls=20 0x8c170 +33 
* * 2260 620 680 14 2 1 14
+5 +1 20
+3 * 20
+3 * 20
+3 * 20
+3 * 20 0 20
cfi=(279)
cfn=(1092) _IO_file_fopen@@GLIBC_2.2.5
calls=20 0x8c500 214 
* * 4760 1200 820 18 40 0 18 1
+5 * 20
+3 * 20
+2 -38 20 20
+4 * 20
jcnd=20/20 +55 +44 
* * 
+55 +44 20 0 0 1 0 0 1
+4 * 20
+3 * 20 20
+1 * 20 20
+2 * 20 20
+2 * 20 20
+2 * 20 20
+2 * 20 20
+1 * 20 20

fl=(90) /usr/src/debug/glibc/glibc/debug/../sysdeps/x86_64/multiarch/memmove_chk.c
fn=(312) __memmove_chk
0x125ce0 29 2 0 0 1 0 0 1
fi=(91)
+4 +28 2 2
+7 * 2
+7 * 2 2
+6 -1 2
+3 * 2
+2 +4 2 2 0 1 0 0 1
+6 * 2
+6 * 2
+2 +14 2
+3 * 2
+2 +3 2
+2 * 2
+6 +8 2
+6 * 2
jcnd=2/2 +34 +8 
* * 
+34 +8 2 0 0 1 0 0 1
+3 * 2
jcnd=2/2 0x125dd8 +3 
* * 
0x125dd8 +3 2 0 0 1 0 0 1
+6 * 2
+7 * 2
+7 * 2
+4 * 2 2
fe=(90)

fl=(226) /usr/src/debug/glibc/glibc/string/../sysdeps/x86_64/multiarch/strlen-avx2.S
fn=(764) __strlen_avx2
0x16f040 52 69 0 0 1 0 0 1
+4 +13 69
+2 +1 69
+3 +1 69
+4 +3 69
+5 +2 69
+5 +1 69
+6 +3 69 69 0 0 4 0 0 4
+4 +1 69
+4 +8 69
+2 +1 69
+2 +1 69
+4 +5 69
+3 * 69 69

fl=(273) /usr/src/debug/glibc/glibc/setjmp/../sysdeps/x86_64/setjmp.S
fn=(972) __sigsetjmp
0x3d800 31 1 0 0 1 0 0 1
+4 +2 1 0 1
+3 +9 1
+3 +1 1 1
+9 * 1
+4 +1 1 0 1
+4 +4 1 0 1
+4 +1 1 0 1
+4 +1 1 0 1
+4 +1 1 0 1
+4 +1 1
+5 +2 1 1
+9 * 1
+4 +2 1 0 1 1 0 0 1
+4 +1 1 1
+4 +1 1
+1 +2 1 1
+9 * 1
+4 +2 1 0 1
+4 +5 1 1 0 0 1
+12 +1 1
jcnd=1/1 +11 +17 
* * 
+11 +17 1
cfi=(274)
cfn=(974)
calls=1 +18 -57 
* * 13 3 3 1 0 0 1

fl=(309) /usr/src/debug/glibc/glibc/libio/ioungetc.c
fn=(1142) ungetc
0x82df0 31 3907000 0 0 1 0 0 1
+4 +3 3907000
+3 * 3907000
jcnd=20/3907000 0x82f22 +1 
* * 
+6 -3 3906980 0 3906980
+1 * 3906980 0 0 1 0 0 1
+3 * 3906980 0 3906980
+2 * 3906980 0 3906980
+2 * 3906980
+3 * 3906980 0 3906980
+1 * 3906980
+3 * 3906980
+4 +5 3906980 3906980
+4 * 3906980
jcnd=3906980/3906980 0x82ec0 +6 
* * 
0x82ec0 +6 3906980 0 0 1 0 0 1
+4 -5 3906980
+4 * 3906980
+3 +5 3906980 3906980
+1 * 3906980 3906980
+2 * 3906980 3906980
+2 * 3906980 3906980
+1 -5 3906980
cfi=(280)
cfn=(1144)
calls=3906980 0x8f880 661 
* * 101581480 31255840 19534900 2 0 0 2
+81 -2 20 0 0 1 0 0 1
+5 +7 20 20

fl=(84) /usr/src/debug/glibc/glibc/string/../sysdeps/x86_64/multiarch/mempcpy.c
fn=(300) mempcpy
0xaae20 33 1 0 0 1 0 0 1
fi=(85) /usr/src/debug/glibc/glibc/string/../sysdeps/x86_64/multiarch/ifunc-memmove.h
+4 +24 1 1
+7 * 1
+7 * 1 1
+6 -1 1
+3 * 1
+2 +4 1 1 0 1 0 0 1
+6 * 1
+6 * 1
+2 +14 1
+3 * 1
+2 +3 1
+2 * 1
+6 +8 1
+6 * 1
jcnd=1/1 +34 +8 
* * 
+34 +8 1 0 0 1 0 0 1
+3 * 1
jcnd=1/1 0xaaf18 +3 
* * 
0xaaf18 +3 1 0 0 1 0 0 1
+6 * 1
+7 * 1
+7 * 1
+4 * 1 1
fe=(84)

fl=(101) /usr/src/debug/glibc/glibc/wcsmbs/../sysdeps/x86_64/multiarch/wcsncpy.c
fn=(340) wcsncpy
0xc34c0 31 1 0 0 1 0 0 1
fi=(87) /usr/src/debug/glibc/glibc/wcsmbs/../sysdeps/x86_64/multiarch/ifunc-wcs.h
+4 +9 1 1
+7 * 1
+7 * 1 1
+6 -1 1
+2 * 1
+2 * 1
+6 * 1
jcnd=1/1 +6 +2 
* * 
+6 +2 1 1
+6 * 1
+3 * 1
+2 +3 1
+2 * 1
+2 +4 1
+3 * 1 0 0 1 0 0 1
+7 * 1
+7 * 1
fe=(101)
+4 -17 1 1

fl=(132) /usr/src/debug/glibc/glibc/string/../sysdeps/x86_64/multiarch/strcasecmp_l.c
fn=(426) strcasecmp_l
0xab330 31 1
fi=(83)
+4 +6 1 1
+7 * 1 1 0 1 0 0 1
+6 -1 1
+2 * 1
+2 * 1
+6 * 1
jcnd=1/1 +45 +2 
* * 
fe=(132)
+36 -5 1
+3 * 1 1
fi=(83)
+6 +7 1 1
+6 * 1 0 0 1 0 0 1
+6 * 1
+2 +3 1
+2 * 1
+2 +4 1
+7 * 1
+3 * 1
+2 +3 1
+6 * 1
+7 * 1
+2 * 1
jfi=(132)
jump=1 -54 -17 
* * 
fe=(132)

fl=(257)
fn=(892)
0x117170 37 15 0 0 1 0 0 1
+4 * 15 0 15
+1 * 15
+3 * 15 0 15
+2 * 15 0 15
+2 * 15 0 15
+1 * 15
+3 * 15 0 0 1 0 0 1
+4 +6 15 15 0 0 13
+7 * 15
jcnd=15/15 +45 -3 
* * 
+28 +35 1
+4 * 1
+3 * 1 1
+1 * 1 1
+2 * 1 1
+2 * 1 1
+1 * 1 1
+4 -38 15 15 0 0 13
+7 * 15 15 0 1 14 0 1 1
+4 +18 15
+3 * 15
jcnd=1/15 +90 +1 
* * 
+2 +4 15
+3 * 15
jcnd=1/15 -36 +16 
* * 
+2 +4 14
+2 * 14
+3 * 14
+3 * 14
+2 +8 14 0 14
cfi=(258)
cfn=(894)
calls=14 0x10e410 -38 
* * 126 28 14
+5 * 14
+2 * 14
+2 +4 14
+4 * 14
+3 * 14 14
+1 * 14 14
+2 * 14 14
+2 * 14 14
+1 * 14 14
+51 -19 1 0 0 1 0 0 1
+2 * 1 0 1
cfi=(258)
cfn=(894)
calls=1 0x10e410 -23 
* * 9 2 1 1 0 0 1
+5 * 1
+2 * 1
+2 +4 1 1
+4 * 1
jump=1 0x1171c8 -1 
* * 

fl=(82) /usr/src/debug/glibc/glibc/string/../sysdeps/x86_64/multiarch/strncase.c
fn=(296) strncasecmp
0xadd10 31 1 0 0 1 0 0 1
fi=(83)
+4 +6 1 1
+7 * 1 1 0 0 1
+6 -1 1
+2 * 1
+2 * 1
+6 * 1
jcnd=1/1 +45 +2 
* * 
fe=(82)
+36 -5 1
+3 * 1 1
fi=(83)
+6 +7 1 1 0 1 0 0 1
+6 * 1
+6 * 1
+2 +3 1
+2 * 1
+2 +4 1
+7 * 1
+3 * 1
+2 +3 1
+6 * 1 0 0 1 0 0 1
+7 * 1
+2 * 1
jfi=(82)
jump=1 -54 -17 
* * 
fe=(82)

fl=(88) /usr/src/debug/glibc/glibc/string/../sysdeps/x86_64/multiarch/stpcpy.c
fn=(308) stpcpy
0xab1c0 33 1 0 0 1 0 0 1
fi=(89)
+4 +5 1 1
+7 * 1 1
+6 +1 1 1
+6 -1 1
+3 * 1
+2 +1 1
+3 * 1
+2 +3 1
+2 * 1
+2 +4 1
+7 * 1
+3 * 1
+2 +3 1
+7 * 1
+3 * 1
jfi=(88)
jcnd=1/1 +26 -16 
* * 
fe=(88)
+26 -16 1 1 0 1 0 0 1

fl=(270) /usr/src/debug/glibc/glibc/csu/../csu/libc-start.c
fn=(954) __libc_start_main@@GLIBC_2.34
0x274c0 242 1 0 0 1 0 0 1
+4 * 1 0 1
+1 * 1
+3 * 1 0 1
+2 * 1 0 1
+2 * 1
+3 * 1 0 1
+2 * 1 0 1
+2 * 1
+3 * 1 0 1
+1 * 1
+3 * 1
+4 * 1 0 1
+4 +69 1
+3 * 1
+2 * 1
+3 +1 1
+2 * 1
+2 * 1 0 1
cfi=(242) /usr/src/debug/glibc/glibc/stdlib/cxa_atexit.c
cfn=(840) __cxa_atexit
calls=1 0x3fc90 67 
* * 81 16 18 0 0 1 0 0 1
+5 +25 1 1
+7 * 1 1
+2 * 1
+3 * 1 0 1 1 0 0 1
+3 * 1
+4 * 1
+6 +6 1 1
+7 * 1 1
+3 -3 1
+3 * 1
jcnd=1/1 +51 128 
* * 
+18 +10 1 1
+3 * 1 1 1
cob=(1)
cfi=(47) /usr/src/debug/glibc/glibc/elf/dl-audit.c
cfn=(966) _dl_audit_preinit
calls=1 0x187e0 118 
* * 5 2 0 1 1 0 1
+6 +2 1
+3 * 1
+6 +8 1 1
+4 * 1
+3 * 1
+3 * 1 0 1
cfi=(271)
cfn=(968)
calls=1 0x27410 29 
* * 4685816852 1303336743 860759346 583 9848573 583558 550 110 27910
+5 128 1 1 0 1 0 0 1
+7 * 1 1 0 0 1
+3 +6 1 1 0 0 1
+7 * 1
+3 * 1
+2 +1 1 0 1
+4 * 1 1 0 0 1
+4 * 1
+3 * 1
+3 * 1 1
+3 * 1 0 1
cob=(4)
cfi=(185)
cfn=(956) 0x0000000000401000
calls=1 0x401000 0 
* * 7 2 0 1 0 0 1
+2 * 1 1
+4 +3 1 1
+7 +1 1 0 0 1 0 0 1
+3 * 1
+2 +3 1 1
+7 +1 1 1
+3 * 1 1
+4 -1 1 1
+4 * 1
+4 +2 1
+2 * 1
+2 * 1
+3 * 1
+4 * 1
+4 * 1 0 1
+4 * 1
jump=1 +10 +1 
* * 
+10 +1 1 0 1
+4 * 1
+3 * 1 0 0 1 0 0 1
+3 * 1 1 1 0 1 0 0 1
cob=(8)
cfi=(269) ???
cfn=(960) 0x0000000000401500
calls=1 0x401500 0 
* * 11 1 0 3 0 0 3
+2 -1 1 1
+4 * 1
+3 * 1
+3 * 1
+2 * 1
jump=1 0x2752b 350 
* * 

fl=(320) /usr/src/debug/glibc/glibc/io/../sysdeps/unix/sysv/linux/close_nocancel.c
fn=(1218) __close_nocancel
0x10d530 25 20
+4 +1 20
+5 * 20
+2 * 20 0 0 1 0 0 1
+6 * 20
+2 +1 20 20

fl=(128) /usr/src/debug/glibc/glibc/string/../sysdeps/x86_64/multiarch/strchrnul.c
fn=(414) strchrnul
0xabf80 31 1 0 0 1 0 0 1
fi=(110)
+4 +9 1 1
+7 * 1
+7 * 1 1
+6 -2 1
+2 * 1
+2 * 1
+6 * 1
jcnd=1/1 +14 +3 
* * 
fe=(128)
+2 -7 1
+3 * 1 1
fi=(110)
+9 +10 1 1
+7 * 1
+2 +1 1 1
+6 * 1 0 0 1 0 0 1
+3 * 1
+2 +3 1
+2 * 1
+2 +4 1
+7 * 1
+3 * 1
+2 +3 1
+3 * 1
+7 * 1
+7 * 1
+4 * 1
jfi=(128)
jump=1 -69 -21 
* * 
fe=(128)

fl=(222) /usr/src/debug/glibc/glibc/wcsmbs/btowc.c
fn=(752) btowc
0xbfa40 32 256 0 0 1 0 0 1
+4 * 256 0 256
+1 * 256
+3 * 256 0 256
+2 * 256 0 256
+2 * 256 0 256
+1 * 256
+4 +5 256 256
+9 * 256 0 256
+4 * 256
+6 * 256
+6 * 256
+6 * 256
+2 * 256
+3 * 256
+6 * 256
+2 +5 256
+3 * 256 0 0 1 0 0 1
jcnd=128/256 +32 +4 
* * 
+2 +52 128 128
+4 * 128 128
+9 * 128
+6 * 128
+4 * 128 128
+1 * 128 128
+2 * 128 128
+2 * 128 128
+1 * 128 128
+1 -48 128 128
+7 * 128 128
+4 * 128 128 0 0 1
fi=(345) /usr/src/debug/glibc/glibc/wcsmbs/./wcsmbsload.h
+3 +23 128 128
+4 +1 128 128 0 0 1
+4 * 128
+3 * 128
fe=(222)
+6 -23 128 128 0 1 1 0 1
+4 +1 128 128 0 0 1
+4 -1 128 128 0 0 1
+4 +1 128
jcnd=128/128 +15 +4 
* * 
+15 +4 128 128
+5 * 128
+2 * 128
+3 * 128
+2 +3 128
+3 * 128 0 128
cfi=(223) /usr/src/debug/glibc/glibc/elf/libc-dl-profstub.c
cfn=(754) _dl_mcount_wrapper_check
calls=128 0x169210 -15 
* * 640 384 0 1 0 0 1
+5 * 128 128
+4 * 128 128
+9 * 128 0 0 1 0 0 1
+6 * 128 128
+4 +39 128
+4 -39 128
+3 * 128
+3 +39 128 128
+1 * 128 128
+2 * 128 128
+2 * 128 128
+1 -39 128
cfi=(224) /usr/src/debug/glibc/glibc/iconv/gconv_simple.c
cfn=(756) __gconv_btwoc_ascii
calls=128 0x2a780 -6 
* * 768 128 0 1 0 0 1

fl=(203) /usr/src/debug/glibc/glibc/nptl/pthread_once.c
fn=(700) __pthread_once_slow.isra.0
0x9aa80 67 1 0 1 1 0 0 1
+1 * 1
+3 * 1 0 1
+2 * 1 0 1
+2 * 1 0 1
+1 * 1
+3 * 1
+4 * 1 1
+9 * 1 0 1 0 0 1
+4 * 1
+3 +9 1 1
+2 +4 1
+2 * 1
jcnd=1/1 +36 +8 
* * 
+2 +52 1 1
+4 * 1 1
+9 * 1
+6 * 1
+4 * 1 1
+1 * 1 1
+2 * 1 1
+2 * 1 1
+1 * 1 1
+5 -44 1 1 0 1 1 0 1 1
+6 * 1
+3 +4 1 0 1
+4 * 1
+2 +9 1
+2 * 1
jcnd=1/1 +79 +13 
* * 
+79 +13 1 0 0 1 0 0 1
+4 * 1
+4 * 1
+4 * 1 0 1
+4 * 1
+7 * 1 0 0 1 0 0 1
+3 * 1
+7 * 1 0 1
+7 * 1 0 1
+4 * 1 0 1
+7 * 1 0 1
+4 * 1 0 1
+4 * 1 0 1 0 0 1
cfi=(204)
cfn=(702)
calls=1 0x91ef0 -89 
* * 7 2 4 2 1 0 2
+5 +2 1 0 1
cob=(7)
cfi=(201) /usr/src/debug/gcc/gcc/libstdc++-v3/src/c++98/locale.cc
cfn=(704) std::locale::facet::_S_initialize_once()
calls=1 0xc3b90 +92 
* * 59 18 11 8 1 1 8
+3 +2 1
+2 * 1
+3 * 1 0 1
cfi=(204)
cfn=(710)
calls=1 0x91f20 -78 
* * 6 2 1 1 0 0 1
fi=(207) /usr/src/debug/glibc/glibc/nptl/../sysdeps/nptl/futex-internal.h
+5 +91 1
+3 * 1
+5 * 1 0 0 1 0 0 1
fe=(203)
+5 -85 1 0 1
fi=(207)
+6 +85 1
+3 * 1
+5 * 1
+2 * 1
+6 * 1
jfi=(203)
jcnd=1/1 0x9aaa6 -77 
* * 
fe=(203)

fn=(698) pthread_once@@GLIBC_2.34
0x9abd0 136 14 0 0 1 0 0 1
+4 +3 14 14 0 0 1 0 0 1
+2 +1 14
+2 * 14
jcnd=1/14 +8 -4 
* * 
+2 +4 13
+2 * 13 13
+4 -8 1 0 1
+1 * 1
+3 +7 1 0 1
cfn=(700)
calls=1 0x9aa80 -76 
* * 126 32 32 16 3 3 16 1
+5 +1 1
+2 * 1 1
+1 * 1 1

fl=(118) /usr/src/debug/glibc/glibc/wcsmbs/../sysdeps/x86_64/multiarch/wcscmp.c
fn=(388) wcscmp
0xc1ab0 30 2 0 0 1 0 0 1
fi=(114) /usr/src/debug/glibc/glibc/wcsmbs/../sysdeps/x86_64/multiarch/ifunc-avx2.h
+4 +10 2 2 0 0 1
+7 * 2 0 0 1 0 0 1
+7 * 2 2
+6 -2 2
+2 * 2
+2 * 2
+6 * 2
jcnd=2/2 +14 +3 
* * 
fe=(118)
+2 -8 2
+3 * 2 2
fi=(114)
+9 +11 2 2 0 0 1
+7 * 2
+2 +1 2 2 0 0 1
+6 * 2
+3 * 2
+2 +3 2
+2 * 2
+2 +4 2
+7 * 2 0 0 1 0 0 1
+3 * 2
+2 +3 2
+3 * 2
+7 * 2
+7 * 2
+4 * 2
jfi=(118)
jump=2 -69 -22 
* * 
fe=(118)

fl=(302)
fn=(1088)
0x92590 24 3907022 0 0 1 0 0 1
+4 +1 3907022 3907022
+9 +2 3907022 3907022 0 0 1
+9 * 3907022 0 3907022
+4 +2 3907022
+7 * 3907022 3907022
+6 +3 3907022
+2 * 3907022
+2 +14 3907022
+2 * 3907022
+3 * 3907022 0 3907022 1 0 0 1
+3 +2 3907022 0 3907022
+9 +1 3907022 3907022

fn=(1090)
0x925e0 54 3907022
+4 +3 3907022 3907022
+4 * 3907022 0 3907022
+9 +2 3907022 3907022
+9 * 3907022 0 0 1 0 0 1
+7 * 3907022 3907022
+6 +1 3907022 3907022
+3 * 3907022
+2 * 3907022
jcnd=3907022/3907022 +25 +11 
* * 
+25 +11 3907022 3907022

fl=(324) /usr/src/debug/glibc/glibc/nptl/pthread_mutex_lock.c
fn=(1248) pthread_mutex_lock@@GLIBC_2.2.5
0x98c50 77 1 0 0 1 0 0 1
+4 +3 1 1
+3 * 1
+2 * 1
+6 +2 1
+1 +2 1
+3 * 1
+6 -7 1 0 1
+1 * 1
+3 * 1 0 1
+1 * 1
+4 +11 1
+2 * 1
jcnd=1/1 0x98d28 +9 
* * 
+74 +91 1 1 0 1 0 0 1
+8 +3 1 0 1
+3 +2 1 0 1
+4 +3 1
+1 -63 1
+2 +66 1 1
+4 * 1 1
+1 * 1 1
+83 -93 1 0 0 1 0 0 1
+6 * 1
+2 +11 1 1
+3 * 1
+3 * 1
+3 * 1
+6 +4 1 1 0 1 1 0 1
+8 +3 1 1
+3 * 1
jcnd=1/1 +65 -71 
* * 
+65 -71 1 1 0 1 0 0 1
+3 +1 1
+6 * 1
+2 * 1 1
+7 * 1
+2 * 1 1
+2 * 1
+2 * 1
+2 +1 1 0 1
+6 +84 1 1
+3 * 1
+2 * 1
+6 +1 1 0 1
+7 * 1 0 0 1 0 0 1
jump=1 0x98cbe +48 
* * 

fl=(223)
fn=(754)
0x169210 40 128 0 0 1 0 0 1
+4 +1 128 128
+7 * 128 128
+8 * 128
jcnd=128/128 +37 +1 
* * 
+37 +1 128 128

fl=(328)
fn=(1278)
0x1005a0 82 4 0 0 1 0 0 1
+4 * 4 0 4
+1 +1 4
+2 * 4
+5 -1 4
+3 * 4 0 4
+1 * 4
+3 * 4
+4 +1 4 0 4 0 0 1 0 0 1
+8 * 4 0 0 1 0 0 1
fi=(329) /usr/src/debug/glibc/glibc/posix/../malloc/dynarray-skeleton.c
+6 243 4 4
fe=(328)
+7 71 4
+3 * 4
jcnd=4/4 0x1006c2 +38 
* * 
0x1006c2 +38 4 0 0 1 0 0 1
+2 * 4 4 4
+6 * 4
+3 * 4
+2 +1 4 4
+4 * 4 4
+1 * 4 4

fl=(92) /usr/src/debug/glibc/glibc/wcsmbs/../sysdeps/x86_64/multiarch/wmemcmp.c
fn=(316) wmemcmp
0xcfdc0 29 2 0 0 1 0 0 1
fi=(93) /usr/src/debug/glibc/glibc/wcsmbs/../sysdeps/x86_64/multiarch/ifunc-memcmp.h
+4 +5 2 2 0 0 1
+7 * 2
+7 * 2 2
+6 * 2
+3 * 2
+2 +1 2 2
+7 * 2
+2 +1 2
+3 * 2
+2 +1 2 2
+6 * 2
+3 * 2
+2 +3 2
+2 * 2
+2 +4 2 0 0 1 0 0 1
+7 * 2
+3 * 2
+2 +3 2
+3 * 2
+7 * 2
+7 * 2
fe=(92)
+4 -18 2
+3 * 2 2

fl=(224)
fn=(756)
0x2a780 49 128 0 0 1 0 0 1
+4 +2 128
+4 * 128
+3 * 128
+5 * 128
+3 +3 128 128

fl=(100) /usr/src/debug/glibc/glibc/string/../sysdeps/x86_64/multiarch/memcmpeq.c
fn=(336) memcpy@@GLIBC_2.14
0xaa490 29 5 0 0 2 0 0 1
fi=(85)
+4 +28 5 5 0 0 1
+7 * 5
+7 * 5 5
+6 -1 5
+3 * 5
+2 +4 5 5 0 0 1
+6 * 5
+6 * 5
+2 +14 5
+3 * 5
+2 +3 5 0 0 2 0 0 1
+2 * 5
+6 +8 5
+6 * 5
jcnd=5/5 +34 +8 
* * 
+34 +8 5
+3 * 5
jcnd=5/5 0xaa588 +3 
* * 
0xaa588 +3 5 0 0 2 0 0 1
+6 * 5
+7 * 5
+7 * 5
+4 * 5 5
fe=(100)

fl=(102) /usr/src/debug/glibc/glibc/debug/../sysdeps/x86_64/multiarch/memcpy_chk.c
fn=(344) __memcpy_chk
0x125bc0 29 2 0 0 1 0 0 1
fi=(91)
+4 +28 2 2
+7 * 2
+7 * 2 2
+6 -1 2
+3 * 2
+2 +4 2 2
+6 * 2
+6 * 2
+2 +14 2
+3 * 2
+2 +3 2
+2 * 2
+6 +8 2
+6 * 2
jcnd=2/2 +34 +8 
* * 
+34 +8 2 0 0 1 0 0 1
+3 * 2
jcnd=2/2 0x125cb8 +3 
* * 
0x125cb8 +3 2 0 0 1 0 0 1
+6 * 2
+7 * 2
+7 * 2
+4 * 2 2
fe=(102)

fl=(94) /usr/src/debug/glibc/glibc/wcsmbs/../sysdeps/x86_64/multiarch/wcscat.c
fn=(320) wcscat
0xc19a0 31 1 0 0 1 0 0 1
fi=(87)
+4 +9 1 1
+7 * 1
+7 * 1 1
+6 -1 1
+2 * 1
+2 * 1 0 0 1 0 0 1
+6 * 1
jcnd=1/1 +6 +2 
* * 
+6 +2 1 1
+6 * 1
+3 * 1
+2 +3 1
+2 * 1
+2 +4 1
+3 * 1
+7 * 1
+7 * 1
fe=(94)
+4 -17 1 1

fn=(376) wcschr
0xc1a00 31 2 0 0 1 0 0 1
fi=(114)
+4 +9 2 2
+7 * 2
+7 * 2 2
+6 -2 2
+2 * 2
+2 * 2
+6 * 2
jcnd=2/2 +14 +3 
* * 
fi=(115) /usr/src/debug/glibc/glibc/wcsmbs/../sysdeps/x86_64/multiarch/wcschr.c
+2 -7 2
+3 * 2 2
fi=(114)
+9 +10 2 2
+7 * 2
+2 +1 2 2
+6 * 2 0 0 1 0 0 1
+3 * 2
+2 +3 2
+2 * 2
+2 +4 2
+7 * 2
+3 * 2
+2 +3 2
+3 * 2
+7 * 2
+7 * 2
+4 * 2
jfi=(115)
jump=2 -69 -21 
* * 
fe=(94)

fl=(296)
fn=(1052)
0x58dc0 169 20 0 0 1 0 0 1
+4 +3 20
+2 * 20
+7 * 20
+7 * 20
+4 +2 20
+3 * 20
jcnd=20/20 0x58e80 +9 
* * 
0x58e80 +9 20 0 0 1 0 0 1
+10 * 20
+11 * 20
+11 * 20
+11 * 20
+11 * 20
+10 * 20 0 0 1 0 0 1
+3 * 20
+3 * 20
+4 * 20
+3 * 20
+4 * 20
+4 * 20
+3 * 20
+3 * 20 20 0 0 20 0 0 1
+5 * 20 0 20
+2 * 20
+3 * 20
+3 * 20
+4 * 20
jcnd=10/20 -44 * 
* * 
-44 * 10
+3 * 10
+3 * 10
+4 * 10
+3 * 10
+4 * 10
+4 * 10
+3 * 10
+3 * 10 10
+5 * 10 0 10
+2 * 10
+3 * 10
+3 * 10
+4 * 10
+2 +9 20
+3 * 20 20

fl=(305) /usr/src/debug/glibc/glibc/libio/getc.c
fn=(1110) getc
0x89360 34 8933920 0 0 1 0 0 1
+4 * 8933920 0 8933920
+1 * 8933920
+3 * 8933920 0 8933920
+2 * 8933920 0 8933920
+1 * 8933920
+3 * 8933920
+4 +3 8933920 8933920
+4 * 8933920
jcnd=8933920/8933920 0x89430 +1 
* * 
0x89430 +1 8933920 8933920 0 1 0 0 1
+4 * 8933920 8933920
+4 * 8933920
jcnd=1060/8933920 0x894c0 +5 
* * 
+6 * 8932860 0 0 1 0 0 1
+4 * 8932860 0 8932860
+4 * 8932860 8932860 0 0 78394 0 0 11
+3 +5 8932860
+4 * 8932860 8932860
+1 * 8932860 8932860
+2 * 8932860 8932860
+1 * 8932860 8932860
0x894c0 * 1060 0 0 1 0 0 1
+4 * 1060 1060
+1 * 1060 1060
+2 * 1060 1060
+1 -5 1060
cfi=(280)
cfn=(1112)
calls=1060 0x8ef30 325 
* * 205805 68051 42149 20 4123 2 20 0 1

fl=(86) /usr/src/debug/glibc/glibc/wcsmbs/../sysdeps/x86_64/multiarch/wcpcpy.c
fn=(304) wcpncpy
0xc1610 31 1 0 0 1 0 0 1
fi=(87)
+4 +9 1 1
+7 * 1
+7 * 1 1
+6 -1 1
+2 * 1
+2 * 1
+6 * 1
jcnd=1/1 +6 +2 
* * 
+6 +2 1 1
+6 * 1 0 0 1 0 0 1
+3 * 1
+2 +3 1
+2 * 1
+2 +4 1
+3 * 1
+7 * 1
+7 * 1
fi=(346) /usr/src/debug/glibc/glibc/wcsmbs/../sysdeps/x86_64/multiarch/wcpncpy.c
+4 -17 1 1
fe=(86)

fl=(109) /usr/src/debug/glibc/glibc/string/../sysdeps/x86_64/multiarch/strnlen.c
fn=(364) strnlen
0xae010 31 2 0 0 1 0 0 1
fi=(110)
+4 +9 2 2
+7 * 2
+7 * 2 2
+6 -2 2
+2 * 2
+2 * 2
+6 * 2
jcnd=2/2 +14 +3 
* * 
fe=(109)
+2 -7 2
+3 * 2 2
fi=(110)
+9 +10 2 2 0 1 1 0 1
+7 * 2
+2 +1 2 2
+6 * 2
+3 * 2
+2 +3 2
+2 * 2
+2 +4 2
+7 * 2
+3 * 2
+2 +3 2
+3 * 2
+7 * 2
+7 * 2
+4 * 2
jfi=(109)
jump=2 -69 -21 
* * 
fe=(109)

fl=(191) /usr/src/debug/glibc/glibc/libio/stdfiles.c
fn=(646) _IO_stdfiles_init
0x272a0 64 1
+4 +3 1 1 0 0 1
+7 * 1
+3 * 1
+2 -1 1
+7 * 1
+9 +3 1 0 1 1 0 0 1
+7 -1 1
+4 -1 1 1 0 0 1
+4 * 1
+3 * 1
jcnd=1/1 -18 +2 
* * 
-18 +2 2 0 2 0 0 1
+7 -1 2
+4 -1 2 2 0 0 2
+4 * 2
+3 * 2
jcnd=1/2 -18 +2 
* * 
+2 +3 1 1

fl=(279)
fn=(1116)
0x8cb70 463 5140
+4 +4 5140 5140
+2 * 5140
+2 * 5140
+6 -4 5140 0 5140
+1 * 5140 0 0 1 0 0 1
+3 * 5140 0 5140
+2 * 5140 0 5140
+2 * 5140 0 5140
+2 * 5140 0 5140
+2 * 5140 0 5140 0 0 4080
+1 * 5140
+3 * 5140
+4 +7 5140
+2 * 5140
+6 +6 5140 5140
+4 * 5140 5140
+4 * 5140
+6 +3 5140 5140
+5 * 5140
jcnd=20/5140 0x8cd98 +3 
* * 
+6 +12 5120
+5 * 5120
jfi=(283)
jcnd=5120/5120 0x8cc80 1036 
* * 
fi=(283)
0x8cc80 1036 5140 0 0 1 0 0 1
fe=(279)
+7 507 5140
+3 * 5140 0 5140
cfi=(280)
cfn=(1120)
calls=5140 0x8ec90 190 
* * 133640 46260 41120 3 0 0 3
+5 +11 5140 5140
+7 -5 5140 5140
fi=(283)
+4 1036 5140
fe=(279)
+3 513 5140 0 5140
fi=(283)
+4 1036 5140
fe=(279)
+3 513 5140 0 5140
+4 +1 5140 0 5140
+4 +2 5140 0 5140
+4 -1 5140 0 5140
+4 * 5140 0 5140
fi=(283)
+4 1037 5140
+6 * 5140 0 0 1 0 0 1
fe=(279)
+6 518 5140 5140
+4 * 5140
+3 * 5140
+3 * 5140 5140 5140 0 5081
cfn=(1122) _IO_file_read
calls=5140 0x8da90 1132 
* * 236440 77100 41120 2 0 4080 2
+5 +9 5140 5140
+4 -7 5140
+3 * 5140
jcnd=20/5140 +78 +13 
* * 
+2 +7 5120
+3 * 5120 0 5120
+4 +9 5120 5120
+7 * 5120
+4 * 5120
jcnd=5120/5120 +12 +2 
* * 
+12 +2 5120 5120
+4 * 5120 5120 0 1 5100 0 1
+3 +1 5120
+4 * 5120 5120
+1 * 5120 5120
+2 * 5120 5120
+2 * 5120 5120
+2 * 5120 5120
+2 * 5120 5120
+1 * 5120 5120
-14 * 20
+4 * 20 20
+1 * 20 20
+2 * 20 20
+2 * 20 20
+2 * 20 20
+2 * 20 20
+1 * 20 20
+25 -6 20 0 20
+11 -10 20 20
+2 * 20
+2 * 20
+3 * 20
+3 * 20
+3 * 20 0 0 1 0 0 1
+3 * 20 0 20
+2 -55 20
+5 * 20
jump=20 -73 +71 
* * 
+78 +14 20 20 0 1 0 0 1
+4 * 20
+3 * 20
jcnd=20/20 +24 +5 
* * 
+24 +5 20
+3 * 20 0 20
cfi=(280)
cfn=(996)
calls=20 0x8f0e0 369 
* * 5365 1311 769 2 22 2 2 0 1
+5 +4 20 20 0 1 0 0 1
+2 * 20
+5 * 20
+6 * 20
jfi=(283)
jump=20 0x8cc80 1036 
* * 

fn=(1122)
0x8da90 1132 5140 0 0 1 0 0 1
+4 +3 5140 5140
+4 -1 5140 5140
+3 +1 5140
+2 * 5140
cfi=(306) /usr/src/debug/glibc/glibc/io/../sysdeps/unix/sysv/linux/read.c
cfn=(1124) read
calls=5140 0x10ca20 25 
* * 210740 66820 41120 1 0 4080 1

fn=(994)
0x8cfc0 733 28 0 0 1 0 0 1
+4 * 28 0 28
+1 * 28
+3 * 28 0 28
+2 * 28 0 28
+2 * 28 0 28
+1 * 28
+3 * 28
+4 +1 28 28
+2 * 28
+2 * 28
+6 +7 28 28
+4 * 28
+3 * 28
+3 * 28
jcnd=2/28 +88 +3 
* * 
+2 * 26
+3 * 26
+6 +37 26 26
+4 -2 26
+4 * 26 0 0 1 0 0 1
jcnd=20/26 0x8d0a9 +2 
* * 
+6 +3 6 6
+4 * 6
+6 +3 6
+4 * 6 0 6
+4 * 6 0 6 0 0 1 0 0 1
+3 +1 6 6
+2 * 6
+2 * 6
+6 +1 6
+3 * 6
+2 * 6
+4 * 6
jcnd=1/6 0x8d0c8 +2 
* * 
+6 +4 6
+4 +1 6
+4 * 6 6
+1 * 6 6
+2 * 6 6
+2 * 6 6
+1 * 6 6
+3 -45 2 0 0 1 0 0 1
+3 * 2
jcnd=2/2 0x8d170 +2 
* * 
+10 +12 2
+3 * 2
+6 +9 2 2
+4 * 2
+3 * 2
+6 +5 2 2
+4 * 2 0 2
+4 * 2 0 2
+4 +2 2
+2 * 2
+3 -5 2 0 2
+4 +5 2 0 2
+2 +1 2 2
+6 -5 2 0 2 1 0 0 1
+4 +1 2 0 2
+4 +4 2
+2 * 2
+6 * 2
+5 * 2
+6 +1 2 0 2
+4 +2 2
+4 * 2
+6 +2 22 22
+4 +11 22
+4 -12 22
+3 +12 22 22
+1 * 22 22
+2 -11 22
+3 +11 22 22
+2 * 22 22
+1 -12 22 0 0 1 0 0 1
cfn=(998) _IO_do_write@@GLIBC_2.2.5
calls=22 0x8cb30 425 
* * 2846 782 532 1 19 55 1
+11 +9 1 1
+4 * 1 1
+4 -1 1
+3 +1 1
+3 -1 1 0 1
cfn=(998)
calls=1 0x8cb30 425 
* * 149 41 28 1 2 0 1
+5 * 1
+3 * 1
jcnd=1/1 0x8d02f +3 
* * 
0x8d170 -39 2 0 0 1 0 0 1
+3 * 2 0 2
cfi=(280)
cfn=(996)
calls=2 0x8f0e0 369 
* * 335 76 47 11 5 2 11 0 1
+5 +1 2 2
+4 +9 2 2
+2 -9 2 0 0 1 0 0 1
+5 * 2 0 2
+4 * 2
+4 * 2 0 2
+4 * 2
jump=2 0x8d04d +9 
* * 

fn=(1002) _IO_file_write@@GLIBC_2.2.5
0x8db20 1175 22 0 0 1 0 0 1
+4 * 22 0 22
+1 * 22
+3 * 22 0 22 0 0 19
+2 * 22
+3 * 22 0 22
+2 * 22 0 22
+2 * 22 0 22
+1 +2 22
+3 * 22
+6 * 22
+3 * 22 0 0 1 0 0 1
+3 -1 22
+3 * 22
jump=22 +33 +5 
* * 
+12 +6 22 0 22
cfi=(281)
cfn=(1004)
calls=22 0x10d510 25 
* * 902 286 176 5 2 18 5
+5 +1 22
+3 * 22
+2 +5 22
+3 +1 22
+3 -12 22
+3 * 22
jcnd=22/22 +77 +14 
* * 
+2 +4 22 22
+4 * 22
+3 * 22
+3 +1 22 22
+5 * 22
jcnd=22/22 -36 * 
* * 
+22 +10 22 22 0 0 20
+7 * 22
+3 * 22
jcnd=22/22 +12 +3 
* * 
+12 +3 22 22
+1 * 22 22
+2 * 22 22
+2 * 22 22
+2 * 22 22
+1 * 22 22
+8 -4 22 0 0 1 0 0 1
+3 * 22
+3 * 22
jump=22 -44 +1 
* * 

fn=(1212) _IO_file_close_it@@GLIBC_2.2.5
0x8c200 129 20 0 0 1 0 0 1
+4 * 20 0 20
+1 * 20
+3 * 20 0 20
+2 * 20 0 20
+2 * 20 0 20
+1 * 20
+4 +2 20 20
+4 * 20
+4 * 20
+6 +4 20 20
+2 * 20
+3 +3 20
+3 -3 20
+5 -1 20
+5 * 20
+6 +6 20
+3 +3 20
+3 -3 20 0 20 1 0 0 1
cfi=(280)
cfn=(1214)
calls=20 0x905e0 969 
* * 260 100 40 2 0 0 2
+5 +3 20 20
+4 * 20
+2 * 20 20
fi=(283)
+7 1036 20
+7 * 20
+3 * 20
+3 +1 20
+6 * 20
fe=(279)
+6 143 20
+3 * 20 20 20
cfn=(1216) _IO_file_close
calls=20 0x8db10 1166 
* * 180 40 0 1 0 0 1
+7 * 20
+3 +3 20 20
+6 * 20
+2 * 20
jcnd=20/20 +60 +8 
* * 
+60 +8 20 0 0 1 0 0 1
+2 * 20
+2 * 20
+2 * 20 0 0 1 0 0 1
+3 * 20 0 20
cfi=(280)
cfn=(1066)
calls=20 0x8f080 355 
* * 4120 1100 820 5 181 0 5
+5 +1 20
+4 +3 20
+3 -3 20 0 20
+4 * 20 0 20
+4 * 20 0 20
+4 +3 20 0 20
cfi=(280)
cfn=(1208)
calls=20 0x8e870 -91 
* * 80 40
+5 +5 20
+3 -4 20 0 20
+6 +1 20 0 20
+7 +3 20
+4 -2 20 0 20
+11 +3 20 0 0 1 0 0 1
+4 * 20
+3 * 20 20
+1 * 20 20
+2 * 20 20
+2 * 20 20
+1 * 20 20

fn=(1420)
0x8ca70 383 1 0 0 1 0 0 1
+4 * 1 0 1
+1 * 1
+3 * 1 0 1
+1 * 1
+3 * 1
+4 +1 1 0 1 1 0 0 1
cfi=(280)
cfn=(1422)
calls=1 0x8f450 +94 
* * 69 18 17 4 0 0 4
+6 * 1
+3 * 1
+2 +3 1 1
+5 +4 1
+3 * 1
+4 -2 1 0 1
+4 * 1 0 1
+4 * 1 0 1
+4 +3 1 1
+4 * 1 1
+1 * 1 1

fn=(992)
0x8dbc0 1199 22 0 0 1 0 0 1
+4 +7 22
+2 -1 22
+3 * 22
+6 -6 22 0 22
+1 * 22
+3 * 22 0 22
+2 * 22 0 22
+2 * 22 0 22
+2 * 22
+3 * 22 0 22
+2 * 22
+3 * 22 0 22
+1 * 22
+3 * 22
+4 +13 22 22
+2 +2 22 22 0 0 2 0 0 1
+4 -2 22
+2 * 22
+3 * 22
jcnd=19/22 +92 +2 
* * 
+2 +17 3 3
+4 * 3
+3 * 3 0 0 1 0 0 1
jcnd=3/3 0x8dd10 -28 
* * 
+11 +6 19
+3 * 19 0 19 0 0 18
+4 +2 19
+3 +2 19
+3 -4 19
+4 * 19
+3 +2 19 19 19
cfi=(294)
cfn=(1230)
calls=19 0x16c280 242 
* * 323 57 38 1 0 19 1
+6 +2 19 19
+4 -1 19
+3 +1 19
+3 -2 19 0 19
+4 +4 19
+3 * 19
jcnd=19/19 +57 +4 
* * 
+8 +28 1
+4 * 1 1
+1 * 1 1
+2 * 1 1
+2 * 1 1
+2 * 1 1
+2 * 1 1
+1 * 1 1
+7 -55 19 19
+4 +4 19
+4 -4 19
+3 +1 19
+3 * 19
jcnd=19/19 0x8dcf9 +3 
* * 
+14 +30 22 22 0 1 0 0 1
fi=(283)
+7 1036 22
+7 * 22
+3 * 22
+3 +1 22 0 0 1 0 0 1
+6 * 22
fe=(279)
+6 1245 22
+5 * 22
+3 * 22 22 22
cfn=(994)
calls=22 0x8cfc0 733 
* * 3875 1042 687 18 24 57 18 0 1
+4 * 22
+3 * 22
+6 +6 22 22
+4 * 22 22
+4 +1 22
+4 * 22
jcnd=2/22 0x8dd20 +2 
* * 
+2 * 20
+3 * 20
+2 +2 20
+3 -2 20
+3 +2 20
+3 * 20
+6 +11 22 0 0 1 0 0 1
+3 * 22
jcnd=21/22 +95 +4 
* * 
+2 +1 1
+5 * 1
+3 * 1
+3 * 1 0 1
cfi=(280)
cfn=(1068)
calls=1 0x8f210 397 
* * 537 143 78 6 2 1 6 0 1
+5 +2 1
+3 * 1
+3 * 1
jump=1 0x8dc3b +1 
* * 
+18 -48 19
+4 * 19 19
+3 * 19
jcnd=19/19 +73 +2 
* * 
+2 -2 19
+3 * 19
jcnd=19/19 -12 +2 
* * 
+20 -17 3 0 0 1 0 0 1
+3 * 3
jump=3 0x8dc6c +44 
* * 
+13 +53 2
+3 * 2
jcnd=2/2 +61 -2 
* * 
+2 +15 21
+4 -17 21
+3 +17 21 21
+1 * 21 21
+2 * 21 21
+2 * 21 21
+2 * 21 21
+2 * 21 21
+1 * 21 21
+10 -47 19
+3 +11 19
+4 * 19
+3 * 19
jcnd=19/19 0x8ddbe +26 
* * 
+22 +19 2 0 0 1 0 0 1
+3 +4 2
+3 * 2
+3 * 2
+3 * 2 0 2
cfn=(1000) new_do_write
calls=2 0x8bc20 433 
* * 266 76 50 13 3 0 13
+5 +2 2
+3 * 2
+2 -1 2
+3 * 2
jump=2 0x8dcc3 +8 
* * 
+69 +2 19 0 0 1 0 0 1
+5 * 19
jump=19 0x8dc08 -24 
* * 

fn=(1092)
0x8c500 214 20 0 0 1 0 0 1
+4 * 20 0 20
+1 * 20
+3 * 20 0 20
+2 * 20 0 20
+2 * 20 0 20
+2 * 20 0 20
+2 * 20 0 20
+1 * 20
+4 +9 20 20
+4 -9 20 20
+9 * 20 0 20
+4 * 20
+3 +9 20
+2 +2 20 20
+3 * 20
+3 * 20
+3 * 20
+3 * 20
jcnd=20/20 0x8c900 +4 
* * 
+37 +21 20 0 0 1 0 0 1
+4 -8 20
+3 +10 20
+7 * 20 20
+4 * 20
+4 * 20
+3 * 20
+2 * 20
+3 * 20
jcnd=20/20 0x8c790 * 
* * 
+47 358 20 20 0 1 0 0 1
+4 * 20 20
+9 * 20
+6 * 20
+4 * 20
+3 * 20 20
+1 * 20 20
+2 * 20 20
+2 * 20 20
+2 * 20 20
+2 * 20 20
+1 * 20 20
+24 -76 20 0 0 1 0 0 1
+3 * 20
+5 * 20
+3 * 20 0 20
cfn=(1094) _IO_file_open
calls=20 0x8c410 -99 
* * 2320 640 460 5 0 0 5
+5 * 20
+3 +3 20
+3 * 20
+2 +3 20 0 0 1 0 0 1
+4 * 20
+7 * 20 0 20
cfi=(304)
cfn=(1098)
calls=20 0xae890 77 
* * 1180 300 180 6 40 0 6 1
+5 * 20
+3 +1 20
+3 * 20
jcnd=20/20 0x8c5a9 +69 
* * 
0x8c790 -41 20 0 0 1 0 0 1
+3 * 20
+6 * 20
+3 * 20
+6 * 20
+2 * 20
jcnd=20/20 0x8c5e5 +34 
* * 
0x8c900 -19 20 0 0 1 0 0 1
+6 -1 20
+3 -13 20
+2 * 20
jump=20 0x8c55c +31 
* * 

fn=(1216)
0x8db10 1166 20
+4 +3 20 20
+3 * 20
cfi=(320)
cfn=(1218)
calls=20 0x10d530 25 
* * 120 20 0 1 0 0 1

fn=(1226) _IO_file_finish@@GLIBC_2.2.5
0x8c370 169 20 0 0 1 0 0 1
+4 * 20 0 20
+1 * 20
+3 * 20 0 20
+2 * 20 0 20
+1 +1 20 20
+4 -1 20 0 0 1 0 0 1
+3 +1 20
jcnd=20/20 +83 +6 
* * 
+83 +6 20 0 0 1 0 0 1
+3 * 20
+2 +1 20 20
+1 * 20 20
+2 * 20 20
+1 -1 20
cfi=(280)
cfn=(1228)
calls=20 0x8f7e0 627 
* * 400 140 40 3 0 0 3

fn=(1084)
0x8c170 107 20 0 0 1 0 0 1
+4 * 20 0 20
+1 * 20
+3 * 20 0 20
+1 * 20
+3 * 20
+4 +5 20 0 20 1 0 0 1
+6 -1 20 0 20
+11 +3 20 0 20
cfi=(280)
cfn=(1086)
calls=20 0x8e890 -5 
* * 2000 560 560 12 2 1 12
+5 +1 20 0 20
+7 +1 20 20
+4 * 20 20
+1 * 20 20

fn=(998)
0x8cb30 425 23 0 0 1 0 0 1
+4 +2 23
+3 * 23
jcnd=20/23 +9 -2 
* * 
+2 * 3
+2 +1 3 3
+5 -3 20 0 20 1 0 0 1
+1 * 20
+3 * 20 0 20
+1 * 20
+3 * 20
+4 +2 20 0 20
cfn=(1000)
calls=20 0x8bc20 +6 
* * 2660 760 500 0 21 55
+5 * 20
+3 +1 20 20
+4 * 20 20
+1 -1 20
+3 * 20
+3 * 20
+2 +1 20 20

fn=(1062)
0x8dac0 1148 21 0 0 1 0 0 1
+4 +1 21 21
+3 * 21
cfi=(299)
cfn=(1064)
calls=21 0x108960 30 
* * 126 21 0 1 0 0 1

fn=(1000)
0x8bc20 433 22 0 22 1 0 0 1
+1 * 22
+3 * 22 0 22 0 0 18
fi=(283)
+2 1036 22
fe=(279)
+7 433 22 0 22
+2 * 22
+3 * 22 0 22
+2 * 22
+3 * 22 0 22
+2 * 22 0 22
+1 * 22
+3 * 22 0 0 1 0 0 1
+4 +2 22 22
+4 * 22
jcnd=22/22 0x8bcd8 +7 
* * 
+17 +15 22 22
fi=(283)
+7 1036 22
+3 * 22
+3 +1 22
+6 * 22
fe=(279)
+6 450 22
+3 * 22
+3 * 22
+3 * 22 22 22 0 2
cfn=(1002)
calls=22 0x8db20 1175 
* * 1738 484 308 8 22 37 8
+5 +1 22 22 0 1 0 0 1
+7 -1 22
+3 +1 22
+3 * 22
+2 * 22
+3 * 22
+6 +2 22 22
+5 +4 22 22
+6 * 22
+4 -3 22 0 22
+5 * 22
+4 -1 22 0 22
+4 * 22 0 22
+4 +4 22
+2 * 22
jcnd=22/22 0x8bd30 -1 
* * 
+7 -2 22 0 22
+5 +4 22
+4 * 22
+3 * 22 22
+1 * 22 22
+2 * 22 22
+2 * 22 22
+2 * 22 22
+2 * 22 22
+1 * 22 22
+4 -17 22 22 0 1 0 0 1
+4 * 22 22
+4 * 22
+3 * 22
jcnd=22/22 0x8bc56 +8 
* * 
+77 +14 22 22 0 1 0 0 1
+5 * 22
jcnd=22/22 0x8bcbe -1 
* * 

fn=(1094)
0x8c410 183 20 0 0 1 0 0 1
+4 * 20 0 20
+1 +3 20
+2 -3 20
+3 * 20 0 20
+2 * 20 0 20
+2 * 20
+3 * 20 0 20
+1 * 20
+3 * 20
+3 * 20
+2 * 20
+2 * 20
+4 +2 20 20
+4 * 20
+6 +4 20 0 20
cfi=(303)
cfn=(1096)
calls=20 0x10c2d0 30 
* * 1140 320 200 2 0 0 2
+5 * 20 0 0 1 0 0 1
+3 +1 20
+3 * 20
+6 +3 20 20
+2 * 20
+3 +3 20
+3 -4 20 0 20
+4 +1 20
+6 * 20
+5 * 20
+2 +3 20
+7 -3 20 0 20
+2 +3 20
jcnd=20/20 +54 +10 
* * 
+54 +10 20 0 0 1 0 0 1
+3 * 20 0 20
cfi=(280)
cfn=(1086)
calls=20 0x8e890 -97 
* * 420 180 100
+5 +2 20
+4 -1 20
+3 +1 20 20
+1 * 20 20
+2 * 20 20
+2 * 20 20
+1 * 20 20

fn=(1334)
0x8d1e0 794 11 0 0 1 0 0 1
+4 * 11 0 11
+1 * 11
+3 * 11 0 11
+2 * 11 0 11
+1 * 11
+3 * 11
+4 +5 11 11
+4 * 11 11
+4 * 11
+3 * 11
jcnd=11/11 +43 +2 
* * 
+43 +2 11 11 0 1 0 0 1
+4 +1 11 11
+4 * 11
jcnd=11/11 +60 +11 
* * 
+60 +11 11 0 11 1 0 0 1
+11 * 11
+2 +4 11
+4 * 11 11
+1 * 11 11
+2 * 11 11 0 1 0 0 1
+1 * 11 11

fl=(188)
fn=(638)
0x119770 30 1 0 0 1 0 0 1
+4 +1 1
+3 * 1
+2 -1 1 0 1
+1 * 1
+3 * 1 0 1
+2 * 1 0 1
+1 +1 1 1 0 1 0 0 1
+3 * 1
+3 * 1
+3 * 1
+2 +2 1
+3 * 1
+5 * 1 0 1
cob=(4)
cfi=(185)
cfn=(640) 0x0000000004c3f320
calls=1 0x4c3f320 -33 
* * 24 3 0 3 2 0 3
+5 +4 1
+4 * 1
+3 * 1 1
+7 * 1
+4 * 1 0 1 0 0 1
+3 +1 1 1
+7 * 1 1
+3 * 1 0 1
+3 +2 1 1
+1 * 1 1
+2 * 1 1
+1 * 1 1

fl=(306)
fn=(1124)
0x10ca20 25 5140 0 0 1 0 0 1
+4 * 5140 0 5140
+1 +1 5140
+3 * 5140
+3 * 5140
+3 * 5140
+2 -1 5140
+3 +1 5140
+4 * 5140 0 5140
+2 * 5140 0 5140
cfi=(282)
cfn=(1006)
calls=5140 0x91e60 +48 
* * 149060 56540 25700 0 0 4080
+5 +1 5140 5140
+1 * 5140 5140

fl=(242)
fn=(840)
0x3fc90 67 12 0 0 1 0 0 1
+4 +1 12
+7 * 12
cfn=(842) __internal_atexit
calls=12 0x3fba0 -32 
* * 932 192 217 7 3 7 7 2 6

fn=(842)
0x3fba0 36 12 0 0 1 0 0 1
+4 * 12 0 12
+1 * 12
+3 * 12 0 12
+2 * 12 0 12
+2 * 12 0 12
+2 * 12 0 12
+1 * 12
+4 +5 12
+3 * 12
+6 +2 12 0 0 1 0 0 1
+7 * 12
+3 * 12
+3 * 12
+3 * 12
+2 * 12
+5 * 12 0 12 0 0 1
+4 * 12
+2 +1 12
+3 * 12 0 12
cfn=(844) __new_exitfn
calls=12 0x3fa80 +36 
* * 440 96 73 4 3 0 4 2
+5 +2 12
+3 * 12
+2 +8 12 0 12 0 0 6 0 0 6
+4 -2 12
+3 +3 12 0 12
+4 +1 12 0 12
+7 -4 12 12 0 1 0 0 1
+9 * 12
+4 +1 12 0 12
+4 +4 12
+2 * 12 12 12
+2 * 12
+3 * 12
+2 +1 12
+2 +1 12
+4 * 12 12
+1 * 12 12
+2 * 12 12
+2 * 12 12
+2 * 12 12
+1 * 12 12

fn=(844)
0x3fa80 80 12 0 0 1 0 0 1
+4 +6 12 12 0 0 1 0 0 1
+7 * 12
+6 -6 12 0 12
+1 * 12
+3 * 12 0 12
+2 * 12 0 12
+1 +11 12 12 0 0 1
+3 * 12
+3 -10 12
+2 +10 12
+3 * 12
+3 * 12
+6 * 12
+4 +2 12 12 0 0 1 0 0 1
+4 * 12
jump=12 +34 * 
* * 
+12 +1 11
+4 * 11
+3 * 11
+4 * 11 11
+6 * 11
jcnd=11/11 +39 +10 
* * 
+5 -1 12 0 0 1 0 0 1
+3 * 12
jcnd=11/12 -25 +1 
* * 
+2 -2 1 1
+3 +10 1 0 1
+8 -10 1
+3 * 1
+3 * 1
jcnd=1/1 +76 +32 
* * 
+12 +13 11
+4 * 11
+2 +25 11
+3 +1 11
+4 * 11 0 11
+4 -1 11
+4 * 11
+5 +7 11 0 11
+7 +5 11
+3 * 11 11
+1 * 11 11
+2 -4 11 0 11
+8 +4 11 11
+1 * 11 11
-22 -5 1 0 1
+7 +5 1
+3 * 1 1
+1 * 1 1
+2 -4 1 0 1
+8 +4 1 1
+1 * 1 1
+16 -18 1 0 1 1 0 0 1
+8 -1 1 0 0 1 0 0 1
+4 +12 1
jump=1 -50 +2 
* * 

fl=(319) /usr/src/debug/glibc/glibc/libio/iofclose.c
fn=(1206) fclose@@GLIBC_2.2.5
0x7f9f0 34 20 0 0 1 0 0 1
+4 * 20 0 20
+1 * 20
+3 * 20 0 20
+2 * 20 0 20
+2 * 20 0 20
+1 * 20
+3 * 20 0 0 1 0 0 1
+4 +14 20 20
+2 * 20
+3 * 20
jcnd=20/20 0x7faa8 +1 
* * 
+27 +9 20 20
fi=(283)
+7 1036 20
+7 * 20
+3 * 20
+3 +1 20
+6 * 20 0 0 1 0 0 1
fe=(319)
+6 57 20
+3 * 20
+2 * 20 20 20
cfi=(279)
cfn=(1226)
calls=20 0x8c370 169 
* * 680 220 100 6 0 0 6
+4 +1 20 20
+6 * 20
+2 * 20
+6 +13 20 20
+5 * 20
jfi=(283)
jcnd=20/20 +10 962 
* * 
fi=(283)
+10 962 20 20 0 0 20
+7 * 20
+3 * 20 20 0 0 20
+7 * 20
+3 +1 20
+2 * 20
+2 * 20 20 0 0 20
+7 * 20
+2 +6 20
+3 * 20 20 20
cfi=(253)
cfn=(1220)
calls=20 0xa68b0 3437 
* * 1320 380 200 2 60 0 2
fe=(319)
+6 76 20
+4 * 20
+3 * 20 20
+1 * 20 20
+2 * 20 20
+2 * 20 20
+1 * 20 20
+7 -27 20 0 20 1 0 0 1
cfi=(280)
cfn=(1208)
calls=20 0x8e870 +18 
* * 2120 660 520 11 40 20 11
+5 +2 20 20
+2 * 20
+3 * 20
+6 * 20 20
+7 * 20 20 0 1 0 0 1
+7 * 20 20
+9 * 20 20
+4 * 20
jcnd=20/20 0x7fb50 * 
* * 
+41 +1 20
+3 * 20 0 0 1 0 0 1
jcnd=20/20 0x7fbd9 +1 
* * 
fi=(283)
+26 990 20
+2 * 20
+6 +1 20 20
+7 * 20 20
+7 * 20 20
+3 * 20
+2 * 20
+2 * 20
+2 * 20 0 20
+8 * 20 0 20
+6 * 20
jfi=(319)
jump=20 0x7fa24 57 
* * 
fe=(319)
+10 51 20 0 0 1 0 0 1
+3 * 20
+2 * 20 0 20
+6 * 20 0 20
+4 * 20
jump=20 -99 +1 
* * 
0x7fbd9 +2 20 0 0 1 0 0 1
+3 * 20 0 20
cfi=(279)
cfn=(1212)
calls=20 0x8c200 +76 
* * 5760 1500 1140 13 181 0 13
fi=(283)
+5 990 20 20
fe=(319)
+2 53 20
fi=(283)
+3 990 20
+6 * 20
jump=20 0x7fb19 * 
* * 
fe=(319)

fl=(308) /usr/src/debug/glibc/glibc/ctype/ctype.c
fn=(1136) isalpha
0x35c50 27 8933900 0 0 1 0 0 1
+4 * 8933900 8933900
+7 * 8933900
+3 * 8933900 8933900
+4 * 8933900 8933900 0 0 8607 0 0 8
+4 * 8933900
+5 * 8933900 8933900

fl=(250)
fn=(866)
0x41280 28 1 0 0 1 0 0 1
+4 * 1 0 1
+1 * 1
+3 * 1 0 1
+2 * 1
+3 * 1 0 1
+2 * 1 0 1
+2 * 1 0 1
+2 * 1 0 1
+1 * 1
+4 +4 1 1 0 0 1 0 0 1
+7 +13 1 1
+7 * 1 1
+3 +1 1
+3 * 1
+6 * 1 1 0 0 1 0 0 1
+4 * 1
+6 +3 1
+3 * 1 0 1 1 0 0 1
cob=(4)
cfi=(185)
cfn=(762)
calls=1 0x4c3f240 -49 
* * 16 3
+5 * 1
+3 +1 1
jump=1 +29 +2 
* * 
+25 * 100
+4 +2 100 100 0 0 13
+4 +1 100
+3 * 100
jcnd=1/100 +61 +19 
* * 
-7 -1 1 1
+4 +1 1
+3 * 1
+2 +5 100 100 0 0 45
+3 * 100 100
+3 * 100
jcnd=85/100 -19 -8 
* * 
+2 +1 15
+3 * 15
+3 * 15
+3 * 15 0 15 1 0 0 1
cob=(4)
cfi=(185)
cfn=(868) 0x0000000004c3f2e0
calls=15 0x4c3f2e0 -59 
* * 423 90 0 5 10 0 5 2
+5 * 15
+2 * 15
jcnd=15/15 -37 -9 
* * 
+35 +13 1 1
+7 * 1
+3 * 1
+6 +85 1
+4 47 1
+2 157 1 1
+1 * 1 1 0 1 0 0 1
+2 * 1 1
+2 * 1 1
+2 * 1 1
+2 * 1 1
+1 * 1 1

fl=(292) /usr/src/debug/glibc/glibc/string/../sysdeps/x86_64/multiarch/strchr-avx2.S
fn=(1102) __strchr_avx2
0x16e460 53 20 0 0 1 0 0 1
+4 +2 20
+4 +1 20
+2 +1 20
+5 +1 20
+5 +1 20
+4 +3 20
+5 +1 20 0 0 1 0 0 1
+6 +4 20 20
+4 +1 20
+4 +1 20
+4 +1 20
+4 +1 20
+4 +1 20
+2 +1 20
+6 +1 20
+4 +3 20 20
+4 +8 20
jcnd=20/20 +9 +8 
* * 
+9 +8 20
+2 +1 20
+3 * 20 20

fn=(1044) __strchrnul_avx2
0x16e6a0 53 40 0 0 1 0 0 1
+4 +2 40
+4 +1 40
+2 +1 40
+5 +1 40
+5 +1 40
+4 +3 40
+5 +1 40 0 0 1 0 0 1
+6 +4 40 40 0 0 1 0 0 1
+4 +1 40
+4 +1 40
+4 +1 40
+4 +1 40
+4 +1 40
+2 +1 40
+2 +1 40
+4 +13 40
+3 +2 40
+3 * 40 40

fl=(135) /usr/src/debug/glibc/glibc/string/../sysdeps/x86_64/multiarch/memmove.c
fn=(438) memmove
0xaad00 29 4 0 0 1 0 0 1
fi=(85)
+4 +28 4 4
+7 * 4
+7 * 4 4
+6 -1 4
+3 * 4
+2 +4 4 4
+6 * 4
+6 * 4
+2 +14 4
+3 * 4
+2 +3 4
+2 * 4
+6 +8 4
+6 * 4
jcnd=4/4 +34 +8 
* * 
+34 +8 4 0 0 1 0 0 1
+3 * 4
jcnd=4/4 0xaadf8 +3 
* * 
0xaadf8 +3 4 0 0 1 0 0 1
+6 * 4
+7 * 4
+7 * 4
+4 * 4 4
fe=(135)

fl=(282)
fn=(1008) __internal_syscall_cancel
0x91de0 30 5182 0 0 1 0 0 1
+4 * 5182 0 5182
+1 * 5182
+3 * 5182
+3 * 5182 0 5182
+1 * 5182
+4 +7 5182 5182
+9 * 5182 5182 0 0 2
+6 +1 5182 5182 0 1 0 0 1
+7 * 5182
jcnd=5182/5182 +74 +2 
* * 
+74 +2 5182 5182
+4 * 5182
+2 +24 5182 5182
+4 * 5182 5182
+1 * 5182 5182

fn=(1006)
0x91e60 74 5182 0 0 1 0 0 1
+4 * 5182 0 5182
+1 * 5182
+3 +1 5182
+4 * 5182 5182 5182 0 0 4080
+3 * 5182 0 5182
cfn=(1008)
calls=5182 0x91de0 -45 
* * 77730 36274 10364 2 2 0 2
+5 +4 5182
+1 * 5182 5182
+1 * 5182
+3 * 5182
+5 * 5182
+2 +1 5182 5182 0 1 0 0 1
+1 * 5182
+3 * 5182 5182

fl=(293)
fn=(1046)
0x5a7f0 27 60 0 0 1 0 0 1
+4 +1 60 60
+3 * 60
+2 * 60
+6 -1 60 0 60
+1 * 60 0 0 1 0 0 1
+3 * 60 0 60
+2 * 60 0 60
+2 * 60 0 60
+2 * 60
+3 * 60 0 60
+1 +4 60
+3 * 60
+2 * 60
+3 * 60
+3 +2 60 60
+4 * 60
jump=60 +45 * 
* * 
+4 +3 60
fi=(315)
+3 -7 60
fe=(293)
+3 +8 60
+3 * 60
fi=(315)
+4 -8 60
fe=(293)
+3 +12 60
fi=(315)
+3 -12 60 60 60 0 1 1
cfi=(294)
cfn=(1048)
calls=60 0x16c2c0 255 
* * 960 150 90 2 0 0 2
fe=(293)
+6 +11 60 60
+4 * 60
+3 * 60 0 60
+4 -9 60
+3 * 60
jcnd=60/60 +73 +13 
* * 
+2 +2 60 60 0 1 0 0 1
+4 * 60
+3 * 60
jcnd=60/60 -48 +3 
* * 
+64 +11 60 60 0 1 0 0 1
+1 * 60 60
+2 * 60 60
+2 * 60 60
+2 * 60 60
+1 * 60 60

fl=(95) /usr/src/debug/glibc/glibc/wcsmbs/../sysdeps/x86_64/multiarch/wmemset.c
fn=(324) wmemset
0xcfe70 31 3 0 0 1 0 0 1
fi=(96) /usr/src/debug/glibc/glibc/wcsmbs/../sysdeps/x86_64/multiarch/ifunc-wmemset.h
+4 +5 3 3
+7 * 3 0 0 1 0 0 1
+7 * 3 3
+6 * 3
+3 * 3
+2 +1 3 3
+6 * 3
+3 * 3
jfi=(95)
jcnd=3/3 +39 -6 
* * 
fe=(95)
+39 -6 3 3

fl=(190) /usr/src/debug/glibc/glibc/libio/vtables.c
fn=(644) check_stdfiles_vtables
0x27230 545 1
+4 +1 1 1 0 0 1
+7 * 1 0 0 1 0 0 1
+7 * 1 1 0 0 1
+7 * 1
jcnd=1/1 +30 +1 
* * 
+30 +1 1 1 0 0 1
+7 * 1 1
+7 * 1
+2 +1 1 1
+7 * 1 1 0 1 1 0 1
+7 * 1
+2 +2 1 1

fl=(272)
fn=(970)
0x3d8d0 28 1 0 0 1 0 0 1
+4 +2 1
+2 +2 1
cfi=(273)
cfn=(972)
calls=1 0x3d800 -1 
* * 35 8 11 3 1 0 3

fl=(129) /usr/src/debug/glibc/glibc/string/../sysdeps/x86_64/multiarch/memcmp.c
fn=(418) bcmp
0xaa3a0 29 2 0 0 1 0 0 1
fi=(130) /usr/src/debug/glibc/glibc/string/../sysdeps/x86_64/multiarch/ifunc-memcmp.h
+4 +5 2 2
+7 * 2
+7 * 2 2
+6 * 2
+3 * 2
+2 +1 2 2 0 1 0 0 1
+7 * 2
+2 +1 2
+3 * 2
+2 +1 2 2
+6 * 2
+3 * 2
+2 +3 2
+2 * 2
+2 +4 2
+7 * 2
+3 * 2
+2 +3 2
+3 * 2
+7 * 2
+7 * 2
fe=(129)
+4 -18 2
+3 * 2 2

fl=(219) /usr/src/debug/glibc/glibc/locale/uselocale.c
fn=(746) uselocale
0x35600 30 2 0 0 1 0 0 1
+4 +1 2 2
+7 * 2
+7 * 2 2
+4 +2 2
+3 * 2
+2 +3 2
+4 * 2
+4 +1 2 0 2
+4 +28 2 2
+7 * 2 2 0 0 1
+4 * 2 0 2
+4 +1 2 2
+7 * 2 2 0 1 0 0 1
+4 * 2 0 2
+4 +2 2 2
+7 * 2 2
+4 * 2 0 2
+4 +4 2
+3 * 2
+7 * 2
+4 +1 2 2

ob=(7)
fl=(246) /usr/src/debug/gcc/gcc/libstdc++-v3/src/c++11/compatibility-thread-c++0x.cc
fn=(858) _GLOBAL__sub_I_compatibility_thread_c__0x.cc
0xaa2f0 128 1
+4 * 1 0 1
+1 * 1
+3 -74 1 1 1
cfi=(247)
cfn=(860) std::future_category()
calls=1 0xdc0a0 +35 
* * 3 1 0 1 0 0 1
+6 * 1 1 0 1 0 0 1
+7 * 1 0 1
+3 +74 1 1
+1 * 1 1

fl=(334) /usr/src/debug/gcc/gcc/libstdc++-v3/libsupc++/eh_globals.cc
fn=(1342) __cxa_get_globals
0xad3c0 62 2 0 0 1 0 0 1
+4 * 2 0 2
+1 * 2
+3 * 2
+7 * 2 2 2 0 1
cob=(1)
cfi=(335) /usr/src/debug/glibc/glibc/elf/../sysdeps/x86_64/tls_get_addr.S
cfn=(1344) __tls_get_addr
calls=2 0x15280 -33 
* * 24 14 0 1 4 0 1
+6 * 2 2
+1 * 2
+6 * 2 2

fl=(266) /usr/src/debug/gcc/gcc/libstdc++-v3/src/c++11/locale-inst.cc
fn=(922) _GLOBAL__sub_I_cxx11_wlocale_inst.cc
0xaa8f0 160 1
fi=(212) /usr/src/debug/gcc/gcc-build/x86_64-pc-linux-gnu/libstdc++-v3/include/bits/locale_facets_nonio.h
+4 1651 1 1
+7 * 1 1 0 0 1 0 0 1
+3 * 1
+2 * 1 0 1 1 0 0 1
+3 1816 1 1 0 0 1
+7 * 1 1
+3 * 1
+2 * 1 0 1
+3 1413 1 1
+7 * 1 1
+3 * 1
+2 * 1 0 1
+3 * 1 1 0 0 1
+7 * 1 1
+3 * 1
+2 * 1 0 1
fi=(210) /usr/src/debug/gcc/gcc-build/x86_64-pc-linux-gnu/libstdc++-v3/include/bits/locale_facets.h
+3 1891 1 1
+7 * 1 1
+3 * 1
+2 * 1 0 1
fi=(212)
+3 794 1 1 0 1 1 0 1
+7 * 1 1
+3 * 1
+2 * 1 0 1
+3 2022 1 1
+7 * 1 1
+3 * 1
+2 * 1 0 1
fi=(208) /usr/src/debug/gcc/gcc-build/x86_64-pc-linux-gnu/libstdc++-v3/include/bits/locale_classes.h
+3 830 1 1 0 0 1
+7 * 1 1
+3 * 1
+2 * 1 0 1
fe=(266)
+3 160 1 1

fn=(930) _GLOBAL__sub_I_locale_inst.cc
0xaa970 160 1
fi=(210)
+4 2308 1 1 0 0 1
+7 * 1 1
+3 * 1
+2 * 1 0 1 1 0 0 1
+3 2601 1 1
+7 * 1 1
+3 * 1
+2 * 1 0 1
fi=(212)
+3 1651 1 1 0 0 1
+7 * 1 1
+3 * 1
+2 * 1 0 1
+3 1816 1 1 0 0 1
+7 * 1 1
+3 * 1
+2 * 1 0 1
+3 1413 1 1
+7 * 1 1 0 0 1 0 0 1
+3 * 1
+2 * 1 0 1
+3 * 1 1 0 1 1 0 1
+7 * 1 1
+3 * 1
+2 * 1 0 1
fi=(210)
+3 1891 1 1
+7 * 1 1
+3 * 1
+2 * 1 0 1
fi=(212)
+3 326 1 1
+7 * 1 1
+3 * 1
+2 * 1 0 1
+3 927 1 1
+7 * 1 1
+3 * 1
+2 * 1 0 1
+3 794 1 1 0 1 0 0 1
+7 * 1 1
+3 * 1
+2 * 1 0 1
+3 2022 1 1
+7 * 1 1
+3 * 1
+2 * 1 0 1
fi=(208)
+3 830 1 1
+7 * 1 1
+3 * 1
+2 * 1 0 1
fe=(266)
+3 160 1 1

fn=(938) _GLOBAL__sub_I_wlocale_inst.cc
0xaaa30 160 1
fi=(210)
+4 2308 1 1
+7 * 1 1
+3 * 1
+2 * 1 0 1 1 0 0 1
+3 2601 1 1
+7 * 1 1
+3 * 1
+2 * 1 0 1
fi=(212)
+3 1651 1 1
+7 * 1 1
+3 * 1
+2 * 1 0 1
+3 1816 1 1
+7 * 1 1
+3 * 1
+2 * 1 0 1
+3 1413 1 1 0 0 1
+7 * 1 1 0 0 1 0 0 1
+3 * 1
+2 * 1 0 1
+3 * 1 1 0 1 0 0 1
+7 * 1 1
+3 * 1
+2 * 1 0 1
fi=(210)
+3 1891 1 1
+7 * 1 1
+3 * 1
+2 * 1 0 1
fi=(212)
+3 326 1 1
+7 * 1 1
+3 * 1
+2 * 1 0 1
+3 927 1 1 0 0 1
+7 * 1 1
+3 * 1
+2 * 1 0 1
+3 794 1 1 0 1 0 0 1
+7 * 1 1
+3 * 1
+2 * 1 0 1
+3 2022 1 1
+7 * 1 1
+3 * 1
+2 * 1 0 1
fi=(208)
+3 830 1 1
+7 * 1 1
+3 * 1
+2 * 1 0 1
fe=(266)
+3 160 1 1

fn=(914) _GLOBAL__sub_I_cxx11_locale_inst.cc
0xaa870 160 1
fi=(212)
+4 1651 1 1
+7 * 1 1 0 0 1 0 0 1
+3 * 1
+2 * 1 0 1 1 0 0 1
+3 1816 1 1
+7 * 1 1
+3 * 1
+2 * 1 0 1
+3 1413 1 1
+7 * 1 1
+3 * 1
+2 * 1 0 1
+3 * 1 1 0 0 1
+7 * 1 1
+3 * 1
+2 * 1 0 1
fi=(210)
+3 1891 1 1
+7 * 1 1
+3 * 1
+2 * 1 0 1
fi=(212)
+3 794 1 1 0 1 0 0 1
+7 * 1 1
+3 * 1
+2 * 1 0 1
+3 2022 1 1
+7 * 1 1
+3 * 1
+2 * 1 0 1
fi=(208)
+3 830 1 1 0 0 1
+7 * 1 1
+3 * 1
+2 * 1 0 1
fe=(266)
+3 160 1 1

fl=(233) /usr/src/debug/gcc/gcc/libstdc++-v3/src/c++11/ios.cc
fn=(810) std::ios_base::ios_base()
0xdcbe0 76 8 0 0 1 0 0 1
+4 +3 8 8
+7 -2 8
+4 +2 8
+4 -2 8 0 8 0 0 8 0 0 6
+8 +1 8 0 8 1 0 0 1
fi=(234) /usr/src/debug/gcc/gcc-build/x86_64-pc-linux-gnu/libstdc++-v3/include/bits/ios_base.h
+7 629 8
+7 * 8 0 8 0 0 4 0 0 3
fe=(233)
+8 79 8
+4 * 8 0 8 0 0 2 0 0 1
+3 * 8
+3 -2 8 0 8
+4 +1 8 0 8
+4 * 8
+11 * 8
+11 * 8
fi=(234)
+7 629 8 0 8 1 0 0 1
fe=(233)
+7 79 8
fi=(234)
+4 629 8 0 8
fe=(233)
+8 79 8
+3 * 8
jfi=(234)
jcnd=8/8 -22 629 
* * 
fi=(234)
-22 629 56 0 56 0 0 4 0 0 4
fe=(233)
+7 79 56
fi=(234)
+4 629 56 0 56 0 0 12 0 0 8
fe=(233)
+8 79 56
+3 * 56
jfi=(234)
jcnd=48/56 -22 629 
* * 
+2 * 8 0 8
+7 * 8
+7 * 8 0 8
+7 * 8 8
cfi=(200) /usr/src/debug/gcc/gcc/libstdc++-v3/src/c++11/locale_init.cc
cfn=(684) std::locale::locale()
calls=8 0xde500 269 
* * 240 88 56 0 0 1 0 0 1

fl=(218) /usr/src/debug/gcc/gcc-build/x86_64-pc-linux-gnu/libstdc++-v3/src/c++11/ctype_members.cc
fn=(758) std::ctype<wchar_t>::_M_convert_to_wmask(unsigned short) const
0xeea10 60 12 0 0 1 0 0 1
+4 +2 12
+5 * 12
jcnd=1/12 0xeeb48 +21 
* * 
+6 * 11
jcnd=4/11 +73 * 
* * 
+2 * 7
+5 * 7
jcnd=1/7 0xeeb30 +12 
* * 
+6 * 6
jcnd=2/6 0xeeae0 * 
* * 
+6 * 4
+4 * 4
jcnd=1/4 0xeeac8 +9 
* * 
+6 * 3
+4 * 3
jcnd=1/3 0xeeb98 +24 
* * 
+6 * 2
+4 * 2
jcnd=1/2 0xeeb60 +42 
* * 
+6 +36 1 1
+4 * 1
+7 * 1 1
cob=(2)
cfi=(225)
cfn=(760)
calls=1 0x11e400 -72 
* * 487 96 25
+13 -36 4 0 0 1 0 0 1
+5 * 4
jcnd=1/4 0xeeb80 +27 
* * 
+6 * 3
+2 * 3
+5 * 3
jcnd=1/3 0xeeb68 +3 
* * 
+6 * 2 0 0 1 0 0 1
+5 * 2
jcnd=1/2 0xeeb60 +42 
* * 
+6 +6 1 1
+4 * 1
+7 * 1 1
cob=(2)
cfi=(225)
cfn=(760)
calls=1 0x11e400 -42 
* * 381 76 21
+50 +3 1 1
+4 * 1
+7 * 1 1
cob=(2)
cfi=(225)
cfn=(760)
calls=1 0x11e400 -45 
* * 540 106 27
+13 -9 2 0 0 1 0 0 1
+5 * 2
jcnd=1/2 +51 +15 
* * 
+2 * 1
+5 * 1
+2 +18 1 1
+4 * 1
+7 * 1 1
cob=(2)
cfi=(225)
cfn=(760)
calls=1 0x11e400 -54 
* * 197 42 14
+31 -3 1 1
+4 * 1
+7 * 1 1
cob=(2)
cfi=(225)
cfn=(760)
calls=1 0x11e400 -51 
* * 144 32 12 1 2 0 1 1
+13 -3 1 1 0 1 0 0 1
+4 * 1
+7 * 1 1 0 1 1 0 1
cob=(2)
cfi=(225)
cfn=(760)
calls=1 0x11e400 -48 
* * 91 22 10 7 6 0 7 2
+13 +9 1 1
+4 * 1
+7 * 1 1
cob=(2)
cfi=(225)
cfn=(760)
calls=1 0x11e400 -57 
* * 250 52 16
+13 +21 2
+2 * 2 2
+6 -39 1 1
+4 * 1
+7 * 1 1
cob=(2)
cfi=(225)
cfn=(760)
calls=1 0x11e400 -39 
* * 328 66 19 0 1 0 0 1
+13 +24 1 1 0 1 0 0 1
+4 * 1
+7 * 1 1
cob=(2)
cfi=(225)
cfn=(760)
calls=1 0x11e400 -63 
* * 191 38 14
+13 -3 1 1
+4 * 1
+7 * 1 1
cob=(2)
cfi=(225)
cfn=(760)
calls=1 0x11e400 -60 
* * 593 116 29

fn=(744) std::ctype<wchar_t>::_M_initialize_ctype()
0xef080 273 1 0 0 1 0 0 1
+4 * 1 0 1
+1 * 1
+3 * 1 0 1
+2 * 1 0 1
+2 * 1 0 1
+2 * 1
+3 * 1 0 1
+1 +2 1 1
+4 * 1
+2 * 1 1 1 0 1
cob=(2)
cfi=(219)
cfn=(746)
calls=1 0x35600 30 
* * 22 9 4 2 0 0 2
+6 * 1
+3 +3 1
jfi=(220) /usr/include/wchar.h
jump=1 +29 +73 
* * 
+7 +6 128 0 128 0 0 2 0 0 2
+5 -6 128
+4 * 128
+7 * 128
jcnd=1/128 0xef17b +22 
* * 
fi=(220)
+6 +73 128
+2 * 128 128 128 1 1 0 1
cob=(2)
cfi=(221)
cfn=(750)
calls=128 0xcfb90 30 
* * 3200 1024 640 2 0 0 2
fe=(218)
+6 -70 128
+3 * 128
jcnd=128/128 -33 +3 
* * 
+4 +5 1 0 1
+5 +5 1
+2 * 1
+11 * 1
fi=(220)
+1 +54 1
+2 * 1 1 1 0 1
cob=(2)
cfi=(222)
cfn=(752)
calls=1 0xbfa40 32 
* * 27 8 5 2 0 0 2
-2 * 255
+2 * 255 255 255
cob=(2)
cfi=(222)
cfn=(752)
calls=255 0xbfa40 32 
* * 10853 3704 1403 4 5 0 4
fe=(218)
+6 -53 256 0 256 0 0 16 0 0 16
+8 -2 256
+4 +1 256
+7 * 256
jfi=(220)
jcnd=255/256 -27 +54 
* * 
+2 +3 1
+2 +2 1 0 0 1 0 0 1
+6 * 1
+3 * 1
+2 * 1
+2 * 1
+4 * 1
-11 * 3
+3 * 3
+2 * 3
+2 * 3
+4 * 3
jcnd=3/3 +51 * 
* * 
+2 * 8
+3 +1 8
+3 -1 8 0 8
+9 +1 8
+3 * 8 8 8 0 1
cfn=(758)
calls=8 0xeea10 60 
* * 1671 343 106 15 10 0 15 4
+6 -1 8
+3 +1 8 0 8 0 0 1 0 0 1
+8 -3 8
+4 +2 8
+2 * 8
+2 * 8
+4 * 8
jcnd=7/8 -47 * 
* * 
+2 * 4
+3 +1 4
+3 -1 4 0 4
+9 +1 4 4 4
cfn=(758)
calls=4 0xeea10 60 
* * 1677 325 81
+6 * 4 0 4 0 0 1 0 0 1
+8 -3 4
+4 * 4
+4 * 4
jcnd=3/4 -99 +2 
* * 
+2 +8 1 1
+1 -2 1
+3 +2 1 1
+2 * 1 1
+2 * 1 1
+2 * 1 1
+1 -2 1 1
cob=(2)
cfi=(219)
cfn=(746)
calls=1 0x35600 30 
* * 22 9 4 0 1
+6 * 1 0 0 1 0 0 1
+5 * 1 0 0 1 0 0 1
jump=1 0xef0cd -14 
* * 

fl=(197) /usr/src/debug/gcc/gcc/libstdc++-v3/src/c++98/globals_io.cc
fn=(678) _GLOBAL__sub_I.00090_globals_io.cc
0xaa630 109 1 0 0 1 0 0 1
+4 * 1 0 1
+1 * 1
+3 * 1 0 1
fi=(241) /usr/src/debug/gcc/gcc/libstdc++-v3/src/c++98/ios_base_init.h
+1 -97 1
+7 * 1 0 0 1 0 0 1
fe=(197)
+3 +97 1
fi=(241)
+4 -97 1 1 1 0 1
cfi=(198)
cfn=(680) std::ios_base::Init::Init()
calls=1 0xc2930 +66 
* * 40163 11694 5599 312 157 148 312 22 120
+6 * 1 1 0 0 1
fe=(197)
+7 +97 1
fi=(241)
+4 -97 1
+3 * 1
fe=(197)
+7 +97 1 1
+1 * 1 1
fi=(241)
+1 -97 1 1
cob=(2)
cfi=(242)
cfn=(840)
calls=1 0x3fc90 +55 
* * 77 16 19 8 3 1 8 2
fe=(197)

fl=(330)
fn=(1298)
0x1cf190 630 1 0 0 1 0 0 1
fi=(347) /usr/src/debug/gcc/gcc-build/x86_64-pc-linux-gnu/libstdc++-v3/include/bits/atomic_base.h
+4 501 1 1 0 0 1 0 0 1
fe=(330)
+4 -77 1
+4 * 1
+2 +1 1
+3 * 1
+2 * 1 1

fl=(200)
fn=(686) std::locale::_S_initialize()
0xde490 340 22 0 0 1 0 0 1
fi=(199) /usr/src/debug/gcc/gcc-build/x86_64-pc-linux-gnu/libstdc++-v3/include/ext/atomicity.h
+4 52 22 22
fe=(200)
+7 342 22 22
+3 * 22
+2 +3 22
+7 * 22 22 0 0 1 0 0 1
+4 * 22
jcnd=1/22 +53 +1 
* * 
+2 * 21 21
+51 +1 1 0 0 1 0 0 1
cfn=(688) std::locale::_S_initialize_once()
calls=1 0xde430 -22 
* * 37655 10927 4828 260 136 102 260 19 94

fn=(684)
0xde500 269 22 0 0 1 0 0 1
+4 * 22 0 22
+1 * 22
+3 * 22 0 22
+2 * 22 0 22
+2 * 22 0 22
+1 * 22
+3 * 22
+4 * 22 0 22 0 0 1 0 0 1
+7 +2 22 0 22
cfn=(686)
calls=22 0xde490 +69 
* * 37831 11014 4828 262 137 102 262 20 94
+6 +11 22
+7 +1 22
+7 -1 22 22
+4 * 22 0 22
+3 +1 22 22
+3 * 22
jcnd=22/22 +76 +6 
* * 
+76 +6 22 0 0 1 0 0 1
+4 * 22 22
+1 * 22 22
+2 * 22 22
+2 * 22 22
+1 * 22 22

fn=(688)
0xde430 324 1 0 0 1 0 0 1
+4 * 1 0 1
+1 * 1
+3 * 1 0 1
+2 * 1 0 1
+1 +4 1 0 0 1 0 0 1
+7 * 1 1
+4 * 1
jcnd=1/1 +10 +5 
* * 
+10 +5 1
+7 * 1
+5 * 1
+3 * 1 1 1 0 1 1
cfn=(690) std::locale::_Impl::_Impl(unsigned long)
calls=1 0xdd5b0 490 
* * 37631 10920 4821 257 134 101 257 19 94
+6 +1 1
+7 -1 1 0 1
+3 +2 1
+3 * 1
+7 -1 1 0 1
+3 +2 1 1
+1 * 1 1
+2 * 1 1
+1 -1 1 1 0 0 1
cfi=(201)
cfn=(806) std::locale::locale(std::locale::_Impl*)
calls=1 0xc3c00 88 
* * 3 1 1 1 0 0 1

fn=(690)
0xdd5b0 490 1 0 0 1 0 0 1
+4 * 1 0 1
+1 +5 1
+7 * 1 0 0 1 0 0 1
+5 -5 1
+3 * 1 0 1
+2 * 1 0 1
+2 * 1 0 1
+2 * 1 0 1
+2 +20 1
+7 -20 1 0 1
+1 * 1
+3 * 1
+4 * 1 1
+9 * 1 0 1 0 0 1
+4 * 1
+2 +2 1 0 1 0 0 1 0 0 1
+2 * 1 0 1
+8 +3 1
+3 * 1 0 1
+4 +1 1 0 0 1 0 0 1
+7 * 1 0 1
+4 -1 1 0 1 0 0 1 0 0 1
jump=1 * * 
* * 
* * 48 0 47 0 0 6 0 0 6
jcnd=47/48 * * 
* * 
+3 +1 1
+3 * 1
+5 +3 1
+7 -3 1 0 1 0 0 1 0 0 1
jump=1 * * 
* * 
* * 48 0 47 0 0 5 0 0 5
jcnd=47/48 * * 
* * 
+3 +3 1
+3 * 1
+5 * 1 0 1 0 0 1 0 0 1
jump=1 * * 
* * 
* * 11 0 10 0 0 1 0 0 1
jcnd=10/11 * * 
* * 
+3 * 1
+4 * 1 0 1
+4 +1 1
+7 * 1 0 1
+7 +1 1 1 1 1 1 1 1
cfi=(201)
cfn=(692) std::locale::facet::_S_get_c_name()
calls=1 0xc43b0 233 
* * 3 1 0 1 0 0 1
+6 +9 1
+5 * 1
+2 * 1
fi=(348) /usr/include/bits/string_fortified.h
+2 29 1 1 0 0 1 0 0 1
fe=(200)
+3 510 1
fi=(348)
+3 29 1 0 1
fe=(200)
+7 510 1 1 1 0 1
cfi=(202) /usr/src/debug/gcc/gcc-build/x86_64-pc-linux-gnu/libstdc++-v3/src/c++11/ctype_configure_char.cc
cfn=(694) std::ctype<char>::ctype(unsigned short const*, bool, unsigned long)
calls=1 0xee730 121 
* * 272 50 117 23 8 14 23 2 9
fi=(208)
+6 644 1 1 0 0 1
+7 * 1
+3 * 1
+3 * 1 1 1 0 1
cfi=(201)
cfn=(716) std::locale::_Impl::_M_install_facet(std::locale::id const*, std::locale::facet const*)
calls=1 0xc4940 325 
* * 396 117 12 8 1 0 8
fe=(200)
+6 511 1
+7 * 1
+5 * 1
+3 * 1 1 1 1 1 0 1
cfi=(209) /usr/src/debug/gcc/gcc/libstdc++-v3/src/c++98/codecvt.cc
cfn=(724) std::codecvt<char, char, __mbstate_t>::codecvt(unsigned long)
calls=1 0xbec90 38 
* * 40 13 10 2 1 1 2 0 1
fi=(208)
+6 644 1 1 0 0 1
+7 * 1
+3 * 1
+3 * 1 1 1
cfi=(201)
cfn=(716)
calls=1 0xc4940 325 
* * 396 117 12 0 1
fi=(210)
+6 1634 1
+7 -1 1
+2 +85 1
fi=(208)
+2 428 1
+7 * 1 0 1 0 0 1 0 0 1
fi=(210)
+10 1718 1
+3 -84 1
+4 -3 1 0 1 1 0 0 1
+7 +3 1 0 1
+7 +83 1 1
+7 -87 1 0 1
+11 +87 1
+4 -87 1 0 1
+11 +87 1 0 1 0 0 1 0 0 1
+7 * 1
+7 -85 1 0 1 1 0 0 1
+11 * 1 0 1
+11 * 1 0 1
+11 +1 1 0 1 0 0 1 0 0 1
+11 * 1 0 1
+7 +1 1 0 1 0 0 1 0 0 1
fi=(208)
+7 428 1 0 1
fi=(210)
+10 1717 1 0 1 1 0 0 1
+7 +1 1 1 1 0 1
cfi=(211) /usr/src/debug/gcc/gcc-build/x86_64-pc-linux-gnu/libstdc++-v3/src/c++98/numeric_members.cc
cfn=(728) std::__cxx11::numpunct<char>::_M_initialize_numpunct(__locale_struct*)
calls=1 0xd14e0 92 
* * 419 138 76 7 6 0 7 3
fi=(208)
+6 644 1 1 0 0 1
+7 * 1
+3 * 1
+3 * 1 1 1
cfi=(201)
cfn=(716)
calls=1 0xc4940 325 
* * 396 117 12 0 1 0 0 1
fi=(210)
+6 1981 1 1 0 0 1
fi=(208)
+7 644 1 1 0 0 1
+7 * 1
+3 428 1 0 1
+10 644 1
fi=(210)
+7 1981 1 0 0 1 0 0 1
+4 * 1 0 1
fi=(208)
+7 644 1 1 1
cfi=(201)
cfn=(716)
calls=1 0xc4940 325 
* * 396 117 12 0 1 0 0 1
fi=(210)
+6 2345 1 1 0 0 1
fi=(208)
+7 644 1 1 0 0 1
+7 * 1
+3 428 1 0 1
+10 644 1
fi=(210)
+7 2345 1
+4 * 1 0 1
fi=(208)
+7 644 1 1 1 1 0 0 1
cfi=(201)
cfn=(716)
calls=1 0xc4940 325 
* * 396 117 12
+6 +63 1 1 0 0 1
+7 428 1 0 1
+10 707 1
+4 * 1 0 1
+7 * 1 1 1
cfi=(201)
cfn=(696) std::locale::facet::_S_get_c_locale()
calls=1 0xc4360 221 
* * 21 7 3
+6 * 1 0 1
+7 -63 1 1 0 0 1
+7 * 1
+7 * 1
+3 * 1 1 1 1 0 0 1
cfi=(201)
cfn=(716)
calls=1 0xc4940 325 
* * 396 117 12
fi=(212)
+6 1024 1
+7 -6 1
+2 +88 1
fi=(208)
+2 428 1
+7 * 1
fi=(212)
+7 1018 1 0 1 0 0 1 0 0 1
+7 +88 1
+2 -82 1
+4 +82 1
fi=(208)
+3 428 1 0 1
fi=(212)
+10 1024 1 0 1
+7 +81 1 1 0 1 1 0 1
+7 -88 1 0 1
+11 +88 1
+4 -88 1 0 1
+11 * 1 0 1
+7 +2 1 0 1
+11 * 1 0 1
+11 +1 1 0 1 1 0 0 1
+11 * 1 0 1 0 0 1 0 0 1
+11 +1 1 0 1
+11 * 1 0 1
+11 +1 1 0 1
+10 +1 1 0 1
+11 +1 1 0 1 1 0 0 1
fi=(208)
+7 428 1 0 1 0 0 1 0 0 1
fi=(212)
+10 1105 1 0 1
+7 * 1 0 1
+7 +1 1 1 1 0 1
cfi=(213) /usr/src/debug/gcc/gcc-build/x86_64-pc-linux-gnu/libstdc++-v3/src/c++98/monetary_members.cc
cfn=(732) std::__cxx11::moneypunct<char, false>::_M_initialize_moneypunct(__locale_struct*, char const*)
calls=1 0xcffe0 372 
* * 115 38 31 6 3 0 6 1
fi=(208)
+6 644 1 1
+7 * 1
+3 * 1
+3 * 1 1 1
cfi=(201)
cfn=(716)
calls=1 0xc4940 325 
* * 396 117 12
fi=(212)
+6 1024 1
+7 +82 1
+2 * 1
fi=(208)
+2 428 1 0 0 1 0 0 1
+7 * 1 0 1 0 0 1 0 0 1
fi=(212)
+10 1106 1
+3 -82 1
+4 -7 1 0 1
+7 +7 1 0 1
+7 -6 1
+2 * 1 0 1
+7 +87 1 1 0 0 1
+7 -88 1 0 1
+11 +88 1 0 0 1 0 0 1
+4 -88 1 0 1
+11 +88 1 0 1
+7 * 1
+7 -86 1 0 1
+11 * 1 0 1
+11 +1 1 0 1
+11 * 1 0 1 1 0 1 1 0 1
+11 +1 1 0 1
+11 * 1 0 1
+11 +1 1 0 1
+10 +1 1 0 1
+11 +1 1 0 1
fi=(208)
+7 428 1 0 1 1 0 0 1
fi=(212)
+10 1105 1 0 1
+7 +1 1 1 1 0 1
cfi=(213)
cfn=(734) std::__cxx11::moneypunct<char, true>::_M_initialize_moneypunct(__locale_struct*, char const*)
calls=1 0xcfac0 216 
* * 114 38 31 5 0 0 5
fi=(208)
+6 644 1 1 0 0 1
+7 * 1
+3 * 1
+3 * 1 1 1
cfi=(201)
cfn=(716)
calls=1 0xc4940 325 
* * 396 117 12
fi=(212)
+6 1528 1 1 0 0 1
fi=(208)
+7 644 1 1 0 0 1
+7 * 1
+3 428 1 0 1
+10 644 1 0 0 1 0 0 1
fi=(212)
+7 1528 1
+4 * 1 0 1
fi=(208)
+7 644 1 1 1
cfi=(201)
cfn=(716)
calls=1 0xc4940 325 
* * 396 117 12
fi=(212)
+6 1688 1 1 0 0 1
fi=(208)
+7 644 1 1
+7 * 1
+3 428 1 0 1 0 0 1 0 0 1
+10 644 1
fi=(212)
+7 1688 1
+4 * 1 0 1 1 0 0 1
fi=(208)
+7 644 1 1 1
cfi=(201)
cfn=(716)
calls=1 0xc4940 325 
* * 396 117 12
fi=(212)
+6 136 1
+7 -13 1
fe=(200)
+4 533 1
fi=(208)
+7 428 1 0 1 0 0 1 0 0 1
fi=(212)
+10 136 1 0 1 0 0 1 0 0 1
fe=(200)
+7 533 1
+5 * 1
+3 * 1
fi=(212)
+7 136 1 0 0 1 0 0 1
+4 -13 1 0 1
+7 +13 1 0 1
+7 * 1 0 1
+11 -13 1 0 1 0 0 1 0 0 1
+7 * 1 0 1
+7 * 1 0 1
+7 * 1 0 1
+7 * 1 0 1 0 0 1 0 0 1
+7 * 1 0 1 1 0 0 1
+7 * 1 0 1
+7 * 1 0 1
+7 * 1 0 1 0 0 1 0 0 1
+7 * 1 0 1
+7 * 1 0 1
+7 * 1 0 1
+7 * 1 0 1 0 0 1 0 0 1
+7 * 1 0 1
+7 * 1 0 1 1 0 0 1
+7 * 1 0 1
+7 * 1 0 1 0 0 1 0 0 1
+7 * 1 0 1
+7 * 1 0 1
+7 * 1 0 1
+7 * 1 0 1
+7 * 1 0 1
fe=(200)
+7 533 1 1 1 0 1
cfi=(214) /usr/src/debug/gcc/gcc-build/x86_64-pc-linux-gnu/libstdc++-v3/include/x86_64-pc-linux-gnu/bits/time_members.h
cfn=(736) std::__timepunct<char>::__timepunct(std::__timepunct_cache<char>*, unsigned long)
calls=1 0x139fc0 48 
* * 180 43 43 15 5 0 15
fi=(208)
+6 644 1 1 0 1 1 0 1
+7 * 1
+3 * 1
+3 * 1 1 1
cfi=(201)
cfn=(716)
calls=1 0xc4940 325 
* * 396 117 12
fi=(212)
+6 420 1 1 0 0 1
fi=(208)
+7 644 1 1 0 0 1
+7 * 1
+3 428 1 0 1 0 0 1 0 0 1
+10 644 1
fi=(212)
+7 420 1
+4 * 1 0 1
fi=(208)
+7 644 1 1 1
cfi=(201)
cfn=(716)
calls=1 0xc4940 325 
* * 396 117 12
fi=(212)
+6 857 1 1 0 1 0 0 1
fi=(208)
+7 644 1 1 0 0 1
+7 * 1
+3 428 1 0 1
+10 644 1
fi=(212)
+7 857 1
+4 * 1 0 1
fi=(208)
+7 644 1 1 1
cfi=(201)
cfn=(716)
calls=1 0xc4940 325 
* * 396 117 12 0 1 0 0 1
fe=(200)
+6 537 1
+7 * 1
+5 * 1 0 0 1 0 0 1
+3 * 1 1 1 0 1
cfi=(216) /usr/src/debug/gcc/gcc-build/x86_64-pc-linux-gnu/libstdc++-v3/include/x86_64-pc-linux-gnu/bits/messages_members.h
cfn=(740) std::__cxx11::messages<char>::messages(unsigned long)
calls=1 0x1081e0 44 
* * 45 15 12 2 1 0 2
fi=(208)
+6 644 1 1
+7 * 1
+3 * 1
+3 * 1 1 1
cfi=(201)
cfn=(716)
calls=1 0xc4940 325 
* * 396 117 12
fe=(200)
+6 540 1
+7 * 1
+5 * 1
+3 * 1 1 1 0 1
cfi=(217) /usr/src/debug/gcc/gcc/libstdc++-v3/src/c++11/ctype.cc
cfn=(742) std::ctype<wchar_t>::ctype(unsigned long)
calls=1 0xd92b0 103 
* * 20250 5839 3065 32 22 21 32 4 21
fi=(208)
+6 644 1 1 0 0 1
+7 * 1
+3 * 1
+3 * 1 1 1 1 0 0 1
cfi=(201)
cfn=(716)
calls=1 0xc4940 325 
* * 396 117 12 0 1 0 0 1
fe=(200)
+6 541 1
+7 * 1
+5 * 1
+3 * 1 1 1
cfi=(209)
cfn=(768) std::codecvt<wchar_t, char, __mbstate_t>::codecvt(unsigned long)
calls=1 0xbed30 118 
* * 40 13 10 2 1 2 2 0 2
fi=(208)
+6 644 1 1
+7 * 1
+3 * 1
+3 * 1 1 1
cfi=(201)
cfn=(716)
calls=1 0xc4940 325 
* * 396 117 12
fi=(210)
+6 1634 1
+7 +84 1
fi=(208)
+2 428 1
+7 * 1 0 0 1 0 0 1
+7 * 1 0 1 0 0 1 0 0 1
fi=(210)
+10 1718 1
+3 -84 1
+4 -3 1 0 1
+7 +3 1 0 1
+7 +83 1 1 0 0 1
+7 -87 1 0 1
+11 +87 1
+4 -87 1 0 1 1 0 0 1
+11 +2 1 0 1
+11 * 1 0 1
+11 * 1 0 1
+11 +1 1 0 1 0 0 1 0 0 1
+11 * 1 0 1
+11 +1 1 0 1
fi=(208)
+7 428 1 0 1 1 0 0 1
fi=(210)
+10 1717 1 0 1
+7 * 1 0 1 0 0 1 0 0 1
+7 +1 1 1 1 0 1
cfi=(211)
cfn=(770) std::__cxx11::numpunct<wchar_t>::_M_initialize_numpunct(__locale_struct*)
calls=1 0xd1800 183 
* * 353 75 75 5 1 3 5 1 3
fi=(208)
+6 644 1 1 0 0 1
+7 * 1
+3 * 1
+3 * 1 1 1
cfi=(201)
cfn=(716)
calls=1 0xc4940 325 
* * 396 117 12 0 1 0 0 1
fi=(210)
+6 1981 1 1
fi=(208)
+7 644 1 1
+7 * 1 0 0 1 0 0 1
+3 428 1 0 1
+10 644 1
fi=(210)
+7 1981 1
+4 * 1 0 1
fi=(208)
+7 644 1 1 1
cfi=(201)
cfn=(716)
calls=1 0xc4940 325 
* * 396 117 12 0 1 0 0 1
fi=(210)
+6 2345 1 1 0 0 1
fi=(208)
+7 644 1 1
+7 * 1
+3 428 1 0 1
+10 644 1 0 0 1 0 0 1
fi=(210)
+7 2345 1
+4 * 1 0 1
fi=(208)
+7 644 1 1 1
cfi=(201)
cfn=(716)
calls=1 0xc4940 325 
* * 396 117 12
+6 +63 1 1
+7 428 1 0 1
+10 707 1
+4 * 1 0 1
+7 * 1 1 1
cfi=(201)
cfn=(696)
calls=1 0xc4360 221 
* * 21 7 3
+6 * 1
+7 * 1 0 0 1 0 0 1
+5 * 1 1 0 0 1
+8 * 1 1
+8 * 1
+5 * 1
+5 * 1 1
+8 * 1 0 1
+7 -64 1
+4 * 1
+4 +1 1
+3 * 1 1
+7 * 1 0 0 1 0 0 1
+4 * 1 0 1
+7 * 1
+7 * 1 0 1
+7 * 1 0 1
+4 * 1 1 1
cfi=(201)
cfn=(716)
calls=1 0xc4940 325 
* * 396 117 12
fi=(212)
+6 1024 1
+7 +82 1
+2 * 1
fi=(208)
+2 428 1
+7 * 1 0 1 0 0 1 0 0 1
fi=(212)
+10 1106 1 0 0 1 0 0 1
+3 -82 1
+4 -7 1 0 1
+7 +7 1 0 1
+7 +81 1 1 0 0 1
+7 -88 1 0 1
+11 +88 1
+4 -88 1 0 1
+11 +88 1 0 1 0 0 1 0 0 1
+7 * 1 0 0 1 0 0 1
+7 -87 1 0 1
+11 +1 1 0 1
+11 * 1 0 1
+11 +1 1 0 1 0 0 1 0 0 1
+11 * 1 0 1
+11 +1 1 0 1 1 0 0 1
+11 * 1 0 1
+11 +1 1 0 1
+10 +1 1 0 1
+11 +1 1 0 1 0 0 1 0 0 1
fi=(208)
+7 428 1 0 1
fi=(212)
+10 1105 1 0 1
+7 +1 1 1 1 1 1 0 1
cfi=(213)
cfn=(772) std::__cxx11::moneypunct<wchar_t, false>::_M_initialize_moneypunct(__locale_struct*, char const*)
calls=1 0xd0ce0 741 
* * 109 30 31 6 0 0 6
fi=(208)
+6 644 1 1 0 0 1
+7 * 1
+3 * 1
+3 * 1 1 1
cfi=(201)
cfn=(716)
calls=1 0xc4940 325 
* * 396 117 12
fi=(212)
+6 1024 1
+7 +82 1
+2 * 1
fi=(208)
+2 428 1
+7 * 1 0 1
fi=(212)
+10 1106 1
+3 -82 1
+4 -7 1 0 1 0 0 1 0 0 1
+7 +7 1 0 1 1 0 0 1
+7 +81 1 1 0 0 1
+7 -88 1 0 1
+11 +88 1
+4 -88 1 0 1
+11 +1 1 0 1
+11 +1 1 0 1
+11 * 1 0 1 1 0 0 1
+11 +1 1 0 1
+11 * 1 0 1
+11 +1 1 0 1
+11 * 1 0 1
+11 +1 1 0 1 0 0 1 0 0 1
+10 +1 1 0 1 1 0 0 1
+11 +1 1 0 1
fi=(208)
+7 428 1 0 1
fi=(212)
+10 1105 1 0 1
+7 * 1 0 1
+7 +1 1 1 1 0 1
cfi=(213)
cfn=(774) std::__cxx11::moneypunct<wchar_t, true>::_M_initialize_moneypunct(__locale_struct*, char const*)
calls=1 0xd0700 558 
* * 109 30 31 5 0 0 5
fi=(208)
+6 644 1 1
+7 * 1
+3 * 1
+3 * 1 1 1 1 0 0 1
cfi=(201)
cfn=(716)
calls=1 0xc4940 325 
* * 396 117 12
fi=(212)
+6 1528 1 1 0 0 1
fi=(208)
+7 644 1 1 0 0 1
+7 * 1
+3 428 1 0 1
+10 644 1
fi=(212)
+7 1528 1
+4 * 1 0 1
fi=(208)
+7 644 1 1 1
cfi=(201)
cfn=(716)
calls=1 0xc4940 325 
* * 396 117 12
fi=(212)
+6 1688 1 1
fi=(208)
+7 644 1 1 0 1 1 0 1
+7 * 1
+3 428 1 0 1
+10 644 1
fi=(212)
+7 1688 1
+4 * 1 0 1
fi=(208)
+7 644 1 1 1
cfi=(201)
cfn=(716)
calls=1 0xc4940 325 
* * 396 117 12
fi=(212)
+6 136 1
+7 -13 1
fe=(200)
+4 563 1
fi=(208)
+7 428 1 0 1 1 0 0 1
fi=(212)
+10 136 1 0 1 0 0 1 0 0 1
fe=(200)
+7 563 1
+5 * 1
+3 * 1
fi=(212)
+7 136 1
+4 -13 1 0 1
+7 +13 1 0 1
+7 * 1 0 1
+11 -13 1 0 1 0 0 1 0 0 1
+7 * 1 0 1 1 0 0 1
+7 * 1 0 1
+7 * 1 0 1
+7 * 1 0 1 0 0 1 0 0 1
+7 * 1 0 1
+7 * 1 0 1
+7 * 1 0 1
+7 * 1 0 1 0 0 1 0 0 1
+7 * 1 0 1
+7 * 1 0 1 1 0 0 1
+7 * 1 0 1
+7 * 1 0 1 0 0 1 0 0 1
+7 * 1 0 1
+7 * 1 0 1
+7 * 1 0 1
+7 * 1 0 1 0 0 1 0 0 1
+7 * 1 0 1
+7 * 1 0 1
+7 * 1 0 1 1 0 0 1
+7 * 1 0 1
+7 * 1 0 1
fe=(200)
+7 563 1 1 1
cfi=(214)
cfn=(776) std::__timepunct<wchar_t>::__timepunct(std::__timepunct_cache<wchar_t>*, unsigned long)
calls=1 0x168ad0 48 
* * 177 42 42 16 5 1 16 0 1
fi=(208)
+6 +81 1 1 0 0 1
+7 * 1
+3 * 1
+3 * 1 1 1
cfi=(201)
cfn=(716)
calls=1 0xc4940 325 
* * 396 117 12
fi=(212)
+6 420 1 1
fi=(208)
+7 644 1 1 0 0 1
+7 * 1
+3 428 1 0 1 1 0 0 1
+10 644 1
fi=(212)
+7 420 1
+4 * 1 0 1
fi=(208)
+7 644 1 1 1
cfi=(201)
cfn=(716)
calls=1 0xc4940 325 
* * 396 117 12
fi=(212)
+6 857 1 1 0 0 1
fi=(208)
+7 644 1 1 0 0 1
+7 * 1
+3 428 1 0 1
+10 644 1
fi=(212)
+7 857 1 0 0 1 0 0 1
+4 * 1 0 1
fi=(208)
+7 644 1 1 1
cfi=(201)
cfn=(716)
calls=1 0xc4940 325 
* * 396 117 12 0 1 0 0 1
fe=(200)
+6 -77 1
+7 * 1
+5 * 1
+3 * 1 1 1
cfi=(216)
cfn=(780) std::__cxx11::messages<wchar_t>::messages(unsigned long)
calls=1 0x117050 44 
* * 45 15 12 2 1 1 2 0 1
fi=(208)
+6 +77 1 1 0 0 1
+7 * 1
+3 * 1
+3 * 1 1 1
cfi=(201)
cfn=(716)
calls=1 0xc4940 325 
* * 396 117 12
fi=(228) /usr/src/debug/gcc/gcc-build/x86_64-pc-linux-gnu/libstdc++-v3/include/bits/codecvt.h
+6 484 1 1 0 0 1
fi=(208)
+7 644 1 1 0 1 0 0 1
+7 * 1
+3 428 1 0 1
+10 644 1
fi=(228)
+7 484 1
+4 * 1 0 1
fi=(208)
+7 644 1 1 1
cfi=(201)
cfn=(716)
calls=1 0xc4940 325 
* * 396 117 12
fi=(228)
+6 541 1 1 0 0 1
fi=(208)
+7 644 1 1 0 0 1
+7 * 1
+3 428 1 0 1 1 0 0 1
+10 644 1
fi=(228)
+7 541 1
+4 * 1 0 1
fi=(208)
+7 644 1 1 1
cfi=(201)
cfn=(716)
calls=1 0xc4940 325 
* * 396 117 12
fi=(228)
+6 -45 1 1
fi=(208)
+7 +45 1 1
+7 * 1
+3 428 1 0 1
+10 644 1
fi=(228)
+7 -45 1 0 0 1 0 0 1
+4 * 1 0 1
fi=(208)
+7 +45 1 1 1
cfi=(201)
cfn=(716)
calls=1 0xc4940 325 
* * 396 117 12
fi=(228)
+6 +12 1 1 0 0 1
fi=(208)
+7 -12 1 1 0 0 1
+7 * 1
+3 428 1 0 1
+10 644 1
fi=(228)
+7 +12 1
+4 * 1 0 1
fi=(208)
+7 -12 1 1 1 1 0 0 1
cfi=(201)
cfn=(716)
calls=1 0xc4940 325 
* * 396 117 12
fe=(200)
+6 -54 1 1
+8 * 1 1
+5 +3 1
+4 * 1
+3 -3 1 1
+8 * 1 0 1
+4 * 1 0 1
+4 * 1 0 1
+4 +3 1 0 1
cfi=(229) /usr/src/debug/gcc/gcc/libstdc++-v3/src/c++11/cow-locale_init.cc
cfn=(784) std::locale::_Impl::_M_init_extra(std::locale::facet**)
calls=1 0xe2540 100 
* * 1925 620 460 63 17 7 63 0 7
+6 +5 1 1
+4 * 1 1
+7 * 1 1 1 1 0 0 1
cfi=(201)
cfn=(718) std::locale::id::_M_id() const
calls=1 0xc48e0 -91 
* * 6 2
+6 * 1
+7 +1 1 1
+7 -1 1 0 1
+4 +1 1 1
+4 * 1 1 1
cfi=(201)
cfn=(718)
calls=1 0xc48e0 -92 
* * 6 2
+6 +1 1 1
+7 -1 1 0 1
+4 +1 1 1
+4 * 1 1 1
cfi=(201)
cfn=(718)
calls=1 0xc48e0 -93 
* * 6 2
+6 * 1
+7 +1 1 1 0 1 0 0 1
+7 -1 1 0 1
+4 +1 1 1
+4 * 1 1 1
cfi=(201)
cfn=(718)
calls=1 0xc48e0 -94 
* * 6 2
+6 * 1
+7 +2 1 1
+7 -2 1 0 1
+4 +2 1 1
+4 * 1 1 1
cfi=(201)
cfn=(718)
calls=1 0xc48e0 -96 
* * 6 2
+6 +1 1 1
+7 -1 1 0 1
+4 +1 1 1
+4 * 1 1 1 1 0 0 1
cfi=(201)
cfn=(718)
calls=1 0xc48e0 -97 
* * 6 2
+6 * 1
+7 +1 1 1
+7 -1 1 0 1
+5 +1 1 1
+4 * 1 1 1
cfi=(201)
cfn=(718)
calls=1 0xc48e0 -98 
* * 6 2
+6 +1 1 1
+4 * 1 1
+7 -1 1 0 1
+5 +1 1 1 1
cfi=(201)
cfn=(718)
calls=1 0xc48e0 -99 
* * 6 2
+6 * 1
+7 * 1 0 1
+4 +2 1 1 0 1 0 0 1
+4 * 1 1
+9 * 1
+2 * 1
+4 * 1 1
+1 * 1 1
+2 * 1 1
+2 * 1 1
+2 * 1 1
+2 * 1 1
+1 * 1 1

fl=(202)
fn=(694)
0xee730 121 1 0 0 1 0 0 1
+4 * 1 0 1
fi=(208)
+1 428 1
fe=(202)
+2 121 1
+3 * 1 0 1 0 0 1
+2 * 1
+3 * 1 0 1 1 0 0 1
+2 * 1
+3 * 1 0 1
+1 * 1
+3 * 1
fi=(208)
+4 428 1
+3 * 1
+3 * 1 0 1 0 0 1 0 0 1
fe=(202)
+3 127 1 1 0 0 1
+7 * 1
+4 * 1 0 1
+3 -5 1 1 1 0 1
cfi=(201)
cfn=(696)
calls=1 0xc4360 +99 
* * 151 40 37 18 5 4 18 2
+6 +1 1
+3 -1 1 0 1
+4 +1 1
+3 * 1
+3 * 1 0 1
+3 +1 1 1 0 0 1
+4 * 1 0 1 1 0 1 1 0 1
+4 +1 1 1
+4 * 1 0 1
+4 +1 1
+3 * 1
jcnd=1/1 0xee810 * 
* * 
+6 +3 1
+4 * 1
+2 * 1
+2 -3 1 0 1
+4 +3 1
+4 * 1
+7 -2 1 0 1
+4 +2 1
+2 -2 1 0 1
+7 +2 1
+6 * 1 0 1 1 0 0 1
+8 * 1 0 1 0 0 1 0 0 1
+11 * 1
+3 * 1 0 1
jcnd=1/1 * * 
* * 
* * 31 0 30 0 0 3 0 0 3
jcnd=30/31 * * 
* * 
+3 +1 1
+3 * 1 0 1
+11 * 1 0 1
+11 * 1
+4 * 1
+2 * 1
+6 * 1
+3 * 1 0 1
jcnd=1/1 * * 
* * 
* * 31 0 30 0 0 3 0 0 3
jcnd=30/31 * * 
* * 
+3 +1 1
+4 * 1 1
+1 * 1 1
+2 * 1 1
+2 * 1 1
+1 * 1 1
+6 -5 1 1 0 1 0 0 1
+4 * 1
jump=1 0xee792 +3 
* * 

fl=(209)
fn=(768)
0xbed30 118 1 0 0 1 0 0 1
+4 * 1 0 1
fi=(208)
+1 428 1
+2 * 1
+3 * 1
fe=(209)
+3 118 1
+3 * 1 0 1 1 0 0 1
+2 * 1 0 1
+1 * 1
fi=(208)
+3 428 1 0 1 0 0 1 0 0 1
fe=(209)
+3 121 1 1 0 0 1
+7 * 1
+4 * 1 0 1
+3 * 1 1 1
cfi=(201)
cfn=(696)
calls=1 0xc4360 221 
* * 21 7 3
+6 * 1 0 1 0 0 1 0 0 1
+4 +1 1 1
+1 * 1 1
+2 * 1 1
+1 * 1 1

fn=(724)
0xbec90 38 1 0 0 1 0 0 1
+4 * 1 0 1
fi=(208)
+1 428 1
+2 * 1
+3 * 1
fe=(209)
+3 38 1
+3 * 1 0 1
+2 * 1 0 1
+1 * 1
fi=(208)
+3 428 1 0 1 0 0 1 0 0 1
fe=(209)
+3 41 1 1 0 0 1
+7 * 1
+4 * 1 0 1
+3 * 1 1 1
cfi=(201)
cfn=(696)
calls=1 0xc4360 221 
* * 21 7 3
+6 * 1 0 1 1 0 0 1
+4 +1 1 1
+1 * 1 1
+2 * 1 1
+1 * 1 1

fl=(267)
fn=(1302)
0x1b2a60 92 1
+4 * 1 1

fn=(946) _GLOBAL__sub_I_memory_resource.cc
0xaaaf0 1483 1
+4 * 1 0 1
+1 95 1
+7 * 1 0 0 1 0 0 1
+7 1483 1
+3 * 1 0 1
+1 95 1
+7 * 1
+3 1483 1
+4 95 1 1 1
cob=(2)
cfi=(242)
cfn=(840)
calls=1 0x3fc90 -28 
* * 81 16 18 0 0 1 0 0 1
+6 * 1
+3 * 1
+7 * 1
+7 * 1 1 1
cob=(2)
cfi=(242)
cfn=(840)
calls=1 0x3fc90 -28 
* * 81 16 18
+6 1483 1
+4 95 1
+3 * 1
+7 1483 1 1 0 1 0 0 1
+1 95 1
+7 1483 1 1
+1 95 1 1
cob=(2)
cfi=(242)
cfn=(840)
calls=1 0x3fc90 -28 
* * 81 16 18 0 0 1 0 0 1

fn=(1300)
0x1b2a70 92 1 0 0 1 0 0 1
+4 * 1 1

fn=(1304)
0x1b2a50 92 1
+4 * 1 1

fl=(205) /usr/src/debug/gcc/gcc-build/x86_64-pc-linux-gnu/libstdc++-v3/src/c++98/c++locale.cc
fn=(706) std::locale::facet::_S_create_c_locale(__locale_struct*&, char const*, __locale_struct*)
0xd2f60 134 1 0 0 1 0 0 1
+4 * 1 0 1
+1 * 1
+3 * 1 0 1
+1 * 1
+3 +1 1
+5 -1 1
+4 +1 1 1 1 0 1
cob=(2)
cfi=(206)
cfn=(708)
calls=1 0x33fc0 -92 
* * 38 12 7 5 0 1 5
+6 * 1 0 1
+3 +1 1 0 0 1 0 0 1
+3 * 1
+6 +6 1 1
+4 * 1 1
+1 * 1 1

fl=(231) /usr/src/debug/gcc/gcc-build/x86_64-pc-linux-gnu/libstdc++-v3/src/c++98/monetary_members_cow.cc
fn=(792) std::moneypunct<char, false>::_M_initialize_moneypunct(__locale_struct*, char const*)
0xccd20 372 1 0 0 1 0 0 1
+4 * 1 0 1
+1 * 1
+3 * 1 0 1
+2 * 1 0 1
+2 * 1 0 1
+2 * 1 0 1
+2 * 1
+3 * 1 0 1
+1 * 1
+3 * 1
+4 +1 1 1
+5 * 1 0 0 1 0 0 1
+6 +3 1
+3 * 1
jcnd=1/1 0xccf38 +3 
* * 
0xccf38 +3 1 1 0 1 0 0 1
+4 +2 1 0 0 1 0 0 1
+7 -2 1 0 1
+4 +1 1 1
+4 * 1 0 1
+4 +1 1 1
+4 * 1 0 1
+4 +3 1 0 1
+4 +2 1 0 1
+4 +2 1 0 1
+4 +3 1 1
+7 -9 1 0 1
+8 +9 1 1
+2 -8 1 0 1
+4 +2 1 0 1
+8 +2 1 0 1 1 0 0 1
+8 +2 1 0 1
+8 +1 1 0 1
+7 +1 1 0 1
+3 +1 1 1
+4 * 1 0 1
+3 +3 1 1
+7 * 1 1
+3 -1 1
+2 * 1
+11 * 1
+8 +1 1 1 0 1 0 0 1
+4 * 1 1
+4 * 1 0 1
+4 -1 1
+4 * 1
+4 * 1
jcnd=1/1 -20 +1 
* * 
-20 +1 10 10
+4 * 10 10
+4 * 10 0 10
+4 -1 10
+4 * 10
+4 * 10
jcnd=9/10 -20 +1 
* * 
+2 517 1
+4 * 1 1
+1 * 1 1
+2 * 1 1
+2 * 1 1
+2 * 1 1
+2 * 1 1
+1 * 1 1

fn=(794) std::moneypunct<char, true>::_M_initialize_moneypunct(__locale_struct*, char const*)
0xcc800 216 1 0 0 1 0 0 1
+4 * 1 0 1
+1 * 1
+3 * 1 0 1
+2 * 1 0 1
+2 * 1 0 1
+2 * 1 0 1
+2 * 1
+3 * 1 0 1
+1 * 1
+3 * 1
+4 +1 1 1
+5 * 1
+6 +3 1
+3 * 1
jcnd=1/1 0xcca28 +3 
* * 
0xcca28 +3 1 1 0 1 0 0 1
+4 +2 1
+7 -2 1 0 1
+4 +1 1 1
+4 * 1 0 1
+4 +1 1 1 0 1 0 0 1
+4 * 1 0 1
+4 +3 1 0 1
+4 +2 1 0 1
+4 +2 1 0 1
+4 +3 1 1
+7 -9 1 0 1
+8 +9 1 1
+2 -8 1 0 1
+4 +2 1 0 1
+8 +2 1 0 1
+8 +2 1 0 1
+8 +1 1 0 1 1 0 0 1
+7 +1 1 0 1
+3 +1 1 1
+4 * 1 0 1
+3 +3 1 1
+7 * 1 1
+3 -1 1
+2 * 1
+3 +1 1 1
+4 * 1 1
+4 * 1 0 1
+4 -1 1
+4 * 1
+4 * 1
jcnd=1/1 -20 +1 
* * 
-20 +1 10 10
+4 * 10 10
+4 * 10 0 10
+4 -1 10
+4 * 10
+4 * 10
jcnd=9/10 -20 +1 
* * 
+2 366 1
+4 * 1 1
+1 * 1 1
+2 * 1 1
+2 * 1 1 0 1 0 0 1
+2 * 1 1
+2 * 1 1
+1 * 1 1

fn=(802) std::moneypunct<wchar_t, true>::_M_initialize_moneypunct(__locale_struct*, char const*)
0xcd4a0 558 1 0 0 1 0 0 1
+4 * 1 0 1
+1 * 1
+3 * 1 0 1
+2 * 1 0 1
+2 * 1 0 1
+2 * 1 0 1
+2 * 1
+3 * 1 0 1
+1 * 1
+4 +1 1 1
+5 -1 1 1 0 1 0 0 1
+9 * 1 0 1
+4 * 1
+3 +1 1
+6 +3 1
+3 * 1
jcnd=1/1 0xcd6f8 +3 
* * 
0xcd6d1 731 1 1
+4 * 1 1
+9 * 1
+6 * 1
+4 * 1 1
+1 * 1 1
+2 * 1 1
+2 * 1 1
+2 * 1 1
+2 * 1 1
+1 * 1 1
+6 565 1 1 0 1 0 0 1
+5 * 1 1 0 1 0 0 1
+7 +2 1
+7 -2 1 0 1
+4 +5 1
+7 * 1 0 1
+4 +2 1 0 1
+4 +2 1 0 1
+4 +3 1 1
+7 -10 1 0 1
+4 +10 1 1
+2 -9 1 0 1
+8 +1 1 0 1
+4 +8 1 0 1
+3 -6 1 0 1 1 0 0 1
+8 +2 1 0 1
+8 +2 1 0 1
+8 +1 1 0 1
+7 +2 1 1
+5 * 1 0 1
+3 +5 1 1
+7 -1 1 1
+5 +1 1 1
+3 -2 1
+2 * 1
+10 +2 1 1 0 1 0 0 1
+4 * 1 0 1
+4 -2 1
+4 * 1
+4 * 1
jcnd=1/1 -16 +2 
* * 
-16 +2 10 10
+4 * 10 0 10
+4 -2 10
+4 * 10
+4 * 10
jcnd=9/10 -16 +2 
* * 
+2 * 1
jump=1 0xcd6d1 731 
* * 

fn=(800) std::moneypunct<wchar_t, false>::_M_initialize_moneypunct(__locale_struct*, char const*)
0xcda80 741 1 0 0 1 0 0 1
+4 * 1 0 1
+1 * 1
+3 * 1 0 1
+2 * 1 0 1
+2 * 1 0 1
+2 * 1 0 1
+2 * 1
+3 * 1 0 1
+1 * 1
+4 +1 1 1
+5 -1 1 1
+9 * 1 0 1
+4 * 1
+3 +1 1
+6 +3 1
+3 * 1
jcnd=1/1 0xcdcd8 +3 
* * 
0xcdcb1 914 1 1 0 1 0 0 1
+4 * 1 1
+9 * 1
+6 * 1
+4 * 1 1
+1 * 1 1
+2 * 1 1
+2 * 1 1
+2 * 1 1
+2 * 1 1
+1 * 1 1
+6 748 1 1 0 1 0 0 1
+5 * 1 1
+7 +2 1
+7 -2 1 0 1
+4 +5 1
+7 * 1 0 1
+4 +2 1 0 1
+4 +2 1 0 1 1 0 0 1
+4 +3 1 1
+7 -10 1 0 1
+4 +10 1 1
+2 -9 1 0 1
+8 +1 1 0 1
+4 +8 1 0 1
+3 -6 1 0 1
+8 +2 1 0 1
+8 +2 1 0 1
+8 +1 1 0 1
+7 +2 1 1 0 1 0 0 1
+5 * 1 0 1
+3 +5 1 1
+7 -1 1 1
+5 +1 1 1
+3 -2 1
+2 * 1
+10 +2 1 1
+4 * 1 0 1
+4 -2 1
+4 * 1
+4 * 1
jcnd=1/1 -16 +2 
* * 
-16 +2 10 10
+4 * 10 0 10
+4 -2 10
+4 * 10
+4 * 10
jcnd=9/10 -16 +2 
* * 
+2 * 1
jump=1 0xcdcb1 914 
* * 

fl=(263) /usr/src/debug/gcc/gcc/libstdc++-v3/src/c++98/parallel_settings.cc
fn=(906) _GLOBAL__sub_I_parallel_settings.cc
0xaa670 42 1
fi=(349) /usr/src/debug/gcc/gcc-build/x86_64-pc-linux-gnu/libstdc++-v3/include/parallel/settings.h
+4 287 1 1 0 0 1 0 0 1
+8 * 1 0 0 1 0 0 1
+5 +13 1 1
+8 -5 1 0 1 0 0 1 0 0 1
+11 -9 1 0 1
+11 +1 1 0 1 0 0 1 0 0 1
+7 * 1
+4 +10 1
+5 -10 1
+5 * 1 0 1
+7 +10 1
+5 +2 1 1 0 1 1 0 1 1
+7 -2 1
+4 +3 1 0 1
+7 * 1 1
+8 -3 1 0 1
+7 +3 1 0 1 0 0 1 0 0 1
+7 +8 1 0 1
+7 +3 1 0 1 0 0 1 0 0 1
+7 +3 1 0 1
+7 +5 1 0 1 1 0 1 1 0 1
+7 * 1 0 1
+7 * 1 0 1
+7 +8 1 1
+8 -28 1 0 1
+7 -13 1
+10 +41 1 0 1
+7 * 1 1 0 0 1 0 0 1
+8 -41 1 0 1 1 0 0 1
+7 * 1
+10 * 1 0 1
+7 +39 1 1
+7 +2 1 0 1 0 0 1 0 0 1
+7 * 1 1
+8 -2 1 0 1
+7 -19 1 0 1
+11 -20 1 0 1 1 0 0 1
+11 +27 1 0 1
+11 -27 1 0 1
+11 +14 1 0 1
+7 +27 1 0 1
+7 +6 1 1
+7 +2 1 1
+8 +2 1 0 1 1 0 0 1
+10 -4 1 0 1
+7 +2 1 0 1
fe=(263)
+7 42 1 1

fl=(264)
fn=(910) _GLOBAL__sub_I_ios_errcat.cc
0xaa800 84 1 0 0 1 0 0 1
+4 -12 1
+7 * 1
+7 * 1
+7 * 1 1
cob=(2)
cfi=(242)
cfn=(840)
calls=1 0x3fc90 -5 
* * 81 16 18

fn=(1310)
0xdd3a0 69 1 0 0 1 0 0 1
+4 * 1 1

fl=(213)
fn=(734)
0xcfac0 216 1 0 0 1 0 0 1
+4 * 1 0 1
+1 * 1
+3 * 1 0 1
+2 * 1 0 1
+2 * 1 0 1
+2 * 1 0 1
+2 * 1
+3 * 1 0 1
+1 * 1
+3 * 1
+4 +1 1 1
+5 * 1
+6 +3 1
+3 * 1
jcnd=1/1 0xcfce8 +3 
* * 
0xcfce8 +3 1 1 0 1 0 0 1
+4 +2 1
+7 -2 1 0 1
+4 +1 1 1
+4 * 1 0 1
+4 +1 1 1 0 1 0 0 1
+4 * 1 0 1
+4 +3 1 0 1
+4 +2 1 0 1
+4 +2 1 0 1
+4 +3 1 1
+7 -9 1 0 1
+8 +9 1 1
+2 -8 1 0 1
+4 +2 1 0 1
+8 +2 1 0 1
+8 +2 1 0 1
+8 +1 1 0 1 1 0 0 1
+7 +1 1 0 1
+3 +1 1 1
+4 * 1 0 1
+3 +3 1 1
+7 * 1 1
+3 -1 1
+2 * 1
+3 +1 1 1
+4 * 1 1
+4 * 1 0 1
+4 -1 1
+4 * 1
+4 * 1
jcnd=1/1 -20 +1 
* * 
-20 +1 10 10
+4 * 10 10
+4 * 10 0 10
+4 -1 10
+4 * 10
+4 * 10
jcnd=9/10 -20 +1 
* * 
+2 366 1
+4 * 1 1
+1 * 1 1
+2 * 1 1
+2 * 1 1 0 1 0 0 1
+2 * 1 1
+2 * 1 1
+1 * 1 1

fn=(774)
0xd0700 558 1 0 0 1 0 0 1
+4 * 1 0 1
+1 * 1
+3 * 1 0 1
+2 * 1 0 1
+2 * 1 0 1
+2 * 1 0 1
+2 * 1
+3 * 1 0 1
+1 * 1
+4 +1 1 1
+5 -1 1 1
+9 * 1 0 1
+4 * 1
+3 +1 1
+6 +3 1
+3 * 1
jcnd=1/1 0xd0958 +3 
* * 
0xd0931 731 1 1 0 1 0 0 1
+4 * 1 1
+9 * 1
+6 * 1
+4 * 1 1
+1 * 1 1
+2 * 1 1
+2 * 1 1
+2 * 1 1
+2 * 1 1
+1 * 1 1
+6 565 1 1 0 1 0 0 1
+5 * 1 1
+7 +2 1
+7 -2 1 0 1
+4 +5 1
+7 * 1 0 1
+4 +2 1 0 1
+4 +2 1 0 1 1 0 0 1
+4 +3 1 1
+7 -10 1 0 1
+4 +10 1 1
+2 -9 1 0 1
+8 +1 1 0 1
+4 +8 1 0 1
+3 -6 1 0 1
+8 +2 1 0 1
+8 +2 1 0 1
+8 +1 1 0 1
+7 +2 1 1 0 1 0 0 1
+5 * 1 0 1
+3 +5 1 1
+7 -1 1 1
+5 +1 1 1
+3 -2 1
+2 * 1
+10 +2 1 1
+4 * 1 0 1
+4 -2 1
+4 * 1
+4 * 1
jcnd=1/1 -16 +2 
* * 
-16 +2 10 10
+4 * 10 0 10
+4 -2 10
+4 * 10
+4 * 10
jcnd=9/10 -16 +2 
* * 
+2 * 1
jump=1 0xd0931 731 
* * 

fn=(732)
0xcffe0 372 1 0 0 1 0 0 1
+4 * 1 0 1
+1 * 1
+3 * 1 0 1
+2 * 1 0 1
+2 * 1 0 1
+2 * 1 0 1
+2 * 1
+3 * 1 0 1
+1 * 1
+3 * 1
+4 +1 1 1
+5 * 1 0 0 1 0 0 1
+6 +3 1
+3 * 1
jcnd=1/1 0xd01f8 +3 
* * 
0xd01f8 +3 1 1 0 1 0 0 1
+4 +2 1 0 0 1 0 0 1
+7 -2 1 0 1
+4 +1 1 1
+4 * 1 0 1
+4 +1 1 1
+4 * 1 0 1
+4 +3 1 0 1
+4 +2 1 0 1
+4 +2 1 0 1
+4 +3 1 1 0 0 1
+7 -9 1 0 1
+8 +9 1 1 0 0 1 0 0 1
+2 -8 1 0 1
+4 +2 1 0 1
+8 +2 1 0 1 1 0 0 1
+8 +2 1 0 1
+8 +1 1 0 1
+7 +1 1 0 1
+3 +1 1 1
+4 * 1 0 1
+3 +3 1 1 0 0 1
+7 * 1 1
+3 -1 1
+2 * 1
+11 * 1
+8 +1 1 1 0 1 0 0 1
+4 * 1 1
+4 * 1 0 1
+4 -1 1
+4 * 1
+4 * 1
jcnd=1/1 -20 +1 
* * 
-20 +1 10 10
+4 * 10 10
+4 * 10 0 10
+4 -1 10
+4 * 10
+4 * 10
jcnd=9/10 -20 +1 
* * 
+2 517 1
+4 * 1 1
+1 * 1 1
+2 * 1 1
+2 * 1 1
+2 * 1 1
+2 * 1 1
+1 * 1 1

fn=(772)
0xd0ce0 741 1 0 0 1 0 0 1
+4 * 1 0 1
+1 * 1
+3 * 1 0 1
+2 * 1 0 1
+2 * 1 0 1
+2 * 1 0 1
+2 * 1
+3 * 1 0 1
+1 * 1
+4 +1 1 1
+5 -1 1 1 0 1 0 0 1
+9 * 1 0 1
+4 * 1
+3 +1 1
+6 +3 1
+3 * 1
jcnd=1/1 0xd0f38 +3 
* * 
0xd0f11 914 1 1
+4 * 1 1
+9 * 1
+6 * 1
+4 * 1 1
+1 * 1 1
+2 * 1 1
+2 * 1 1
+2 * 1 1
+2 * 1 1
+1 * 1 1
+6 748 1 1 0 1 0 0 1
+5 * 1 1 0 1 0 0 1
+7 +2 1
+7 -2 1 0 1
+4 +5 1
+7 * 1 0 1
+4 +2 1 0 1
+4 +2 1 0 1
+4 +3 1 1
+7 -10 1 0 1
+4 +10 1 1
+2 -9 1 0 1
+8 +1 1 0 1
+4 +8 1 0 1
+3 -6 1 0 1 1 0 0 1
+8 +2 1 0 1
+8 +2 1 0 1
+8 +1 1 0 1
+7 +2 1 1
+5 * 1 0 1
+3 +5 1 1
+7 -1 1 1
+5 +1 1 1
+3 -2 1
+2 * 1
+10 +2 1 1 0 1 0 0 1
+4 * 1 0 1
+4 -2 1
+4 * 1
+4 * 1
jcnd=1/1 -16 +2 
* * 
-16 +2 10 10
+4 * 10 0 10
+4 -2 10
+4 * 10
+4 * 10
jcnd=9/10 -16 +2 
* * 
+2 * 1
jump=1 0xd0f11 914 
* * 

fl=(237) /usr/src/debug/gcc/gcc/libstdc++-v3/src/c++98/ios_locale.cc
fn=(818) std::ios_base::_M_init()
0xc33f0 39 8 0 0 1 0 0 1
+4 * 8 0 8
+1 * 8
+3 * 8 0 8
+2 * 8 0 8
+1 +5 8
+4 -5 8 0 0 1 0 0 1
+4 +2 8 8 0 0 1 0 0 1
+8 -2 8 8
+9 * 8 0 8
+4 * 8
+3 +4 8 0 8
+7 -2 8 0 8
+4 +3 8
+3 * 8 8 8
cfi=(200)
cfn=(684)
calls=8 0xde500 269 
* * 240 88 56
+6 * 8
+3 * 8
+7 * 8 8 8 0 1
cfi=(201)
cfn=(820) std::locale::operator=(std::locale const&)
calls=8 0xc45d0 +76 
* * 184 64 32 2 0 0 2
+6 * 8 0 0 1 0 0 1
+3 * 8 8 8
cfi=(201)
cfn=(822) std::locale::~locale()
calls=8 0xc4690 +47 
* * 96 40 16 2 0 0 2
+6 +1 8 8
+4 * 8 8
+9 * 8
+2 * 8
+4 * 8 8
+1 * 8 8
+2 * 8 8
+1 * 8 8

fl=(201)
fn=(692)
0xc43b0 233 7 0 0 1 0 0 1
+4 * 7
+7 * 7 7

fn=(718)
0xc48e0 507 86 0 0 1 0 0 1
+4 +1 86 86 0 0 8 0 0 7
+3 * 86
+3 * 86
jcnd=38/86 +33 +37 
* * 
fi=(199)
+2 52 48 48
fe=(201)
+7 521 48 48
+3 * 48
+2 +22 48
+7 * 48 48 0 1 0 0 1
+2 * 48
+3 * 48 0 48
+2 * 48
+2 * 48 0 48
+3 +2 48
+4 +1 48 48
-4 -1 38
+4 +1 38 38

fn=(806)
0xc3c00 88 1 0 0 1 0 0 1
+4 * 1 0 1
+3 +1 1 1

fn=(704)
0xc3b90 208 1 0 0 1 0 0 1
+4 +4 1
+7 * 1 1
+4 * 1
jcnd=1/1 +9 +4 
* * 
+9 +4 1
+7 * 1
+2 * 1 1
cfi=(205)
cfn=(706)
calls=1 0xd2f60 -82 
* * 52 16 11 7 1 1 7

fn=(820)
0xc45d0 120 8 0 0 1 0 0 1
+4 * 8 0 8
+1 * 8
+3 * 8
+3 * 8 0 8
+2 * 8 0 8
+1 * 8
+3 * 8
+4 +1 8 8
+3 * 8
+7 * 8 8
+3 * 8
+3 * 8
jcnd=8/8 +66 +2 
* * 
+41 +4 8 8
+3 * 8 0 8
+3 +2 8
+4 * 8 8
+1 * 8 8
+2 * 8 8
+1 * 8 8
+11 -4 8 8 0 1 0 0 1
+3 * 8
+3 * 8
jcnd=8/8 -31 +2 
* * 

fn=(696)
0xc4360 221 14 0 0 1 0 0 1
+4 * 14 0 14
+1 * 14
+3 * 14 0 14
+1 * 14
fi=(350) /usr/src/debug/gcc/gcc-build/x86_64-pc-linux-gnu/libstdc++-v3/include/x86_64-pc-linux-gnu/bits/gthr-default.h
+4 713 14
+7 * 14
+7 * 14 14 14 0 1 1
cob=(2)
cfi=(203)
cfn=(698)
calls=14 0x9abd0 136 
* * 214 61 34 17 4 3 17 2
fe=(201)
+6 226 14
+7 * 14 14
+3 * 14
+3 * 14
+2 +3 14 14
+4 * 14 14
+1 * 14 14

fn=(716)
0xc4940 325 32 0 0 1 0 0 1
+4 +1 32
+3 * 32
+6 -1 32 0 32
+1 * 32
+3 * 32 0 32
+2 * 32 0 32
+2 * 32
+3 * 32 0 32
+2 * 32 0 32
+2 * 32 0 32
+1 * 32
+3 +3 32
+3 -3 32
+4 +3 32 32 32 0 1
cfn=(718)
calls=32 0xc48e0 507 
* * 480 160 64 2 8 0 2 7
+6 * 32
+3 +3 32 32
+4 * 32
+4 * 32
+3 * 32 0 0 1 0 0 1
jfi=(199)
jcnd=32/32 0xc4ac7 52 
* * 
fi=(199)
0xc4ac7 52 32 32 0 1 0 0 1
+7 +56 32 32
+4 * 32
+6 -16 32 0 32
fe=(201)
+5 369 32 32
+4 * 32
+4 +1 32 32
+3 -1 32 0 32
+4 +1 32
+3 * 32
jcnd=32/32 0xc4bc4 +43 
* * 
0xc4bc4 +43 32 32 0 1 0 0 1
+4 +8 32 32
+5 -8 32 0 32
+3 +8 32
+6 * 32 32
+4 * 32
+3 * 32
jump=32 +25 +2 
* * 
+15 * 1536
+4 * 1536 1536
+4 * 1536
jcnd=32/1536 0xc4c60 +10 
* * 
+2 +2 1536 1536
+4 +1 1536 0 0 1 0 0 1
+8 * 1536
+3 * 1536
jcnd=1536/1536 -25 -3 
* * 
+91 +7 32 0 0 1 0 0 1
+4 * 32 32
+1 * 32 32
+2 * 32 32
+2 * 32 32
+2 * 32 32
+2 * 32 32
+1 * 32 32

fn=(822)
0xc4690 91 8 0 0 1 0 0 1
+4 * 8 0 8
+1 * 8
+3 * 8 0 8
+1 * 8
+4 +2 8
+7 * 8 8
+3 * 8 8
+3 * 8
jcnd=8/8 +26 +2 
* * 
+26 +2 8 8 0 1 0 0 1
+4 * 8 8
+1 * 8 8

fl=(244)
fn=(1316) std::error_category::~error_category()
0xabff0 182 2
+4 * 2 2

fn=(854) std::error_category::error_category()
0xabfd0 180 2 0 0 1 0 0 1
+4 * 2 2 0 0 1
+7 * 2
+4 * 2 0 2
+3 * 2 2

fn=(1314)
0xac000 203 1 0 0 1 0 0 1
+4 * 1
+7 * 1 0 1 0 0 1
+3 * 1 1 0 0 1
cfn=(1316)
calls=1 -30 -21 
* * 2 1

fn=(1318)
0xac050 188 1 0 0 1 0 0 1
+4 * 1
+7 * 1 0 1
+3 * 1 1
cfn=(1316)
calls=1 0xabff0 -6 
* * 2 1

fn=(852) _GLOBAL__sub_I_compatibility_c__0x.cc
0xaa250 260 1 0 0 1 0 0 1
+4 * 1 0 1
+1 * 1
+3 * 1 0 1
+2 -42 1
+7 +42 1 0 1
+1 -42 1
+7 * 1 0 1 0 0 1
+11 -30 1
+3 * 1 1 1
cfn=(854)
calls=1 0xabfd0 -8 
* * 5 2 1 1 1 0 1
+6 +30 1
+3 * 1 0 0 1 0 0 1
+3 +1 1
+7 -31 1
+7 +30 1
+7 -30 1 0 1
+7 +30 1 1 1
cob=(2)
cfi=(242)
cfn=(840)
calls=1 0x3fc90 67 
* * 81 16 18 0 0 1 0 0 1
+6 -15 1
+3 +16 1 0 1
+11 -16 1 1 1
cfn=(854)
calls=1 0xabfd0 -23 
* * 5 2 1
+6 * 1
+7 +15 1 0 0 1 0 0 1
+3 * 1
+3 -15 1 0 1
+7 +57 1 1
+1 -42 1
+7 +42 1 1
+2 * 1 1
+1 -42 1 1
cob=(2)
cfi=(242)
cfn=(840)
calls=1 0x3fc90 67 
* * 81 16 18

fl=(214)
fn=(736)
0x139fc0 48 1 0 0 1 0 0 1
+4 * 1 0 1
fi=(208)
+1 428 1
+2 * 1
+3 * 1
fe=(214)
+3 48 1
+3 * 1 0 1
+2 * 1 0 1
+1 * 1
fi=(208)
+3 428 1 0 1
fe=(214)
+3 50 1 1 0 0 1
+7 -1 1 0 1
+4 +1 1
+4 -1 1 0 1
+8 +1 1 0 1
+3 * 1 1 1
cfi=(201)
cfn=(692)
calls=1 0xc43b0 233 
* * 3 1
+6 +1 1
+2 * 1
+3 -1 1 0 1 1 0 0 1
+4 +1 1 1 1 0 1
cfi=(215) /usr/src/debug/gcc/gcc-build/x86_64-pc-linux-gnu/libstdc++-v3/src/c++98/time_members.cc
cfn=(738) std::__timepunct<char>::_M_initialize_timepunct(__locale_struct*)
calls=1 0xd1b10 +15 
* * 153 35 33 13 3 0 13
+6 * 1 1
+1 * 1 1
+2 * 1 1
+1 * 1 1

fn=(776)
0x168ad0 48 1 0 0 1 0 0 1
+4 * 1 0 1
fi=(208)
+1 428 1
+2 * 1
+3 * 1
fe=(214)
+3 48 1
+3 * 1 0 1
+2 * 1 0 1
+1 * 1
fi=(208)
+3 428 1 0 1 0 0 1 0 0 1
fe=(214)
+3 50 1 1 0 0 1
+7 -1 1 0 1
+4 +1 1
+4 -1 1 0 1
+8 +1 1 0 1 1 0 0 1
+3 * 1 1 1
cfi=(201)
cfn=(692)
calls=1 0xc43b0 233 
* * 3 1
+6 +1 1
+2 * 1
+3 -1 1 0 1
+4 +1 1 1 1 0 1
cfi=(215)
cfn=(778) std::__timepunct<wchar_t>::_M_initialize_timepunct(__locale_struct*)
calls=1 0xd23f0 222 
* * 150 34 32 14 3 0 14
+6 * 1 1
+1 * 1 1
+2 * 1 1
+1 * 1 1

fl=(268) /usr/src/debug/gcc/gcc/libstdc++-v3/src/c++20/tzdb.cc
fn=(948) _GLOBAL__sub_I_tzdb.cc
0xaab50 2161 1
+4 185 1
+7 * 1
+7 * 1
+7 * 1 1
cob=(2)
cfi=(242)
cfn=(840)
calls=1 0x3fc90 67 
* * 81 16 18

fl=(217)
fn=(742)
0xd92b0 103 1 0 0 1 0 0 1
+4 * 1 0 1
fi=(208)
+1 428 1
+2 * 1
+3 * 1
fe=(217)
+3 103 1
+3 * 1 0 1 1 0 0 1
+2 * 1 0 1
+1 * 1
fi=(208)
+3 428 1 0 1 0 0 1 0 0 1
fe=(217)
+3 105 1 1 0 0 1
+7 * 1
+4 * 1 0 1
+3 * 1 1 1
cfi=(201)
cfn=(696)
calls=1 0xc4360 221 
* * 21 7 3
+6 * 1 0 1
+4 +1 1
+3 -1 1 0 1
+4 +1 1 1
+1 * 1 1
+2 * 1 1
+1 * 1 1 0 0 1
cfi=(218)
cfn=(744)
calls=1 0xef080 273 
* * 20208 5826 3054 30 20 20 30 4 20

fl=(331) /usr/src/debug/gcc/gcc-build/x86_64-pc-linux-gnu/libstdc++-v3/include/bits/ostream.tcc
fn=(1326) std::ostream::sentry::sentry(std::ostream&)
0x14f530 46 3 0 0 1 0 0 1
+4 * 3 0 3
+1 * 3
+3 * 3 0 3
+2 * 3
+3 * 3 0 3
+1 +5 3 3 0 1 0 0 1
+3 -3 3 0 3
+3 * 3 0 3
+4 +3 3 3
+4 * 3
fi=(239) /usr/src/debug/gcc/gcc-build/x86_64-pc-linux-gnu/libstdc++-v3/include/bits/basic_ios.h
+3 300 3 3
fe=(331)
+7 51 3
+3 * 3
jfi=(239)
jcnd=2/3 +42 +91 
* * 
+2 * 1
fi=(239)
+3 +91 1 1 0 0 1
fe=(331)
+3 -91 1
+2 * 1
jcnd=1/1 +13 +1 
* * 
+13 +1 1
+3 * 1 1 1
cfn=(1325) std::ostream::flush()'2
calls=1 0x14f380 221 
* * 132 54 24 0 0 2
+6 +2 1 1
+3 * 1 1
+4 * 1
fi=(239)
+3 +88 1 1
fe=(331)
+3 -88 1
+2 * 1
fi=(239)
-5 +88 2 2 0 1 0 0 1
fe=(331)
+3 -88 2
+2 * 2
+2 +1 3 0 3
+5 +3 3 3
+1 * 3 3
+2 * 3 3
+1 * 3 3

fn=(1327) std::ostream::sentry::sentry(std::ostream&)'2
0x14f530 46 1
+4 * 1 0 1
+1 * 1
+3 * 1 0 1
+2 * 1
+3 * 1 0 1
+1 +5 1 1
+3 -3 1 0 1
+3 * 1 0 1
+4 +3 1 1
+4 * 1
fi=(239)
+3 300 1 1
fe=(331)
+7 51 1
+3 * 1
jfi=(239)
jcnd=1/1 +42 +91 
* * 
fi=(239)
+42 +91 1 1
fe=(331)
+3 -88 1
+2 * 1
+2 +1 1 0 1
+5 +3 1 1
+1 * 1 1
+2 * 1 1
+1 * 1 1

fn=(1352) std::basic_ostream<wchar_t, std::char_traits<wchar_t> >::sentry::sentry(std::basic_ostream<wchar_t, std::char_traits<wchar_t> >&)
0x1526c0 46 3 0 0 1 0 0 1
+4 * 3 0 3
+1 * 3
+3 * 3 0 3
+2 * 3
+3 * 3 0 3
+1 +5 3 3
+3 -3 3 0 3
+3 * 3 0 3
+4 +3 3 3
+4 * 3
fi=(239)
+3 300 3 3
fe=(331)
+7 51 3
+3 * 3
jfi=(239)
jcnd=2/3 +42 +91 
* * 
+2 * 1
fi=(239)
+3 +91 1 1 0 0 1
fe=(331)
+3 -91 1
+2 * 1
jcnd=1/1 +13 +1 
* * 
+13 +1 1
+3 * 1 1 1
cfn=(1351) std::basic_ostream<wchar_t, std::char_traits<wchar_t> >::flush()'2
calls=1 0x152510 221 
* * 132 54 24
+6 +2 1 1
+3 * 1 1
+4 * 1
fi=(239)
+3 +88 1 1
fe=(331)
+3 -88 1
+2 * 1
fi=(239)
-5 +88 2 2 0 1 0 0 1
fe=(331)
+3 -88 2
+2 * 2
+2 +1 3 0 3
+5 +3 3 3
+1 * 3 3
+2 * 3 3
+1 * 3 3

fn=(1353) std::basic_ostream<wchar_t, std::char_traits<wchar_t> >::sentry::sentry(std::basic_ostream<wchar_t, std::char_traits<wchar_t> >&)'2
0x1526c0 46 1
+4 * 1 0 1
+1 * 1
+3 * 1 0 1
+2 * 1
+3 * 1 0 1
+1 +5 1 1
+3 -3 1 0 1
+3 * 1 0 1
+4 +3 1 1
+4 * 1
fi=(239)
+3 300 1 1
fe=(331)
+7 51 1
+3 * 1
jfi=(239)
jcnd=1/1 +42 +91 
* * 
fi=(239)
+42 +91 1 1
fe=(331)
+3 -88 1
+2 * 1
+2 +1 1 0 1
+5 +3 1 1
+1 * 1 1
+2 * 1 1
+1 * 1 1

fn=(1350) std::basic_ostream<wchar_t, std::char_traits<wchar_t> >::flush()
0x152510 221 3 0 0 1 0 0 1
+4 * 3 0 3
+1 * 3
+3 * 3 0 3
+2 * 3 0 3
+1 * 3
+4 +8 3 3 0 0 3
+3 -8 3 3
+9 * 3 0 3
+4 * 3
fi=(239)
+3 326 3 3 0 0 1
fe=(331)
+4 -97 3 3 0 0 3
+9 * 3 0 0 1 0 0 1
+2 +2 3
+4 * 3
+3 * 3
+3 * 3 3 3
cfn=(1352)
calls=3 0x1526c0 46 
* * 207 82 43 2 1 0 2
+6 +1 3 3
+4 * 3
+2 +5 3 3
fi=(239)
+3 +89 3 3
+4 * 3 3
fi=(336) /usr/src/debug/gcc/gcc-build/x86_64-pc-linux-gnu/libstdc++-v3/include/streambuf
+8 -48 3 3 0 0 2
+3 * 3 3 3 0 1
cfi=(232) /usr/src/debug/gcc/gcc-build/x86_64-pc-linux-gnu/libstdc++-v3/include/ext/stdio_sync_filebuf.h
cfn=(1356) __gnu_cxx::stdio_sync_filebuf<wchar_t, std::char_traits<wchar_t> >::sync()
calls=3 0x1205b0 -87 
* * 207 75 36 0 2
fe=(331)
+3 -41 3
+3 * 3
fi=(235) /usr/src/debug/gcc/gcc-build/x86_64-pc-linux-gnu/libstdc++-v3/include/ostream
+2 522 3 3
+4 * 3 3
+3 * 3 3
+4 * 3
+3 * 3 3 0 1 0 0 1
+4 * 3
jcnd=1/3 +37 * 
* * 
fe=(331)
+2 252 3 3
+4 * 3 3
+9 * 3
+6 * 3
+4 * 3
+3 * 3 3
+1 * 3 3
+2 * 3 3
+1 * 3 3
fi=(235)
+5 522 1 1 1
cfi=(333) /usr/src/debug/gcc/gcc/libstdc++-v3/libsupc++/eh_catch.cc
cfn=(1340) std::uncaught_exception()
calls=1 0xad270 138 
* * 29 14 4
+6 * 1
+2 * 1
fi=(239)
+2 326 1 1
fi=(235)
+8 525 1
+3 * 1
fi=(336)
+2 278 1 1 0 1 0 0 1
+3 * 1 1 1
cfi=(232)
cfn=(1356)
calls=1 0x1205b0 -87 
* * 69 25 12
fi=(235)
+3 525 1
+3 * 1
jfi=(331)
jcnd=1/1 -67 252 
* * 
fe=(331)

fn=(1351)
0x152510 221 1
+4 * 1 0 1
+1 * 1
+3 * 1 0 1
+2 * 1 0 1
+1 * 1
+4 +8 1 1
+3 -8 1 1
+9 * 1 0 1
+4 * 1
fi=(239)
+3 326 1 1
fe=(331)
+4 -97 1 1
+9 * 1
+2 +2 1
+4 * 1
+3 * 1
+3 * 1 1 1
cfn=(1353)
calls=1 0x1526c0 46 
* * 22 8 6
+6 +1 1 1
+4 * 1
+2 +5 1 1
fi=(239)
+3 +89 1 1
+4 * 1 1
fi=(336)
+8 -48 1 1
+3 * 1 1 1
cfi=(232)
cfn=(1356)
calls=1 0x1205b0 -87 
* * 69 25 12
fe=(331)
+3 -41 1
+3 * 1
fi=(235)
+2 522 1 1
+4 * 1 1
+3 * 1 1
+4 * 1
+3 * 1 1
+4 * 1
fe=(331)
+2 252 1 1
+4 * 1 1
+9 * 1
+6 * 1
+4 * 1
+3 * 1 1
+1 * 1 1
+2 * 1 1
+1 * 1 1

fn=(1324) std::ostream::flush()
0x14f380 221 3 0 0 1 0 0 1
+4 * 3 0 3
+1 * 3
+3 * 3 0 3
+2 * 3 0 3
+1 * 3
+4 +8 3 3 0 0 3
+3 -8 3 3
+9 * 3 0 3
+4 * 3
fi=(239)
+3 326 3 3 0 0 1
fe=(331)
+4 -97 3 3 0 0 3
+9 * 3
+2 +2 3
+4 * 3
+3 * 3
+3 * 3 3 3 1 1 0 1
cfn=(1326)
calls=3 0x14f530 46 
* * 207 82 43 3 1 2 3
+6 +1 3 3
+4 * 3
+2 +5 3 3
fi=(239)
+3 +89 3 3
+4 * 3 3
fi=(336)
+8 -48 3 3 0 0 2
+3 * 3 3 3 0 1
cfi=(232)
cfn=(1330) __gnu_cxx::stdio_sync_filebuf<char, std::char_traits<char> >::sync()
calls=3 0x1205a0 -87 
* * 207 75 36 10 6 0 10
fe=(331)
+3 -41 3
+3 * 3
fi=(235)
+2 522 3 3
+4 * 3 3
+3 * 3 3
+4 * 3
+3 * 3 3
+4 * 3
jcnd=1/3 +37 * 
* * 
fe=(331)
+2 252 3 3
+4 * 3 3 0 1 0 0 1
+9 * 3
+6 * 3
+4 * 3
+3 * 3 3
+1 * 3 3
+2 * 3 3
+1 * 3 3
fi=(235)
+5 522 1 1 1 0 1
cfi=(333)
cfn=(1340)
calls=1 0xad270 138 
* * 29 14 4 4 7 0 4
+6 * 1
+2 * 1
fi=(239)
+2 326 1 1
fi=(235)
+8 525 1
+3 * 1
fi=(336)
+2 278 1 1
+3 * 1 1 1
cfi=(232)
cfn=(1330)
calls=1 0x1205a0 -87 
* * 69 25 12
fi=(235)
+3 525 1
+3 * 1
jfi=(331)
jcnd=1/1 -67 252 
* * 
fe=(331)

fn=(1325)
0x14f380 221 1
+4 * 1 0 1
+1 * 1
+3 * 1 0 1
+2 * 1 0 1
+1 * 1
+4 +8 1 1
+3 -8 1 1
+9 * 1 0 1 0 0 1
+4 * 1
fi=(239)
+3 326 1 1
fe=(331)
+4 -97 1 1
+9 * 1
+2 +2 1
+4 * 1
+3 * 1
+3 * 1 1 1
cfn=(1327)
calls=1 0x14f530 46 
* * 22 8 6
+6 +1 1 1
+4 * 1
+2 +5 1 1
fi=(239)
+3 +89 1 1
+4 * 1 1
fi=(336)
+8 -48 1 1
+3 * 1 1 1
cfi=(232)
cfn=(1330)
calls=1 0x1205a0 -87 
* * 69 25 12 0 0 1
fe=(331)
+3 -41 1
+3 * 1
fi=(235)
+2 522 1 1
+4 * 1 1
+3 * 1 1
+4 * 1
+3 * 1 1
+4 * 1
fe=(331)
+2 252 1 1
+4 * 1 1
+9 * 1
+6 * 1
+4 * 1
+3 * 1 1
+1 * 1 1
+2 * 1 1
+1 * 1 1

fl=(333)
fn=(1340)
0xad270 138 2 0 0 1 0 0 1
+4 * 2 0 2
+1 * 2
+3 +2 2 2 2 0 1
cfi=(334)
cfn=(1342)
calls=2 0xad3c0 -78 
* * 40 20 4 2 5 0 2
+6 +5 2 2
+1 -4 2 2 0 1 1 0 1
+3 * 2
+2 * 2
+3 +4 2 2

fl=(211)
fn=(728)
0xd14e0 92 1 0 0 1 0 0 1
+4 * 1 0 1
+1 * 1
+3 * 1 0 1
+2 * 1 0 1
+2 * 1 0 1
+2 * 1
+3 * 1 0 1
+1 +1 1 1
+5 -1 1
+3 +1 1
+6 +3 1 0 0 1 0 0 1
+3 * 1
jcnd=1/1 0xd15b0 +3 
* * 
0xd1574 +68 1 1 0 1 0 0 1
+4 * 1
+7 +1 1 0 1
+8 -1 1 0 1
+4 +3 1
+7 * 1 0 1
+4 +1 1 0 1
+8 +1 1 1
+1 * 1 1
+2 * 1 1
+2 * 1 1
+2 * 1 1
+1 * 1 1
+10 -70 1 1 0 1 0 0 1
+4 * 1
+7 * 1 0 1
+4 +1 1 0 1 1 0 0 1
+8 +1 1 0 1
+4 +2 1 0 1
+4 +1 1 1
+4 * 1 0 1
+4 +3 1 1 0 0 1
+7 * 1 1 0 0 1
+3 -1 1
+2 * 1
+11 * 1
+11 * 1
+7 +1 1 1 0 1 1 0 1 1
+4 * 1 1
+4 * 1 0 1
+4 -1 1
+4 * 1
+4 * 1
jcnd=1/1 -20 +1 
* * 
-20 +1 35 35
+4 * 35 35
+4 * 35 0 35
+4 -1 35
+4 * 35
+4 * 35
jcnd=34/35 -20 +1 
* * 
+2 +4 1 1 0 0 1
+7 * 1 1
+3 -1 1
+2 * 1
+11 * 1
+11 * 1
+8 +1 1 1 0 1 1 0 1 1
+4 * 1 1
+4 * 1 0 1
+4 -1 1
+4 * 1
+4 * 1
jcnd=1/1 -20 +1 
* * 
-20 +1 25 25 0 0 1 0 0 1
+4 * 25 25
+4 * 25 0 25
+4 -1 25
+4 * 25
+4 * 25
jcnd=24/25 -20 +1 
* * 
+2 * 1
jump=1 0xd1574 +55 
* * 

fn=(770)
0xd1800 183 1 0 0 1 0 0 1
+4 * 1 0 1
+1 * 1
+3 * 1 0 1
+2 * 1 0 1
+2 * 1 0 1
+2 * 1
+3 * 1 0 1
+1 +1 1 1
+5 -1 1
+3 +1 1
+6 +3 1
+3 * 1
jcnd=1/1 0xd18b0 +3 
* * 
+86 +69 1 0 0 1 0 0 1
+7 +1 1 0 1
+8 -1 1 0 1
+4 +3 1
+7 * 1 0 1
+4 +1 1 0 1
+8 +1 1 1
+1 * 1 1
+2 * 1 1
+2 * 1 1
+2 * 1 1
+1 * 1 1
+9 -71 1 1 0 1 0 0 1
+4 * 1
+7 * 1 0 1
+4 +4 1 1 0 1 1 0 1 1
+7 -3 1 0 1
+8 +3 1 0 1
+4 +6 1 1
+7 -8 1 0 1
+4 +8 1 1
+3 -2 1
+2 * 1
+11 * 1
+11 * 1
+8 +2 1 1 0 1 0 0 1
+4 * 1 0 1
+4 -2 1
+4 * 1
+4 * 1
jcnd=1/1 -16 +2 
* * 
-16 +2 35 35
+4 * 35 0 35 0 0 2 0 0 2
+4 -2 35
+4 * 35
+4 * 35
jcnd=34/35 -16 +2 
* * 
+2 +6 1 1
+7 * 1 1
+3 -2 1
+2 * 1
+2 +2 1 1
+4 * 1 0 1
+7 -2 1
+4 * 1
+4 * 1
jcnd=1/1 -19 +2 
* * 
-19 +2 25 25
+4 * 25 0 25 0 0 1 0 0 1
+7 -2 25
+4 * 25
+4 * 25
jcnd=24/25 -19 +2 
* * 
+2 * 1
jump=1 0xd1879 +54 
* * 

fl=(198)
fn=(680)
0xc2930 78 1 0 0 1 0 0 1
+4 * 1 0 1
+1 * 1
+3 * 1 0 1
+2 * 1 0 1
+2 * 1 0 1
+2 * 1 0 1
+2 * 1 0 1 1 0 0 1
+1 * 1
fi=(199)
+4 +20 1 1 0 0 1
+7 -14 1
+7 +14 1 1
+3 * 1
+2 -14 1 1 0 0 1 0 0 1
+2 +1 1
+3 * 1 0 1
fe=(198)
+2 -5 1
+2 * 1
jcnd=1/1 +36 +3 
* * 
+36 +3 1 1 0 1 1 0 1
fi=(336)
+7 473 1
+7 -2 1 0 1 0 0 1
+11 * 1 0 1
+11 * 1 0 1
+11 * 1
+4 * 1
+4 * 1 0 0 1 0 0 1
+5 * 1
fe=(198)
+5 83 1
fi=(336)
+7 472 1 0 1 0 0 1
+11 * 1 0 1
+11 * 1
fe=(198)
+4 83 1 0 1 0 0 1
+3 +2 1 1 0 0 1
+7 * 1 0 1
fi=(336)
+4 472 1 0 1
fe=(198)
+11 85 1 1 0 1 0 0 1
fi=(336)
+3 473 1 1 0 0 1
+7 * 1
+4 * 1 0 1
+7 * 1 1 1 0 1
cfi=(200)
cfn=(684)
calls=1 0xde500 269 
* * 37685 10937 4835 264 137 102 264 20 94
fi=(232)
+6 81 1 1 0 0 1
+7 * 1 0 1
fi=(336)
+7 473 1
fi=(232)
+7 81 1 0 1
+10 * 1
fe=(198)
+4 +5 1 1 0 1 0 0 1
fi=(336)
+7 473 1 0 1 0 0 1
fi=(232)
+7 81 1 0 1
fi=(336)
+7 471 1 0 1
fe=(198)
+11 86 1 1
fi=(336)
+3 471 1 0 1
+11 * 1 0 1
+11 +1 1 0 1 1 0 0 1
+11 * 1 0 1
+11 * 1 0 1
+11 +1 1 1 1
cfi=(200)
cfn=(684)
calls=1 0xde500 269 
* * 30 11 7
fe=(198)
+6 87 1 1
fi=(232)
+7 -6 1 0 1
fi=(336)
+7 473 1
fi=(232)
+7 81 1 0 1
fe=(198)
+7 +6 1 1 0 0 1
fi=(232)
+3 -6 1 0 1 1 0 0 1
fi=(336)
+10 473 1 0 1 0 0 1
+7 -2 1 0 1
+11 * 1 0 1
+11 * 1 0 1
+11 +1 1 0 1 0 0 1
+11 * 1 0 1 1 0 0 1
+11 * 1 0 1
+11 +1 1 1 1
cfi=(200)
cfn=(684)
calls=1 0xde500 269 
* * 30 11 7
fi=(232)
+6 81 1 0 1
fi=(239)
+7 466 1 1 0 0 1
fi=(232)
+7 81 1 0 1
+7 * 1 0 1
fi=(239)
+10 466 1
+4 * 1
+3 * 1 1 1 1 1 0 1
cfi=(233)
cfn=(810)
calls=1 0xdcbe0 76 
* * 90 13 31 3 0 4 3 0 4
fi=(235)
+6 93 1 1
fi=(239)
+5 465 1
+2 +1 1
+4 -1 1 0 1
fi=(235)
+8 93 1
+3 * 1
fi=(239)
+7 465 1 0 1
+11 +1 1 0 1
+8 * 1 0 1 0 0 1 0 0 1
fi=(235)
+8 93 1 0 1
+4 * 1 1 1 1 0 0 1
cfi=(236) /usr/src/debug/gcc/gcc-build/x86_64-pc-linux-gnu/libstdc++-v3/include/bits/basic_ios.tcc
cfn=(816) std::basic_ios<char, std::char_traits<char> >::init(std::basic_streambuf<char, std::char_traits<char> >*)
calls=1 0x12ca60 +33 
* * 167 66 41 12 3 0 12 1
fi=(239)
+6 466 1 1 0 0 1
+7 * 1
+4 * 1
+3 * 1 1 1
cfi=(233)
cfn=(810)
calls=1 0xdcbe0 76 
* * 90 13 31 0 0 3 0 0 3
+6 * 1
+4 -1 1
fi=(240) /usr/src/debug/gcc/gcc-build/x86_64-pc-linux-gnu/libstdc++-v3/include/istream
+2 97 1
+3 -1 1 1
fi=(239)
+7 465 1 0 1
fi=(240)
+8 97 1
fi=(239)
+7 465 1 0 1 1 0 0 1
fi=(240)
+11 96 1
+4 * 1
+4 * 1 0 1
+8 * 1 0 1
+4 * 1 0 1
fi=(239)
+4 466 1 0 1
+8 * 1 0 1
fi=(240)
+8 97 1 1 1
cfi=(236)
cfn=(816)
calls=1 0x12ca60 +29 
* * 167 66 41
fi=(239)
+6 466 1 1 0 0 1
+7 * 1
+5 * 1
+3 * 1 1 1 1 0 0 1
cfi=(233)
cfn=(810)
calls=1 0xdcbe0 76 
* * 90 13 31 0 0 4 0 0 4
fi=(235)
+6 93 1 1
fi=(239)
+5 466 1
+4 -1 1
+2 * 1 0 1 0 0 1 0 0 1
fi=(235)
+12 93 1
+7 * 1
fi=(239)
+3 465 1 0 1
+9 +1 1 0 1
+9 * 1 0 1 1 0 0 1
fi=(235)
+9 93 1 0 1
+5 * 1 1 1
cfi=(236)
cfn=(816)
calls=1 0x12ca60 +33 
* * 167 66 41
fi=(239)
+6 466 1 1 0 0 1
+7 * 1
+4 * 1 0 1
+4 * 1 1 1
cfi=(233)
cfn=(810)
calls=1 0xdcbe0 76 
* * 90 13 31 0 0 4 0 0 4
fi=(235)
+6 93 1 1
fi=(239)
+5 466 1
+4 -1 1
+2 * 1 0 1
fi=(235)
+11 93 1 1
+4 * 1 0 0 1 0 0 1
fi=(239)
+7 465 1 0 1
+8 +1 1 0 1
+8 * 1 0 1
fi=(235)
+8 93 1 0 1
+4 * 1 1 1
cfi=(236)
cfn=(816)
calls=1 0x12ca60 +33 
* * 167 66 41
fi=(239)
+6 311 1 1 0 0 1
+7 +3 1 0 1
fi=(336)
+7 473 1
fi=(239)
+7 314 1 0 1 1 0 0 1
fi=(234)
+8 105 1 0 1
fi=(351) /usr/src/debug/gcc/gcc/libstdc++-v3/libsupc++/new
+9 +75 1
+4 * 1
+4 * 1
+5 * 1
fe=(198)
+5 -78 1 1
fi=(336)
+7 471 1 0 1 0 0 1
+11 * 1 0 1
+11 * 1
fe=(198)
+4 102 1 1
fi=(336)
+3 470 1 0 1 1 0 0 1
+4 +3 1 1 0 0 1
+7 -2 1 0 1
+11 +1 1 0 1
+11 +1 1
+4 * 1 0 1
+7 -1 1 0 1
+11 * 1 0 1 1 0 0 1
+11 +1 1 1 1
cfi=(200)
cfn=(684)
calls=1 0xde500 269 
* * 30 11 7
fi=(232)
+6 81 1 1
+7 * 1 0 1 0 0 1
fi=(336)
+7 473 1
fi=(232)
+7 81 1 0 1
+10 * 1
fe=(198)
+4 +22 1 1
fi=(336)
+7 473 1 0 1 0 0 1
fi=(232)
+7 81 1 0 1
fi=(336)
+7 471 1 0 1 1 0 0 1
fe=(198)
+11 103 1 1
fi=(336)
+3 471 1 0 1
+11 * 1 0 1
+11 +1 1 0 1 0 0 1
+11 * 1 0 1
+11 * 1 0 1 1 0 0 1
+11 +1 1 1 1
cfi=(200)
cfn=(684)
calls=1 0xde500 269 
* * 30 11 7
fe=(198)
+6 104 1 1
fi=(232)
+7 -23 1 0 1
fi=(336)
+7 473 1
fi=(232)
+7 81 1 0 1
fe=(198)
+7 +23 1 1
fi=(232)
+3 -23 1 0 1
fi=(336)
+10 473 1 0 1 0 0 1
+7 -2 1 0 1 1 0 0 1
+11 * 1 0 1
+11 * 1 0 1
+11 +1 1 0 1
+11 * 1 0 1
+11 * 1 0 1
+11 +1 1 1 1 1 0 0 1
cfi=(200)
cfn=(684)
calls=1 0xde500 269 
* * 30 11 7
fi=(232)
+6 81 1 0 1
fi=(239)
+7 466 1 1
fi=(232)
+7 81 1 0 1
+7 * 1 0 1
fi=(239)
+10 466 1
+4 * 1
+3 * 1 1 1
cfi=(233)
cfn=(810)
calls=1 0xdcbe0 76 
* * 90 13 31 0 0 4 0 0 4
fi=(235)
+6 93 1 1
fi=(239)
+5 466 1
+4 -1 1 0 1 1 0 0 1
+11 * 1 0 1
fi=(235)
+11 93 1
+7 * 1
fi=(239)
+3 465 1 0 1
+8 +1 1 0 1
+8 * 1 0 1 0 0 1 0 0 1
fi=(235)
+8 93 1 0 1
+4 * 1 1 1
cfi=(236)
cfn=(830) std::basic_ios<wchar_t, std::char_traits<wchar_t> >::init(std::basic_streambuf<wchar_t, std::char_traits<wchar_t> >*)
calls=1 0x12d440 +33 
* * 167 66 42 4 1 0 4
fi=(239)
+6 466 1 1 0 1 0 0 1
+7 * 1
+4 * 1
+3 * 1 1 1
cfi=(233)
cfn=(810)
calls=1 0xdcbe0 76 
* * 90 13 31 0 0 4 0 0 4
fi=(240)
+6 96 1 1
+7 +1 1
fi=(239)
+3 466 1
+4 -1 1 0 1
fi=(240)
+8 97 1
+7 -1 1
+4 * 1
fi=(239)
+4 465 1 0 1
+11 * 1 0 1 1 0 0 1
fi=(240)
+11 96 1 0 1
+4 * 1 0 1
+4 * 1 0 1
fi=(239)
+8 466 1 0 1
+8 * 1 0 1
fi=(240)
+8 97 1 1 1
cfi=(236)
cfn=(830)
calls=1 0x12d440 +29 
* * 167 66 42
fi=(239)
+6 466 1 1 0 0 1
+7 * 1
+5 * 1
+3 * 1 1 1 1 0 0 1
cfi=(233)
cfn=(810)
calls=1 0xdcbe0 76 
* * 90 13 31 0 0 4
fi=(235)
+6 93 1 1
fi=(239)
+5 466 1
fi=(235)
+4 93 1
fi=(239)
+3 465 1 0 1 0 0 1
fi=(235)
+9 93 1
fi=(239)
+7 465 1 0 1
+12 * 1 0 1
+12 +1 1 0 1 1 0 0 1
+9 * 1 0 1
fi=(235)
+9 93 1 0 1
+5 * 1 1 1
cfi=(236)
cfn=(830)
calls=1 0x12d440 +33 
* * 167 66 42
fi=(239)
+6 466 1 1
+7 * 1
+4 * 1 0 1
+4 * 1 1 1
cfi=(233)
cfn=(810)
calls=1 0xdcbe0 76 
* * 90 13 31 0 0 4
fi=(235)
+6 93 1 1
fi=(239)
+5 466 1
+4 -1 1 0 1
+11 * 1 0 1 1 0 0 1
fi=(235)
+11 93 1 1
+4 * 1
fi=(239)
+7 465 1 0 1
+8 +1 1 0 1
+8 * 1 0 1
fi=(235)
+8 93 1 0 1
+4 * 1 1 1
cfi=(236)
cfn=(830)
calls=1 0x12d440 +33 
* * 167 66 42
fi=(199)
+6 +15 1 1
fi=(239)
+7 314 1 0 1 1 0 0 1
fi=(234)
+7 105 1 0 1
fi=(199)
+9 +3 1 1
fi=(239)
+3 314 1 0 1
fi=(199)
+8 108 1
+2 -16 1 0 1
fe=(198)
+3 +29 1
+4 * 1 1
+1 * 1 1
+2 * 1 1
+2 * 1 1
+2 * 1 1
+2 * 1 1
+1 * 1 1

fn=(1320)
0xc30b0 123 1 0 0 1 0 0 1
fi=(199)
+4 -71 1 1 0 0 1
+7 +32 1 0 0 1 0 0 1
+7 +14 1 1
+3 * 1
+2 -14 1 1 0 0 1
+2 +1 1
+3 * 1 0 1
fe=(198)
+2 +42 1
+3 * 1
jcnd=1/1 +21 -4 
* * 
+21 -4 1 0 1
+1 +11 1 1 0 0 1
+7 -11 1
+3 +11 1 1 1 0 1
cfi=(331)
cfn=(1324)
calls=1 0x14f380 +87 
* * 132 54 24 16 11 0 16
+6 +1 1 1 0 0 1
+7 * 1 1 1 1 0 0 1
cfi=(331)
cfn=(1324)
calls=1 0x14f380 +86 
* * 381 155 67 4 13 2 4
+6 +1 1 1 0 0 1
+7 * 1 1 1
cfi=(331)
cfn=(1324)
calls=1 0x14f380 +85 
* * 132 54 24 0 2
+6 +3 1 1 0 0 1
+7 * 1 1 1 0 1
cfi=(331)
cfn=(1350)
calls=1 0x152510 +82 
* * 132 54 24 5 6 0 5
+6 +1 1 1 0 0 1
+7 * 1 1 1
cfi=(331)
cfn=(1350)
calls=1 0x152510 +81 
* * 381 155 67 1 5 0 1
+6 +1 1 1 0 0 1
+7 * 1 1 1
cfi=(331)
cfn=(1350)
calls=1 0x152510 +80 
* * 132 54 24 0 2
+6 +6 1 1
+1 * 1 1

fl=(236)
fn=(832) std::basic_ios<wchar_t, std::char_traits<wchar_t> >::_M_cache_locale(std::locale const&)
0x12d2c0 157 4 0 0 1 0 0 1
+4 * 4 0 4
+1 * 4
+3 * 4 0 4
+2 * 4
+3 * 4 0 4
+1 * 4
fi=(238) /usr/src/debug/gcc/gcc-build/x86_64-pc-linux-gnu/libstdc++-v3/include/bits/locale_classes.tcc
+3 -61 4 4
+7 * 4 4 4
cfi=(201)
cfn=(718)
calls=4 0xc48e0 507 
* * 24 8
+6 * 4 4
+7 * 4
+3 +1 4 4
+4 +23 4 4
fe=(236)
+4 +39 4 4
+4 * 4 0 4
fi=(238)
+7 -63 4 4 4 1 0 0 1
cfi=(201)
cfn=(718)
calls=4 0xc48e0 507 
* * 24 8
+6 * 4 4
+7 * 4
+3 +1 4 4
+4 +25 4 4
fe=(236)
+4 +38 4 4
+4 * 4 0 4
fi=(238)
+7 -64 4 4 4
cfi=(201)
cfn=(718)
calls=4 0xc48e0 507 
* * 24 8
+6 * 4
+3 +1 4 4
+4 +24 4 4
fe=(236)
+4 +40 4 4
+4 * 4 0 4
+7 +1 4 4
+1 * 4 4
+2 * 4 4
+1 * 4 4

fn=(830)
0x12d440 126 4 0 0 1 0 0 1
+4 * 4 0 4
+1 * 4
+3 * 4 0 4
+2 * 4
+3 * 4 0 4
+1 * 4
+3 +3 4 4 4
cfi=(237)
cfn=(818)
calls=4 0xc33f0 -90 
* * 372 140 88
+6 +3 4
+7 * 4
+3 * 4 4 4 0 1
cfn=(832)
calls=4 0x12d2c0 +25 
* * 200 100 36 2 0 0 2
+6 +20 4
+2 * 4
+3 -6 4 0 4
+10 +6 4
+3 -5 4 0 4
+7 +2 4 0 4 1 0 0 1
+11 +1 4 0 4
+7 +1 4 0 4
+7 +1 4 0 4
+3 +1 4 4
+1 * 4 4
+2 * 4 4
+1 * 4 4

fn=(816)
0x12ca60 126 4 0 0 1 0 0 1
+4 * 4 0 4
+1 * 4
+3 * 4 0 4
+2 * 4
+3 * 4 0 4
+1 * 4
+3 +3 4 4 4 0 1
cfi=(237)
cfn=(818)
calls=4 0xc33f0 -90 
* * 372 140 88 7 2 0 7 1
+6 +3 4
+7 * 4 0 0 1 0 0 1
+3 * 4 4 4
cfn=(824) std::basic_ios<char, std::char_traits<char> >::_M_cache_locale(std::locale const&)
calls=4 0x12c8e0 +25 
* * 200 100 36 3 0 0 3
+6 +14 4
+2 +3 4 0 4
+11 -3 4 0 4
+7 +6 4
+2 * 4
+3 * 4
+3 -2 4 0 4
+7 +1 4 0 4
+7 +1 4 0 4
+3 +1 4 4
+1 * 4 4
+2 * 4 4
+1 * 4 4

fn=(824)
0x12c8e0 157 4 0 0 1 0 0 1
+4 * 4 0 4
+1 * 4
+3 * 4 0 4
+2 * 4
+3 * 4 0 4
+1 * 4
fi=(238)
+3 -61 4 4
+7 * 4 4 4
cfi=(201)
cfn=(718)
calls=4 0xc48e0 507 
* * 24 8
+6 * 4 4 0 1 0 0 1
+7 * 4
+3 +1 4 4
+4 +8 4 4
fe=(236)
+4 +54 4 4
+4 * 4 0 4
fi=(238)
+7 -63 4 4 4
cfi=(201)
cfn=(718)
calls=4 0xc48e0 507 
* * 24 8
+6 * 4 4
+7 * 4
+3 +1 4 4
+4 +10 4 4
fe=(236)
+4 +53 4 4
+4 * 4 0 4
fi=(238)
+7 -64 4 4 4 1 0 0 1
cfi=(201)
cfn=(718)
calls=4 0xc48e0 507 
* * 24 8
+6 * 4
+3 +1 4 4
+4 +9 4 4
fe=(236)
+4 +55 4 4
+4 * 4 0 4
+7 +1 4 4
+1 * 4 4
+2 * 4 4
+1 * 4 4

fl=(243) ???
fn=(1292) 0x00000000000aabe0
0xaabe0 0 1
+4 0 1 1 0 0 1
+7 0 1
+2 0 1 0 1
+1 0 1 1 0 0 1
+8 0 1
+3 0 1
+2 0 1 1 0 0 1
+7 0 1 1 1
cob=(2)
cfi=(327)
cfn=(1276)
calls=1 0x3fca0 45 
* 0 1767 674 308 38 51 3 38 1
+6 0 1 0 1
cfn=(1366) 0x00000000000aab70
calls=1 0xaab70 0 
* 0 5 1
+5 0 1 0 1
+7 0 1 1
+1 0 1 1

fn=(1366)
0xaab70 0 1
+7 0 1
+7 0 1
+3 0 1
jcnd=1/1 +23 0 
* 0 
+23 0 1 1

fn=(846) 0x00000000000aac30
0xaaba0 0 1 0 0 1 0 0 1
+7 0 1
+7 0 1
+3 0 1
+3 0 1
+4 0 1
+4 0 1
+3 0 1 0 0 1 0 0 1
+3 0 1
jcnd=1/1 +22 0 
* 0 
+22 0 1 1
+88 0 1 0 0 1 0 0 1
+4 0 1
jump=1 0xaaba0 0 
* 0 

fl=(215)
fn=(738)
0xd1b10 66 1 0 0 1 0 0 1
+4 * 1 0 1
+1 * 1
+3 * 1 0 1
+2 * 1 0 1
+1 * 1
+3 * 1
+4 +1 1 1
+5 -1 1 0 1
+4 +1 1
+6 +3 1 1
+5 * 1
jcnd=1/1 0xd2020 +3 
* * 
0xd2020 +3 1 1 1 1 0 0 1
cfi=(201)
cfn=(696)
calls=1 0xc4360 221 
* * 21 7 3
+6 * 1
+7 +2 1
+7 -2 1 0 1
+4 * 1
+5 +2 1 1 0 1 0 0 1
+4 * 1
+7 * 1
+4 * 1
+5 * 1
+7 * 1 0 1
+4 * 1
+5 * 1
+5 * 1
+7 * 1
+4 * 1
+7 * 1
+7 * 1 0 1 1 0 0 1
+4 * 1
+5 * 1
+5 * 1
+7 * 1
+4 * 1
+5 * 1
+7 * 1 0 1
+4 * 1
+5 * 1
+7 * 1 1 0 0 1
+8 * 1 0 0 1 0 0 1
+5 * 1
+7 +54 1
+7 -54 1
+4 * 1
+5 * 1
+7 * 1 0 1
+4 * 1
+5 * 1
+7 * 1 1
+8 * 1
+4 * 1
+5 * 1 0 0 1 0 0 1
+7 * 1 0 1
+4 * 1 1
+8 * 1
+4 * 1
+5 * 1
+7 * 1 0 1
+4 * 1 1
+8 * 1
+4 * 1
+5 * 1 0 1
+4 * 1 1 0 1 1 0 1
+8 * 1
+4 * 1
+5 * 1
+7 * 1 0 1
+7 * 1 1
+8 * 1
+4 * 1
+5 * 1
+7 * 1 0 1
+7 * 1 1 0 1 0 0 1
+8 * 1
+4 * 1
+5 * 1
+7 * 1 0 1
+7 * 1 1
+8 * 1
+4 * 1
+5 * 1
+7 * 1 0 1
+7 * 1 1
+8 * 1 0 0 1 0 0 1
+4 * 1
+5 * 1
+7 * 1 0 1
+7 * 1 1
+8 * 1
+4 * 1 0 1
+7 * 1 1
+8 * 1
+4 * 1 0 1
+7 * 1 1 0 1 0 0 1
+8 * 1
+4 * 1 0 1
+7 * 1 1 0 0 1
+8 * 1
+4 * 1 0 1
+7 * 1 1
+8 * 1
+4 * 1 0 1
+7 * 1 1
+8 +54 1 0 1 1 0 0 1
+7 -54 1
+4 * 1 0 1
+7 * 1 1
+8 * 1
+4 * 1 0 1
+7 * 1 1
+8 * 1
+4 * 1
+5 * 1
+7 * 1 0 1 1 0 0 1
+7 * 1
+5 * 1 1
+8 * 1
+7 * 1
+5 * 1
+4 * 1 0 1
+7 * 1 1
+8 * 1
+4 * 1 0 1
+7 * 1 1 0 1 0 0 1
+8 * 1
+4 * 1 0 1
+7 192 1
+4 * 1 1
+1 * 1 1
+2 * 1 1
+1 * 1 1

fn=(778)
0xd23f0 222 1 0 0 1 0 0 1
+4 * 1 0 1
+1 * 1
+3 * 1 0 1
+1 * 1
+3 * 1
+4 +1 1 1 0 1 0 0 1
+5 -1 1 0 1
+4 +1 1
+6 +3 1 1
+5 * 1
jcnd=1/1 0xd28d0 +3 
* * 
0xd28d0 +3 1 1 1 1 0 0 1
cfi=(201)
cfn=(696)
calls=1 0xc4360 -8 
* * 21 7 3
+6 * 1
+7 +2 1
+7 -2 1 0 1
+4 +2 1
+5 * 1 1
+4 +53 1
+7 -53 1
+4 * 1 0 0 1 0 0 1
+5 * 1
+7 * 1 0 1
+4 * 1
+5 * 1
+7 * 1
+5 * 1
+4 * 1
+7 * 1 0 1
+4 * 1
+5 * 1
+5 * 1
+7 * 1 0 0 1 0 0 1
+4 * 1
+5 * 1
+7 * 1 0 1
+4 * 1
+5 * 1
+7 * 1 1 0 0 1
+8 * 1
+5 * 1
+7 * 1
+7 * 1
+4 * 1 0 0 1 0 0 1
+5 * 1
+7 * 1 0 1
+4 * 1
+5 +54 1
+7 -54 1 1
+8 * 1
+4 * 1
+5 * 1
+7 * 1 0 1
+4 * 1 1
+8 * 1
+4 * 1 0 0 1 0 0 1
+5 * 1
+7 * 1 0 1
+4 * 1 1
+8 * 1
+4 * 1
+5 * 1
+7 * 1 0 1
+4 * 1 1
+8 * 1
+4 * 1
+5 * 1 0 0 1 0 0 1
+7 * 1 0 1
+7 * 1 1
+8 * 1
+4 * 1
+5 * 1
+7 * 1 0 1
+7 * 1 1
+8 * 1
+4 * 1
+5 * 1 0 0 1 0 0 1
+7 * 1 0 1
+7 * 1 1
+8 * 1
+4 * 1
+5 * 1
+7 * 1 0 1
+7 * 1 1 0 0 1
+8 * 1
+4 * 1
+5 * 1
+7 * 1 0 1 1 0 0 1
+7 * 1 1
+8 * 1
+4 * 1
+5 * 1
+7 * 1 0 1
+7 * 1 1
+8 * 1
+4 * 1 0 1
+7 * 1 1 0 1 0 0 1
+8 * 1
+4 * 1
+5 * 1
+7 * 1 0 1
+7 * 1 1
+8 * 1
+4 * 1
+5 * 1 0 1
+7 * 1 1
+8 * 1
+4 * 1 0 1 1 0 0 1
+7 396 1 1
+4 231 1 1
+8 +54 1 0 1
+7 -54 1
+4 * 1 0 1
+7 * 1 1
+8 * 1
+4 * 1 0 1
+7 * 1 1 0 0 1
+8 * 1
+4 * 1 0 1 1 0 0 1
+7 * 1 1
+8 * 1
+4 * 1 0 1
+7 * 1 1
+8 * 1
+4 * 1 0 1
+7 * 1 1
+8 * 1
+4 * 1 0 1
+7 396 1 1 0 1 0 0 1
+1 * 1 1

fl=(230) /usr/src/debug/gcc/gcc-build/x86_64-pc-linux-gnu/libstdc++-v3/src/c++98/numeric_members_cow.cc
fn=(798) std::numpunct<wchar_t>::_M_initialize_numpunct(__locale_struct*)
0xce980 183 1 0 0 1 0 0 1
+4 * 1 0 1
+1 * 1
+3 * 1 0 1
+2 * 1 0 1
+2 * 1 0 1
+2 * 1
+3 * 1 0 1
+1 +1 1 1
+5 -1 1
+3 +1 1
+6 +3 1
+3 * 1
jcnd=1/1 0xcea30 +3 
* * 
+86 +69 1 0 0 1 0 0 1
+7 +1 1 0 1
+8 -1 1 0 1
+4 +3 1
+7 * 1 0 1
+4 +1 1 0 1
+8 +1 1 1
+1 * 1 1
+2 * 1 1
+2 * 1 1
+2 * 1 1
+1 * 1 1
+9 -71 1 1 0 1 0 0 1
+4 * 1
+7 * 1 0 1
+4 +4 1 1 0 1 0 0 1
+7 -3 1 0 1
+8 +3 1 0 1
+4 +6 1 1
+7 -8 1 0 1
+4 +8 1 1
+3 -2 1
+2 * 1
+11 * 1
+11 * 1
+8 +2 1 1 0 1 0 0 1
+4 * 1 0 1
+4 -2 1
+4 * 1
+4 * 1
jcnd=1/1 -16 +2 
* * 
-16 +2 35 35
+4 * 35 0 35
+4 -2 35
+4 * 35
+4 * 35
jcnd=34/35 -16 +2 
* * 
+2 +6 1 1
+7 * 1 1
+3 -2 1
+2 * 1
+2 +2 1 1
+4 * 1 0 1
+7 -2 1
+4 * 1
+4 * 1
jcnd=1/1 -19 +2 
* * 
-19 +2 25 25
+4 * 25 0 25
+7 -2 25
+4 * 25
+4 * 25
jcnd=24/25 -19 +2 
* * 
+2 * 1
jump=1 0xce9f9 +54 
* * 

fn=(786) std::numpunct<char>::_M_initialize_numpunct(__locale_struct*)
0xce620 92 1 0 0 1 0 0 1
+4 * 1 0 1
+1 * 1
+3 * 1 0 1
+2 * 1 0 1
+2 * 1 0 1
+2 * 1
+3 * 1 0 1
+1 +1 1 1
+5 -1 1
+3 +1 1
+6 +3 1 0 0 1 0 0 1
+3 * 1
jcnd=1/1 0xce6f0 +3 
* * 
0xce6b4 +68 1 1 0 1 0 0 1
+4 * 1
+7 +1 1 0 1
+8 -1 1 0 1
+4 +3 1
+7 * 1 0 1
+4 +1 1 0 1
+8 +1 1 1
+1 * 1 1
+2 * 1 1
+2 * 1 1
+2 * 1 1
+1 * 1 1
+10 -70 1 1 0 1 0 0 1
+4 * 1
+7 * 1 0 1
+4 +1 1 0 1 1 0 0 1
+8 +1 1 0 1
+4 +2 1 0 1
+4 +1 1 1
+4 * 1 0 1
+4 +3 1 1
+7 * 1 1
+3 -1 1
+2 * 1
+11 * 1
+11 * 1
+7 +1 1 1 0 1 0 0 1
+4 * 1 1
+4 * 1 0 1
+4 -1 1
+4 * 1
+4 * 1
jcnd=1/1 -20 +1 
* * 
-20 +1 35 35
+4 * 35 35
+4 * 35 0 35
+4 -1 35
+4 * 35
+4 * 35
jcnd=34/35 -20 +1 
* * 
+2 +4 1 1
+7 * 1 1
+3 -1 1
+2 * 1
+11 * 1
+11 * 1
+8 +1 1 1 0 1 0 0 1
+4 * 1 1
+4 * 1 0 1
+4 -1 1
+4 * 1
+4 * 1
jcnd=1/1 -20 +1 
* * 
-20 +1 25 25
+4 * 25 25
+4 * 25 0 25
+4 -1 25
+4 * 25
+4 * 25
jcnd=24/25 -20 +1 
* * 
+2 * 1
jump=1 0xce6b4 +55 
* * 

fl=(232)
fn=(1330)
0x1205a0 191 5 0 0 1 0 0 1
+4 +1 5 5 0 0 2
+4 * 5 5 0 0 1
cob=(2)
cfi=(332)
cfn=(1332)
calls=5 0x7fee0 32 
* * 330 115 60 9 3 1 9

fn=(1356)
0x1205b0 191 5
+4 +1 5 5 0 0 2
+4 * 5 5
cob=(2)
cfi=(332)
cfn=(1332)
calls=5 0x7fee0 32 
* * 330 115 60

fl=(260) /usr/src/debug/gcc/gcc/libstdc++-v3/src/c++98/bitmap_allocator.cc
fn=(900) _GLOBAL__sub_I_bitmap_allocator.cc
0xaa540 127 1 0 0 1 0 0 1
fi=(261) /usr/src/debug/gcc/gcc-build/x86_64-pc-linux-gnu/libstdc++-v3/include/ext/bitmap_allocator.h
+4 1113 1
+7 * 1 1 0 0 1
+3 * 1
+2 * 1 0 1
+3 106 1
+7 * 1
+2 * 1
+4 * 1 0 1 0 0 1
+4 * 1 0 1
+3 1126 1
+7 * 1 1
+3 * 1
jcnd=1/1 0xaa5e1 * 
* * 
+2 +5 1
+7 * 1 1
+3 * 1
fi=(262) /usr/src/debug/gcc/gcc-build/x86_64-pc-linux-gnu/libstdc++-v3/include/ext/concurrence.h
+2 129 1 0 0 1 0 0 1
fi=(261)
+7 1131 1 0 1
fi=(262)
+3 129 1
+5 * 1
+2 * 1 0 1 0 0 1
jump=1 * * 
* * 
* * 10 0 9
jcnd=9/10 * * 
* * 
fi=(261)
+2 1113 1
+7 * 1 1
+3 * 1
+2 * 1 0 1
+3 106 1
+7 * 1
+2 * 1
+4 * 1 0 1 0 0 1
+4 * 1 0 1
+3 1126 1
+7 * 1 1
+3 * 1
jcnd=1/1 +73 * 
* * 
+2 +5 1
+7 * 1 1
+3 * 1
fi=(262)
+2 129 1
fi=(261)
+7 1131 1 0 1
fi=(262)
+3 129 1
+5 * 1
+2 * 1 0 1 0 0 1
jump=1 * * 
* * 
* * 10 0 9
jcnd=9/10 * * 
* * 
fe=(260)
+2 -2 1 1
fi=(261)
+1 1126 1 0 1 1 0 0 1
+3 412 1
+7 +8 1
+2 -8 1
+7 * 1 0 1
+3 +8 1 0 1
+4 +1 1 0 1
+8 +1 1
jump=1 0xaa573 1131 
* * 
+5 1126 1 0 1
+3 412 1
+7 * 1
+7 * 1 0 1
+3 +8 1
+2 * 1 0 1
+4 +1 1 0 1
+8 +1 1
jump=1 0xaa5c1 1131 
* * 
fe=(260)

fl=(265)
fn=(1306)
0xe1c00 125 1 0 0 1 0 0 1
+4 * 1 1

fn=(912) _GLOBAL__sub_I_system_error.cc
0xaa820 640 1
+4 * 1 0 1
+1 145 1
+7 * 1
+7 640 1
+3 * 1 0 1
+1 145 1
+7 * 1 0 0 1 0 0 1
+3 640 1
+4 145 1 1 1
cob=(2)
cfi=(242)
cfn=(840)
calls=1 0x3fc90 -78 
* * 81 16 18 0 0 1 0 0 1
+6 640 1
+4 145 1
+3 * 1
+7 640 1 1
+1 145 1
+7 640 1 1
+1 145 1 1
cob=(2)
cfi=(242)
cfn=(840)
calls=1 0x3fc90 -78 
* * 81 16 18

fn=(1308)
0xe1bf0 125 1 0 0 1 0 0 1
+4 * 1 1

fl=(216)
fn=(780)
0x117050 44 1 0 0 1 0 0 1
+4 * 1 0 1
fi=(208)
+1 428 1
+2 * 1
+3 * 1
fe=(216)
+3 44 1
+3 * 1 0 1
+2 * 1 0 1
+1 * 1
fi=(208)
+3 428 1 0 1 0 0 1 0 0 1
fe=(216)
+3 46 1 1 0 0 1
+7 * 1
+4 * 1 0 1
+3 -1 1 1 1
cfi=(201)
cfn=(696)
calls=1 0xc4360 221 
* * 21 7 3
+6 * 1 0 1 1 0 0 1
+4 +1 1 1 1
cfi=(201)
cfn=(692)
calls=1 0xc43b0 233 
* * 3 1
+6 * 1 0 1
+4 +1 1 1
+1 * 1 1
+2 * 1 1
+1 * 1 1

fn=(740)
0x1081e0 44 1 0 0 1 0 0 1
+4 * 1 0 1
fi=(208)
+1 428 1
+2 * 1
+3 * 1
fe=(216)
+3 44 1
+3 * 1 0 1
+2 * 1 0 1
+1 * 1
fi=(208)
+3 428 1 0 1
fe=(216)
+3 46 1 1 0 0 1
+7 * 1 0 0 1 0 0 1
+4 * 1 0 1
+3 -1 1 1 1
cfi=(201)
cfn=(696)
calls=1 0xc4360 221 
* * 21 7 3
+6 * 1 0 1
+4 +1 1 1 1
cfi=(201)
cfn=(692)
calls=1 0xc43b0 233 
* * 3 1
+6 * 1 0 1
+4 +1 1 1
+1 * 1 1
+2 * 1 1
+1 * 1 1

fn=(796) std::messages<char>::messages(unsigned long)
0x13ac40 44 1 0 0 1 0 0 1
+4 * 1 0 1
fi=(208)
+1 428 1
+2 * 1
+3 * 1
fe=(216)
+3 44 1
+3 * 1 0 1
+2 * 1 0 1
+1 * 1
fi=(208)
+3 428 1 0 1 0 0 1 0 0 1
fe=(216)
+3 46 1 1
+7 * 1
+4 * 1 0 1
+3 -1 1 1 1
cfi=(201)
cfn=(696)
calls=1 0xc4360 221 
* * 21 7 3
+6 * 1 0 1
+4 +1 1 1 1
cfi=(201)
cfn=(692)
calls=1 0xc43b0 233 
* * 3 1
+6 * 1 0 1
+4 +1 1 1
+1 * 1 1
+2 * 1 1
+1 * 1 1

fn=(804) std::messages<wchar_t>::messages(unsigned long)
0x169570 44 1 0 0 1 0 0 1
+4 * 1 0 1
fi=(208)
+1 428 1
+2 * 1
+3 * 1
fe=(216)
+3 44 1
+3 * 1 0 1 1 0 0 1
+2 * 1 0 1
+1 * 1
fi=(208)
+3 428 1 0 1
fe=(216)
+3 46 1 1 0 0 1
+7 * 1
+4 * 1 0 1
+3 -1 1 1 1
cfi=(201)
cfn=(696)
calls=1 0xc4360 221 
* * 21 7 3
+6 * 1 0 1
+4 +1 1 1 1
cfi=(201)
cfn=(692)
calls=1 0xc43b0 233 
* * 3 1
+6 * 1 0 1
+4 +1 1 1
+1 * 1 1
+2 * 1 1
+1 * 1 1

fl=(247)
fn=(1312)
0xdbfe0 74 1 0 0 1 0 0 1
+4 * 1 1

fn=(860)
0xdc0a0 89 1 0 0 1 0 0 1
+4 * 1
+7 * 1 1

fn=(908) _GLOBAL__sub_I_future.cc
0xaa7e0 126 1
+4 -49 1
+7 * 1
+7 * 1
+7 * 1 1
cob=(2)
cfi=(242)
cfn=(840)
calls=1 0x3fc90 -10 
* * 81 16 18 0 0 1 0 0 1

fl=(229)
fn=(784)
0xe2540 100 1 0 0 1 0 0 1
+4 * 1 0 1
+1 * 1
+3 * 1 0 1
+2 * 1 0 1
fi=(208)
+2 428 1
fe=(229)
+7 100 1 0 1
+2 * 1
+3 * 1 0 1
+2 * 1 0 1
+1 * 1
fi=(210)
+3 1718 1
fe=(229)
+3 100 1
+4 +2 1 1
+4 -1 1 1
fi=(208)
+3 428 1 0 1 0 0 1 0 0 1
fe=(229)
+10 102 1 0 1
+4 +1 1 1
fi=(210)
+4 1718 1
+2 -1 1 0 1 1 0 1 1 0 1
fe=(229)
+7 103 1 0 1
fi=(210)
+4 1717 1 1
+7 * 1
+4 * 1 0 1
+7 +1 1 1 1 0 1
cfi=(230)
cfn=(786)
calls=1 0xce620 92 
* * 419 138 76 7 0 0 7
fi=(199)
+6 52 1 1
+7 +56 1 1
+5 * 1
+6 -16 1 0 1
fi=(208)
+7 651 1 1
+4 * 1 1 0 1 0 0 1
+7 * 1 0 1
+4 * 1 1 1
cfi=(201)
cfn=(718)
calls=1 0xc48e0 507 
* * 15 5 2
+6 * 1 1
+4 * 1 0 1
+4 +56 1 1 0 0 1
+7 428 1 0 1
+10 707 1
+4 * 1 0 1
+7 * 1 1 1
cfi=(201)
cfn=(696)
calls=1 0xc4360 221 
* * 21 7 3
fi=(199)
+6 108 1 1
fi=(208)
+5 707 1 0 1 1 0 0 1
fi=(199)
+7 108 1
+6 -16 1 0 1
fi=(208)
+7 651 1 1
+4 * 1 1
+7 * 1 1 1
cfi=(201)
cfn=(718)
calls=1 0xc48e0 507 
* * 15 5 2
+6 * 1
fi=(212)
+7 1106 1
+2 * 1
fi=(208)
+2 651 1 0 1
fi=(212)
+4 1105 1 1
fi=(208)
+7 428 1 0 0 1 0 0 1
+7 * 1 0 1 0 0 1 0 0 1
fi=(212)
+10 1106 1
+3 -1 1
+4 * 1 0 1
+7 * 1 1
+4 * 1 0 1
+7 +1 1 1 1
cfi=(231)
cfn=(792)
calls=1 0xccd20 372 
* * 115 38 31 6 0 0 6
fi=(199)
+6 108 1 1
+5 * 1
+6 -16 1 0 1
fi=(208)
+7 651 1 1 0 1 0 0 1
+4 * 1 1 0 0 1
+7 * 1 0 1
+4 * 1 1 1
cfi=(201)
cfn=(718)
calls=1 0xc48e0 507 
* * 15 5 2
+6 * 1 1
fi=(212)
+4 1106 1
fi=(208)
+2 651 1 0 1
fi=(212)
+4 1105 1 1 0 0 1
fi=(208)
+7 428 1
fi=(212)
+7 1106 1
fi=(208)
+2 428 1 0 1
fi=(212)
+10 1106 1
+3 -1 1
+4 * 1 0 1 1 0 0 1
+7 * 1 1
+4 * 1 0 1
+7 +1 1 1 1 0 1
cfi=(231)
cfn=(794)
calls=1 0xcc800 216 
* * 114 38 31 5 0 0 5
fi=(199)
+6 108 1 1
+5 * 1
+6 -16 1 0 1
fi=(208)
+7 651 1 1
+4 * 1 1 0 0 1
+7 * 1 0 1
+4 * 1 1 1
cfi=(201)
cfn=(718)
calls=1 0xc48e0 507 
* * 15 5 2
+6 * 1 1
+4 * 1 0 1 1 0 0 1
fi=(212)
+4 1528 1 1 0 0 1
fi=(208)
+7 428 1 0 1
fi=(212)
+10 1528 1
fi=(199)
+4 108 1 1
fi=(212)
+5 1528 1 0 1
fi=(199)
+7 108 1
+6 -16 1 0 1
fi=(208)
+10 651 1 1
+4 * 1 1
+7 * 1 1 1 1 0 0 1
cfi=(201)
cfn=(718)
calls=1 0xc48e0 507 
* * 15 5 2
+6 * 1
+7 * 1 0 1
fi=(212)
+4 1688 1 1
fi=(208)
+7 428 1 0 1
fi=(212)
+10 1688 1
fi=(199)
+4 108 1 1
fi=(212)
+5 1688 1 0 1
fi=(199)
+7 108 1
+6 -16 1 0 1 1 0 0 1
fi=(208)
+10 651 1 1
+4 * 1 1 0 0 1
+7 * 1 1 1
cfi=(201)
cfn=(718)
calls=1 0xc48e0 507 
* * 15 5 2
+6 * 1
+7 * 1 0 1
fi=(212)
+4 420 1 1
fi=(208)
+7 +8 1 0 1
fi=(212)
+10 -8 1
fi=(199)
+4 108 1 1
fi=(212)
+5 420 1 0 1
fi=(199)
+7 108 1 0 0 1 0 0 1
+6 -16 1 0 1
fi=(208)
+10 651 1 1
+4 * 1 1
+7 * 1 1 1
cfi=(201)
cfn=(718)
calls=1 0xc48e0 507 
* * 15 5 2
+6 * 1
fe=(229)
+7 112 1
fi=(208)
+5 651 1 0 1
fe=(229)
+4 112 1
+7 * 1
+3 * 1 1 1
cfi=(216)
cfn=(796)
calls=1 0x13ac40 -68 
* * 45 15 12 1 0 1 1 0 1
fi=(199)
+6 -4 1 1 0 1 0 0 1
+5 * 1
+6 -16 1 0 1
fi=(208)
+7 651 1 1
+4 * 1 1
+7 * 1 0 1
+4 * 1 1 1
cfi=(201)
cfn=(718)
calls=1 0xc48e0 507 
* * 15 5 2
+6 * 1 1
fi=(210)
+4 1718 1
fi=(208)
+2 651 1 0 1
fe=(229)
+4 115 1 1
fi=(208)
+4 428 1 0 1 0 0 1 0 0 1
fe=(229)
+10 114 1 1 0 1 0 0 1
+4 +1 1 0 1
+4 +1 1 1
fi=(208)
+4 428 1
fi=(210)
+7 1717 1 0 1
+7 +1 1
fe=(229)
+3 116 1 0 1
fi=(210)
+4 1717 1 1
+7 * 1
+4 * 1 0 1
+7 +1 1 1 1
cfi=(230)
cfn=(798)
calls=1 0xce980 183 
* * 353 75 75 5 0 0 5
fi=(199)
+6 108 1 1
+5 * 1 0 0 1 0 0 1
+6 -16 1 0 1
fi=(208)
+7 651 1 1
+4 * 1 1 0 0 1
+7 * 1 0 1
+4 * 1 1 1
cfi=(201)
cfn=(718)
calls=1 0xc48e0 507 
* * 15 5 2
+6 * 1 1
+4 * 1 0 1
+4 +56 1 1 0 0 1
+7 428 1 0 1
+10 707 1
+4 * 1 0 1 1 0 0 1
+7 * 1 1 1
cfi=(201)
cfn=(696)
calls=1 0xc4360 221 
* * 21 7 3
fi=(199)
+6 108 1 1
fi=(208)
+5 707 1 0 1
fi=(199)
+7 108 1
+6 -16 1 0 1
fi=(208)
+7 651 1 1
+4 * 1 1 0 0 1
+7 * 1 1 1
cfi=(201)
cfn=(718)
calls=1 0xc48e0 507 
* * 15 5 2
+6 * 1
fi=(212)
+7 1106 1
+2 * 1
fi=(208)
+2 651 1 0 1 1 0 0 1
fi=(212)
+5 1105 1 1 0 0 1
fi=(208)
+7 428 1
+7 * 1 0 1 0 0 1 0 0 1
fi=(212)
+10 1106 1
+3 -1 1
+4 * 1 0 1
+7 * 1 1
+4 * 1 0 1
+7 +1 1 1 1
cfi=(231)
cfn=(800)
calls=1 0xcda80 741 
* * 109 30 31 5 0 0 5
fi=(199)
+6 108 1 1
+5 * 1 0 0 1 0 0 1
+6 -16 1 0 1
fi=(208)
+7 651 1 1
+4 * 1 1 0 0 1
+7 * 1 0 1
+4 * 1 1 1
cfi=(201)
cfn=(718)
calls=1 0xc48e0 507 
* * 15 5 2
+6 * 1 1
fi=(212)
+4 1106 1
fi=(208)
+2 651 1 0 1
fi=(212)
+4 1105 1 1 0 0 1
fi=(208)
+7 428 1
fi=(212)
+7 1106 1
fi=(208)
+2 428 1 0 1 1 0 0 1
fi=(212)
+10 1106 1
+3 -1 1
+4 * 1 0 1
+7 * 1 1
+4 * 1 0 1
+7 +1 1 1 1
cfi=(231)
cfn=(802)
calls=1 0xcd4a0 558 
* * 109 30 31 6 0 0 6
fi=(199)
+6 108 1 1
+5 * 1
+6 -16 1 0 1
fi=(208)
+7 651 1 1
+4 * 1 1 0 1 0 0 1
+7 * 1 0 1
+4 * 1 1 1
cfi=(201)
cfn=(718)
calls=1 0xc48e0 507 
* * 15 5 2
+6 * 1 1
+4 * 1 0 1
fi=(212)
+4 1528 1 1
fi=(208)
+7 428 1 0 1
fi=(212)
+10 1528 1
fi=(199)
+4 108 1 1
fi=(212)
+5 1528 1 0 1
fi=(199)
+7 108 1
+6 -16 1 0 1 1 0 0 1
fi=(208)
+10 651 1 1
+4 * 1 1 0 0 1
+7 * 1 1 1
cfi=(201)
cfn=(718)
calls=1 0xc48e0 507 
* * 15 5 2
+6 * 1
+7 * 1 0 1
fi=(212)
+5 1688 1 1
fi=(208)
+7 428 1 0 1 0 0 1 0 0 1
fi=(212)
+10 1688 1
fi=(199)
+4 108 1 1
fi=(212)
+5 1688 1 0 1 1 0 0 1
fi=(199)
+7 108 1
+6 -16 1 0 1
fi=(208)
+10 651 1 1
+4 * 1 1 0 0 1
+7 * 1 1 1
cfi=(201)
cfn=(718)
calls=1 0xc48e0 507 
* * 15 5 2
+6 * 1
+7 * 1 0 1
fi=(212)
+5 420 1 1
fi=(208)
+7 +8 1 0 1
fi=(212)
+10 -8 1 0 0 1 0 0 1
fi=(199)
+4 108 1 1
fi=(212)
+5 420 1 0 1
fi=(199)
+7 108 1
+6 -16 1 0 1
fi=(208)
+10 651 1 1
+4 * 1 1
+7 * 1 1 1
cfi=(201)
cfn=(718)
calls=1 0xc48e0 507 
* * 15 5 2
+6 * 1
fe=(229)
+7 125 1
fi=(208)
+5 651 1 0 1 1 0 0 1
fe=(229)
+5 125 1
+7 * 1
+3 * 1 1 1
cfi=(216)
cfn=(804)
calls=1 0x169570 -81 
* * 45 15 12 2 1 0 2
fi=(199)
+6 -17 1 1
+5 * 1
+6 -16 1 0 1
fi=(208)
+7 651 1 1
+4 * 1 1
+7 * 1 1 1
cfi=(201)
cfn=(718)
calls=1 0xc48e0 507 
* * 15 5 2
fe=(229)
+6 129 1 1
fi=(208)
+7 651 1 0 1
fe=(229)
+4 129 1 1 0 1 0 0 1
+4 * 1 1 1
cfi=(201)
cfn=(718)
calls=1 0xc48e0 507 
* * 6 2
+6 +1 1 1
+7 -1 1 0 1
+4 +1 1 1
+4 * 1 1 1
cfi=(201)
cfn=(718)
calls=1 0xc48e0 507 
* * 6 2
+6 * 1 1
+4 +1 1 1
+7 -1 1 0 1
+4 +1 1 1
+4 * 1 1 1
cfi=(201)
cfn=(718)
calls=1 0xc48e0 507 
* * 6 2
+6 * 1 1
+4 +2 1 1 0 1 0 0 1
+7 -2 1 0 1
+4 +2 1 1
+4 * 1 1 1
cfi=(201)
cfn=(718)
calls=1 0xc48e0 507 
* * 6 2
+6 +1 1 1
+7 -1 1 0 1
+4 +1 1 1
+4 * 1 1 1
cfi=(201)
cfn=(718)
calls=1 0xc48e0 507 
* * 6 2
+6 * 1 1
+4 +1 1 1
+4 * 1 1
+7 -1 1 0 1
+4 +1 1 1 1
cfi=(201)
cfn=(718)
calls=1 0xc48e0 507 
* * 6 2
+6 * 1 1 0 1 0 0 1
+4 * 1 0 1
+4 +2 1
+4 * 1 1
+1 * 1 1
+2 * 1 1
+2 * 1 1
+2 * 1 1
+2 * 1 1
+1 * 1 1

fl=(248) /usr/src/debug/gcc/gcc/libstdc++-v3/libsupc++/eh_alloc.cc
fn=(862) _GLOBAL__sub_I_eh_alloc.cc
0xaa310 456 1
+4 * 1 0 1
fi=(262)
+1 129 1
fe=(248)
+4 +66 1
+7 456 1
+3 * 1 0 1
+2 * 1 0 1
+2 * 1 0 1
+2 * 1
+10 * 1 0 1
+2 * 1
+10 * 1 0 1
+1 * 1 0 0 1 0 0 1
+4 * 1 1
+9 * 1 0 1
+4 * 1
fi=(262)
+2 129 1 0 1 0 0 1
+7 * 1 0 1
fe=(248)
+7 +58 1
fi=(262)
+4 -58 1 0 1
fe=(248)
+11 +58 1 0 1
+11 * 1 0 1 1 0 0 1
+7 +8 1 1 1 0 1
cob=(2)
cfi=(249)
cfn=(864)
calls=1 0x43830 28 
* * 1271 408 22 11 70 0 11 4
fi=(252) /usr/src/debug/gcc/gcc-build/x86_64-pc-linux-gnu/libstdc++-v3/include/string_view
+6 -54 1 0 1
fe=(248)
+8 +54 1
fi=(252)
+3 -53 1
fi=(352) /usr/src/debug/gcc/gcc-build/x86_64-pc-linux-gnu/libstdc++-v3/include/bits/stl_pair.h
+7 882 1 0 1
fi=(252)
+7 142 1 0 1
+4 * 1
+7 -1 1 0 1
+8 +1 1 0 1
fi=(352)
+4 882 1 0 1
fe=(248)
+7 203 1 0 0 1 0 0 1
+3 * 1
+2 * 1
jump=1 0xaa4a7 +29 
* * 
0xaa485 456 1 1
+4 * 1 1
+9 * 1
+6 * 1
+4 * 1 1
+1 * 1 1
+2 * 1 1
+2 * 1 1
+2 * 1 1
+2 * 1 1
+1 * 1 1
+1 232 1 0 1 1 0 0 1
+11 -94 1
+5 +97 1
+3 * 1 1 1 0 1
cob=(2)
cfi=(253)
cfn=(874)
calls=1 0xa6190 3385 
* * 1811 193 320 65 31 47 65 20 45
+6 * 1 0 1 1 0 0 1
+7 +1 1
+3 * 1
+2 +12 1
+2 -3 1 0 1
+7 +2 1 0 1
+3 +1 1 0 1
+4 * 1
jump=1 -87 456 
* * 

fl=(245) /usr/src/debug/gcc/gcc/libstdc++-v3/src/c++11/compatibility-condvar.cc
fn=(856) _GLOBAL__sub_I_compatibility_condvar.cc
0xaa2e0 108 1
+4 -26 1 0 1 0 0 1
+11 +26 1 1

ob=(1)
fl=(13) /usr/src/debug/glibc/glibc/elf/dl-sort-maps.c
fn=(26) _dl_sort_maps_init
0x10f50 289 1 0 0 1 0 0 1
+4 * 1 0 1
+1 +1 1
+2 * 1
+5 -1 1
+3 * 1
+4 +1 1
+4 * 1 0 1
cfi=(11)
cfn=(28)
calls=1 0x13590 438 
* * 24 4 1 2 2 0 2 2
+5 +2 1
+2 * 1 1
+4 * 1
+3 -1 1 0 1
+6 +2 1 1
+1 * 1 1

fn=(232) _dl_sort_maps
0x10f80 298 2 0 0 2 0 0 1
+4 * 2 0 2
+1 * 2
+3 * 2 0 2
+2 * 2
+3 * 2 0 2
+2 * 2
+3 * 2 0 2
+2 * 2 0 2
+2 * 2
+3 * 2 0 2
+1 * 2
+4 +8 2 2 0 0 2
+7 -8 2 0 2
+3 +8 2
+3 * 2
jcnd=2/2 0x1127d -95 
* * 
0x1127d -95 2 0 0 2 0 0 1
+2 -28 2 0 0 2 0 0 1
+3 -2 2 0 2
+4 +1 2 2
+3 * 2
+2 +29 2
+4 -28 2
+4 * 2
+6 * 2
+3 * 2
+3 +1 2 2
+4 -1 2
+4 +1 2 0 2
+7 -1 2
+2 * 2
jcnd=2/2 -17 +1 
* * 
-17 +1 12 12
+4 -1 12
+4 +1 12 0 12
+7 -1 12
+2 * 12
jcnd=10/12 -17 +1 
* * 
+2 +28 2
+4 * 2
+3 * 2
+4 * 2 0 0 2 0 0 1
+4 * 2
+3 * 2
+7 * 2
+3 * 2
+3 * 2
jcnd=2/2 +23 * 
* * 
+23 * 2
+6 * 2
+3 * 2
+3 * 2
+2 * 2 0 2 0 0 1
+6 +8 2
+2 -3 2 0 0 2 0 0 1
+4 +3 2
+4 * 2
+5 -3 2 0 2
+4 +3 2
+4 -8 2
+3 +8 2
+3 -1 2 0 2
+4 +3 2
+4 * 2
+3 * 2
jump=2 +24 +2 
* * 
+12 * 12
+4 * 12
+2 * 12
+6 +2 14 14
+4 -83 14 14 0 2 0 0 1
+7 * 14
+2 * 14
+3 * 14
+3 * 14 0 14 0 0 1
cfn=(234) dfs_traversal.part.0
calls=14 0x10e80 -5 
* * 625 200 112 5 10 0 3
+5 +86 14 14
+4 * 14
+3 * 14
jcnd=12/14 -43 -5 
* * 
+2 +18 2 2
+4 * 2
+3 * 2
+3 * 2
jcnd=2/2 0x1146b +19 
* * 
+83 +32 2 0 0 2 0 0 1
+3 * 2
+2 * 2 2 0 2 0 0 1
+4 * 2
jcnd=2/2 +55 +7 
* * 
+55 +7 2
+4 +27 2 0 0 2 0 0 1
+4 * 2 2
+1 * 2 2
+2 * 2 2
+2 * 2 2
+2 * 2 2
+2 * 2 2
+1 * 2 2
+95 -47 2 0 0 2 0 0 1
+3 * 2
+3 * 2
+3 * 2 0 2
cfi=(29) /usr/src/debug/glibc/glibc/string/../sysdeps/x86_64/multiarch/memmove-vec-unaligned-erms.S
cfn=(82) memcpy
calls=2 0x25120 -53 
* * 38 10 8 2
+6 * 2
jump=2 0x113ba +13 
* * 

fn=(234)
0x10e80 135 14 0 14 2 0 0 1
+1 * 14
+3 * 14 0 14
+2 * 14
+3 * 14 0 14
+2 * 14
+3 * 14 0 14
+2 * 14
+3 * 14 0 14
+1 +10 14 14 0 0 3
+7 -2 14 0 14
+7 +2 14
+3 * 14
jcnd=3/14 +37 +11 
* * 
+2 +2 11 11 0 0 6
+3 * 11
+3 * 11
+2 * 11
+5 -7 11 11
+7 * 11
-7 * 24 24
+7 * 24
+2 +7 35 35 0 0 1
+4 * 35
+4 * 35
+3 * 35
jcnd=24/35 -20 -7 
* * 
+2 +9 14 0 0 2 0 0 1
+3 * 14
jcnd=7/14 +59 * 
* * 
+2 +15 14 14
+3 * 14
+4 * 14 0 14
+3 +1 14 0 14
+4 +1 14 14
+1 * 14 14
+2 * 14 14
+2 * 14 14
+2 * 14 14
+1 * 14 14
+35 -17 7 7 0 1 0 0 1
+8 * 7
+3 * 7
jcnd=7/7 -68 +15 
* * 

fl=(45) /usr/src/debug/glibc/glibc/elf/../elf/dl-tls.c
fn=(258) allocate_dtv
0x11680 452 1 0 1 1 0 0 1
fi=(28) /usr/src/debug/glibc/glibc/elf/../include/rtld-malloc.h
+1 44 1
fe=(45)
+5 452 1
+3 * 1 0 1
+2 * 1
+3 * 1 0 1
+1 +5 1 1
+7 +4 1
+4 +1 1
fi=(28)
+4 44 1 1 1
cfi=(27) /usr/src/debug/glibc/glibc/elf/dl-minimal-malloc.c
cfn=(74) __minimal_calloc
calls=1 0xb390 +36 
* * 97 17 13
fe=(45)
+6 463 1
+3 * 1
+2 +3 1 0 1
+3 +6 1
+4 * 1 0 1
+5 * 1
+3 +6 1 1
+1 * 1 1
+2 * 1 1
+1 * 1 1

fn=(248) _dl_tls_static_surplus_init
0x119d0 125 1 0 0 1 0 0 1
+4 * 1 0 1
+1 +3 1
+2 -3 1
+3 * 1 0 1
+2 * 1 0 1
+2 +3 1
+4 -3 1
+3 +3 1
+5 -3 1 0 1
+1 +3 1
+3 -3 1
+4 +3 1 0 1
cfi=(11)
cfn=(28)
calls=1 0x13590 438 
* * 23 4 1 0 2 0 0 2
+5 * 1 1
+4 +1 1
+2 * 1
+3 * 1 0 0 1 0 0 1
+5 * 1 0 1
cfi=(11)
cfn=(28)
calls=1 0x13590 438 
* * 23 4 1 0 1 0 0 1
+5 +1 1
+5 +2 1
+5 -3 1 1
+4 +1 1
+3 * 1
+4 +2 1
+3 * 1
+3 * 1
+2 +3 1
+3 +2 1 0 1
+7 -26 1
+4 * 1
+3 * 1
+3 +28 1
+7 * 1
+2 * 1 0 1
+7 +1 1
+4 * 1 1
+1 * 1 1
+2 * 1 1
+2 * 1 1
+1 * 1 1

fn=(562) _dl_tls_initial_modid_limit_setup
0x12480 1117 1 0 0 1 0 0 1
+4 +1 1 1
+7 +3 1
+5 * 1 1
+3 * 1
+4 * 1
jcnd=1/1 +27 +2 
* * 
+9 +6 3 3
+7 * 3
+2 -6 3
+4 * 3
+3 * 3
+2 +2 4
+3 * 4
+4 * 4 4
+5 +1 4
+3 * 4
jcnd=3/4 -33 +3 
* * 
+2 +6 1 0 1 0 0 1
+7 +1 1 1

fn=(250) _dl_determine_tlsoffset
0x11bd0 243 1 0 0 1 0 0 1
+4 * 1 0 1
+1 * 1
+3 * 1 0 1
+2 * 1 0 1
+2 * 1 0 1
+2 * 1 0 1
+1 +35 1
+2 -35 1
+4 +37 1 1
+7 * 1
+3 * 1
+6 -34 1
+3 -1 1
+3 -1 1 0 0 1 0 0 1
+6 * 1
jump=1 +68 +39 
* * 
+7 +63 3
+4 * 3
+2 * 3
+3 +3 3
+3 -3 3
+3 * 3
+3 * 3
+3 * 3
+3 * 3
+4 +2 3
+3 * 3
jcnd=3/3 +11 +10 
* * 
+11 +10 3 0 3
+7 -4 3
+3 -34 3 3
+4 -1 3
+3 * 3
-7 +1 4 4
+4 -1 4
+3 * 4
jfi=(71) /usr/src/debug/glibc/glibc/elf/../sysdeps/unix/sysv/linux/dl-extra_tls.h
jcnd=1/4 0x11cb0 32 
* * 
+2 +3 7 7 0 1 2 0 1
+7 * 7
+3 * 7
jcnd=4/7 -19 -2 
* * 
+2 +4 3 3
+7 -1 3 3
+7 +5 3
+3 -5 3
+3 +1 3
+4 -1 3
+3 +3 3
+3 * 3
+4 +2 3
+3 * 3
+3 * 3
jcnd=3/3 0x11c08 +16 
* * 
fi=(71)
+55 32 1 0 0 1 0 0 1
+4 * 1
+2 * 1
+5 +12 1 0 0 1 0 0 1
+6 -12 1
+3 * 1 0 1
cfi=(11)
cfn=(28)
calls=1 0x13590 438 
* * 24 4 1 0 2 0 0 2
+5 +1 1 1
+3 * 1
+2 * 1
+2 +4 1 1
+6 * 1
+5 * 1 1
+7 * 1
+2 * 1
+4 * 1
+2 * 1
+5 * 1
+3 * 1
+3 * 1
+3 +14 1
+2 * 1
+3 * 1 0 0 1 0 0 1
+5 * 1 0 1
cfi=(11)
cfn=(28)
calls=1 0x13590 438 
* * 24 4 1
+5 +1 1 1
+3 * 1
+2 * 1
jcnd=1/1 0x11d88 +2 
* * 
fe=(45)
+19 342 1
+5 * 1
+2 * 1
+3 * 1
+3 * 1
+3 * 1
+3 +14 1
+2 +91 1 0 1
+7 -94 1
+3 +2 1 0 1 1 0 0 1
+7 -2 1
+3 * 1 0 1
+7 +3 1 1
+7 * 1
+5 * 1
+3 * 1
+3 * 1
+3 * 1
+3 +2 1
+7 * 1 0 1
+7 +90 1
+4 * 1 1
+1 * 1 1
+2 * 1 1
+2 * 1 1
+2 * 1 1
+1 * 1 1
fi=(71)
+7 54 1 1 0 1 0 0 1
fe=(45)
+7 336 1
+3 * 1
+3 * 1
+4 +6 1
+3 * 1
+2 * 1
jump=1 0x11d1f * 
* * 

fn=(452) _dl_add_to_slotinfo
0x124d0 1156 3 0 0 1 0 0 1
+4 +1 3 3
+8 * 3
+2 -1 3 0 3
+1 * 3
+3 * 3 0 3
+2 * 3
+3 * 3 0 3
+2 * 3 0 3
+1 * 3
+4 +1 3 3
+7 * 3
+2 +8 3 3
+7 +3 3 3 0 1 2 0 1
+7 +1 3
jump=3 +43 +4 
* * 
+43 +4 3 3 0 0 1
+4 * 3
+3 * 3
+2 +36 3
+3 * 3
jcnd=3/3 +44 +3 
* * 
+2 +10 3
+4 -1 3
+5 +1 3 3
+1 * 3 3
+2 * 3 3
+2 * 3 3
+1 * 3 3
+27 -7 3 0 0 1 0 0 1
+4 * 3 0 3 0 0 2 0 0 1
+5 +1 3 3
+7 * 3
+4 * 3 0 3 1 0 0 1
+5 +2 3 0 3
+8 * 3
jump=3 -75 +4 
* * 

fn=(564) _dl_allocate_tls_init
0x11ec0 595 1 0 0 1 0 0 1
+4 * 1 0 1
+1 * 1
+3 * 1 0 1
+2 * 1 0 1
+2 * 1 0 1
+2 * 1 0 1
+2 * 1 0 1
+1 * 1
+4 * 1 0 1
+4 * 1 0 1
+4 +1 1
+3 * 1
+6 +4 1 1 0 0 1
+4 +6 1
+7 -6 1 0 1
+4 +6 1 1 1
cfi=(24) /usr/src/debug/glibc/glibc/elf/../sysdeps/nptl/dl-tls_init_tp.c
cfn=(88) rtld_mutex_dummy
calls=1 0x127c0 42 
* * 3 1
+6 +3 1 1 0 1 0 0 1
+7 * 1 1 0 0 1
+4 * 1
+6 +12 1 1
+7 -18 1
+3 -1 1
+3 +43 1
+3 * 1
+3 * 1
+1 -19 1
+3 * 1
+3 * 1
+4 * 1 1
+3 * 1
+6 * 1
+3 * 1
+4 * 1 0 1
+4 * 1 0 0 1 0 0 1
+3 * 1
+3 * 1
+3 * 1
jump=1 0x12043 +6 
* * 
+9 +9 3
+3 * 3
+4 * 3 3
+5 +1 3
+3 * 3
+6 +6 3 3
+5 * 3 3
+7 * 3
+6 +3 3 3 0 0 2
+7 -2 3 0 0 1 0 0 1
+3 +2 3 3
+4 -2 3
+4 +6 3 3
+7 -4 3 3 0 0 1
+8 * 3
+3 * 3
+4 +4 3
+4 -4 3
+3 * 3 0 3 0 0 1 0 0 1
+3 +3 3
+4 * 3
+6 +4 3
+3 * 3
+6 +1 3 3 0 1 0 0 1
+7 * 3 3 0 0 1
+7 * 3
+3 * 3
+6 +2 3
+3 * 3
+6 +1 3 3
+4 * 3
+3 +19 3 3
+5 -10 3 0 3
+3 +10 3
jcnd=3/3 +8 * 
* * 
+8 * 3 0 3
+4 +2 3 3
+7 * 3 0 3 1 0 0 1
+4 * 3 0 3
cfi=(29)
cfn=(134) mempcpy
calls=3 0x25110 197 
* * 39 5 2 0 1 1 0 0 1
+6 * 3 3
+4 * 3 3
+4 * 3
+2 * 3
+3 * 3
+3 * 3
+3 * 3 0 3
cfi=(43) /usr/src/debug/glibc/glibc/string/../sysdeps/x86_64/multiarch/../multiarch/memset-vec-unaligned-erms.S
cfn=(138) memset
calls=3 0x25310 137 
* * 52 3 12 0 0 2 0 0 2
+6 +3 3 3
+4 +5 3 3
+7 -5 3
+2 +1 3 0 3
+7 -55 3
+4 * 3
+4 * 3 3
+4 * 3
+2 +6 4 0 0 1 0 0 1
+3 * 4
jcnd=3/4 0x11f50 +3 
* * 
+6 +59 1
+7 * 1 1 1
cfi=(24)
cfn=(88)
calls=1 0x127c0 42 
* * 3 1
+6 +3 1 1
+4 * 1 0 1
+3 +3 1 1
+4 * 1
+4 * 1 1
+1 * 1 1
+2 * 1 1
+2 * 1 1
+2 * 1 1
+2 * 1 1
+1 * 1 1

fn=(142) _dl_count_modids
0x11b60 220 1 0 0 1 0 0 1
+4 +2 1 1
+7 * 1
+2 +1 1 1 0 0 1 0 0 1
+7 +15 1
+3 * 1 1

fn=(254) _dl_allocate_tls_storage
0x11de0 509 1 0 0 1 0 0 1
+4 * 1 0 1
+1 * 1
+3 * 1 0 1
+2 * 1 0 1
+1 * 1
fi=(72) /usr/src/debug/glibc/glibc/elf/./dl-tls_block_align.h
+4 23 1 1
fe=(45)
+7 +68 1 1 1
+8 515 1 1 0 1 0 0 1
+7 * 1
+3 * 1
fi=(28)
+4 56 1 1 1
cfi=(27)
cfn=(78) __minimal_malloc
calls=1 0xb240 -20 
* * 30 7 7
fe=(45)
+6 517 1
+3 * 1
fi=(72)
+6 41 1 1
+7 * 1
+3 +6 1
+2 * 1
+5 * 1
+3 * 1
+3 +5 1
+2 -5 1
+3 +1 1
+8 +4 1 0 0 1 0 0 1
+4 * 1
+3 * 1 0 1 0 0 1 0 0 1
+7 * 1 0 1 0 0 1 0 0 1
+11 * 1
+4 * 1
+3 * 1
+6 * 1
+3 * 1 0 1
jcnd=1/1 * * 
* * 
* * 295 0 294 0 0 35 0 0 35
jcnd=294/295 * * 
* * 
fe=(45)
+3 527 1 0 1 0 0 1 0 0 1
+7 +2 1
+3 * 1 0 1
cfn=(258)
calls=1 0x11680 -77 
* * 117 23 19 1 0 0 1
+5 +1 1
+3 * 1
+2 97 1 1 1 1 0 0 1
+8 535 1
+4 * 1 1
+1 * 1 1
+2 * 1 1
+1 * 1 1

fn=(224) _dl_assign_tls_modid
0x11a70 153 3 0 0 1 0 0 1
+4 +3 3 3
+7 * 3 3 0 1 0 0 1
+7 -3 3 0 3
+1 * 3
+3 +3 3
+2 +53 3
+4 +2 3 0 3
+7 +3 3 0 3
+7 +1 3 3
+1 * 3 3

fl=(48) /usr/src/debug/glibc/glibc/string/../string/strcspn.c
fn=(152) strcspn
0x27140 32 1 0 0 1 0 0 1
+4 * 1 0 1
+1 * 1
+3 * 1 0 1 0 0 1 0 0 1
+1 * 1
+3 * 1
+7 +1 1 1 0 0 1 0 0 1
+3 * 1
+2 * 1
+6 +1 1 1
+4 * 1
+6 +5 1
+4 * 1
+7 * 1 0 1 0 0 1 0 0 1
+7 * 1 0 1 1 0 1 1 0 1
+7 * 1 0 1
+7 * 1 0 1
+7 +1 1 0 1
+7 * 1 0 1 0 0 1 0 0 1
+7 * 1 0 1
+7 * 1 0 1
+7 +1 1 0 1
+7 * 1 0 1 0 0 1 0 0 1
+4 * 1 0 1
+4 * 1 0 1
+4 +1 1 0 1 1 0 0 1
+4 * 1 0 1
+4 * 1 0 1
+4 * 1 0 1
+4 +2 1
+2 +3 1 1
+3 * 1
+4 * 1 0 1
+4 +1 1
+2 * 1
jcnd=1/1 -13 -1 
* * 
-13 -1 2 2
+3 * 2
+4 * 2 0 2
+4 +1 2
+2 * 2
jcnd=1/2 -13 -1 
* * 
+2 +3 1 1
+3 * 1
+2 * 1 1
+8 * 1
+6 +1 1 1
+4 * 1
+5 * 1 1 0 1 0 0 1
+8 * 1
+2 +1 1 1
+4 * 1
+5 * 1 1
+8 * 1
+2 +1 1 1
+4 * 1
+5 * 1 1
+8 * 1
+2 +2 1
+3 * 1
+4 * 1
+11 * 1
+3 +6 1 1 0 1 0 0 1
+4 -1 1
+4 +1 1 1
+4 +2 1 1
+4 * 1 1
+4 -1 1 1
+4 * 1 1
+5 +2 1 1
+4 +2 1 1
+5 * 1
+3 * 1
+3 * 1
+3 * 1
+3 * 1
jcnd=1/1 -50 -5 
* * 
-50 -5 11 11 0 0 1 0 0 1
+4 -1 11
+4 +1 11 11
+4 +2 11 11
+4 * 11 11
+4 -1 11 11
+4 * 11 11
+5 +2 11 11
+4 +2 11 11
+5 * 11
+3 * 11
+3 * 11
+3 * 11
+3 * 11
jcnd=10/11 -50 -5 
* * 
+2 +2 1
+3 +1 1
+3 * 1
+2 * 1
+4 * 1 0 0 1 0 0 1
+3 +1 1 1
+4 * 1 1
+1 * 1 1

fl=(26) /usr/src/debug/glibc/glibc/elf/dl-object.c
fn=(86) _dl_add_to_namespace_list
0xb7c0 31 6 0 0 1 0 0 1
+4 * 6 0 6
+1 * 6
+3 * 6 0 6
+2 +2 6
+7 -2 6 0 6
+2 * 6
+3 +2 6
+3 -2 6 0 6 0 0 1
+1 * 6
+3 * 6
+4 +2 6 6 6
cfi=(24)
cfn=(88)
calls=6 0x127c0 +9 
* * 18 6
+6 +2 6
+8 * 6
+7 * 6
+4 * 6
+4 * 6 0 0 1 0 0 1
+3 * 6 6
+3 * 6
+3 * 6
jcnd=1/6 +89 +10 
* * 
+2 * 5
+7 +3 5
+3 * 5 5
+4 * 5
+3 * 5
jcnd=5/5 -10 * 
* * 
-10 * 15
+3 * 15 15
+4 * 15
+3 * 15
jcnd=10/15 -10 * 
* * 
+2 +2 5 0 5
+5 +2 5 0 5
+4 +4 5
+4 +4 5
+3 -4 5
+4 * 5 0 5
+5 +1 5 5
+7 * 5 0 5
+8 +1 5
+4 * 5 0 5
+7 +3 5
+4 * 5 5
+1 * 5 5
+2 * 5 5
+2 * 5 5
+1 -1 5 5
cfi=(24)
cfn=(88)
calls=5 0x127c0 -8 
* * 15 5
-52 -4 1
+4 +4 1
+3 -4 1
+4 * 1 0 1
+5 +1 1 1 0 0 1 0 0 1
+7 * 1 0 1
+8 +1 1
+4 * 1 0 1
+7 +3 1
+4 * 1 1
+1 * 1 1
+2 * 1 1
+2 * 1 1
+1 -1 1 1
cfi=(24)
cfn=(88)
calls=1 0x127c0 -8 
* * 3 1
+7 -5 1 0 1
+3 * 1
jump=1 -62 +1 
* * 

fn=(72) _dl_new_object
0xb870 59 6 0 0 1 0 0 1
+4 * 6 0 6
+1 * 6
+3 * 6 0 6 0 0 1 0 0 1
+2 * 6
+3 * 6 0 6
+2 * 6 0 0 1 0 0 1
+3 * 6 0 6 0 0 1 0 0 1
+2 * 6 0 6
+2 * 6 0 6 0 0 1 0 0 1
+1 * 6
+4 * 6 0 6
+4 * 6 0 6
+4 * 6 0 6 0 0 1 0 0 1
+3 * 6 0 6
+4 +3 6
+7 * 6
jcnd=1/6 0xbbd8 +2 
* * 
+6 +21 5 5
+4 -3 5 5
+6 +3 5 0 5 0 0 1 0 0 1
cfi=(22) /usr/src/debug/glibc/glibc/string/../sysdeps/x86_64/multiarch/../multiarch/strlen-sse2.S
cfn=(62) strlen
calls=5 0x27320 -26 
* * 103 13
+5 +4 5
+2 * 5
+4 -4 5
+3 +9 5
+8 -9 5
+4 * 5 0 5
+4 * 5 0 5
fi=(28)
+4 -39 5
+5 * 5 5 5
cfi=(27)
cfn=(74)
calls=5 0xb390 +36 
* * 306 57 48 4 2 2 4 2 2
fe=(26)
-9 +39 1 0 1 1 0 0 1
fi=(28)
+4 -39 1
+5 * 1 1 1
cfi=(27)
cfn=(74)
calls=1 0xb390 +36 
* * 47 8 8 5 1 0 5 1
+6 * 6
fe=(26)
+3 +51 6
+3 * 6
+6 +5 6 6
+4 +4 6 6
+4 -6 6 0 6 0 0 5 0 0 5
+4 +2 6
+8 +4 6 6 0 1 0 0 1
+4 -5 6 0 6 0 0 6 0 0 6
+7 +4 6
+4 +1 6
+4 * 6 0 6
+4 -1 6 0 6 0 0 2 0 0 2
+5 +1 6 0 6
cfi=(29)
cfn=(82)
calls=6 0x25120 210 
* * 77 19 13 2 1 8 2 1 8
+6 * 6 6
+4 +15 6 6
+4 -15 6 0 6 0 0 1 0 0 1
+4 +2 6 0 6
+8 +13 6 6
+3 * 6
jcnd=5/6 0xbb38 +4 
* * 
+6 +6 1 0 0 1 0 0 1
+4 +2 1 1 0 0 1 0 0 1
+9 * 1 0 1
+5 * 1 1
+4 * 1
+3 * 1
+3 * 1
+2 * 1 0 1
+8 +3 1 1
+7 * 1
jcnd=1/1 0xbb20 +1 
* * 
-41 -3 5 5 0 0 5 0 0 5
+9 * 5 0 5
+5 * 5 5
+4 * 5
+3 * 5
+3 * 5
+2 * 5 0 5
+8 +3 5 5
+7 * 5
jcnd=5/5 0xbb20 +1 
* * 
+6 +2 6 0 6 0 0 1 0 0 1
+8 +4 6 0 6
+5 +3 6
+2 * 6 0 0 1 0 0 1
jcnd=5/6 +59 +16 
* * 
+2 * 1
+8 * 1
+4 * 1
+7 * 1
+3 * 1
+7 * 1
fi=(4) /usr/src/debug/glibc/glibc/elf/../sysdeps/generic/ldsodefs.h
+2 1321 1
+3 * 1
+3 * 1
fe=(26)
+4 139 1
+4 * 1
+4 +2 1 0 1 0 0 1 0 0 1
+3 -2 1
+3 * 1
jfi=(4)
jcnd=1/1 -24 1321 
* * 
fi=(4)
-24 1321 15
+3 * 15
+3 * 15
fe=(26)
+4 139 15
+4 * 15
+4 +2 15 0 15 0 0 3 0 0 3
+3 -2 15
+3 * 15
jfi=(4)
jcnd=14/15 -24 1321 
* * 
+2 +16 6
+4 * 6 0 0 1 0 0 1
+7 -5 6 0 6 0 0 6 0 0 6
+12 +5 6
+4 -6 6
+8 +6 6 6 0 0 1 0 0 1
+4 -6 6 0 6
+8 +6 6
+3 * 6
jcnd=1/6 0xbb50 -2 
* * 
+6 +2 5
+7 * 5 0 5 0 0 3 0 0 3
+8 +3 5
+3 * 5
+6 -3 5
+5 * 5
+1 +7 5
+3 * 5 5
+7 * 5
+3 * 5
+2 +4 5
+7 * 5
+2 * 5
jcnd=5/5 0xbb70 * 
* * 
+6 +8 1 0 1 1 0 1 1 0 1
+3 +13 1 1
+4 -10 1
+8 * 1 0 1 1 0 0 1
+8 +10 1 1
+4 * 1
+3 * 1
jcnd=1/1 0xbb0e +74 
* * 
-27 * 5 5
+4 -10 5
+8 * 5 0 5 0 0 1 0 0 1
+8 +10 5 5
+4 * 5
+3 * 5
+6 +2 5 0 5
cfi=(22)
cfn=(62)
calls=5 0x27320 57 
* * 175 25
+5 +21 5
+3 -21 5
+3 * 5
+4 * 5 0 5
+4 +17 5
+3 -13 5
+4 * 5
+2 * 5
jfi=(28)
jump=5 0xbbb8 56 
* * 
0xbada +50 5 5 0 1 0 0 1
+4 * 5 5
+4 * 5 0 5
cfi=(29)
cfn=(134)
calls=5 0x25110 -48 
* * 73 17 12 0 0 2 0 0 2
+6 * 5
+8 +5 5
+3 * 5
+4 +1 5 5
+3 * 5
jcnd=5/5 -10 -1 
* * 
-10 -1 79
+3 * 79
+4 +1 79 79
+3 * 79
jcnd=74/79 -10 -1 
* * 
+2 +4 5
+3 * 5
+4 +1 5 0 5
+3 +3 5 0 5 0 0 1 0 0 1
+8 +4 5
+4 * 5
+3 * 5 5
+1 * 5 5
+2 * 5 5
+2 * 5 5
+2 * 5 5
+2 * 5 5
+1 * 5 5
-17 * 1
+4 * 1
+3 * 1 1
+1 * 1 1
+2 * 1 1
+2 * 1 1
+2 * 1 1
+2 * 1 1
+1 * 1 1
+1 131 6 0 6 1 0 6 1 0 6
+12 * 6
jump=6 0xb970 +1 
* * 
+12 -8 5
+3 -4 5 5
+4 * 5
jcnd=5/5 0xb941 +8 
* * 
+17 +34 1 0 0 1 0 0 1
+2 +7 1
+3 * 1
+6 * 1
+8 * 1
jump=1 0xba2e +16 
* * 
+13 +8 5 5
+8 * 5
+7 * 5 0 0 1 0 0 1
+3 * 5
jcnd=5/5 0xba31 +21 
* * 
fi=(28)
+54 56 5
+3 * 5 5 5
cfi=(27)
cfn=(78)
calls=5 0xb240 -20 
* * 150 35 35
+6 * 5
fe=(26)
+3 200 5
+3 * 5
+2 -1 5
+3 * 5
jump=5 0xbada +46 
* * 
+12 64 1 0 0 1 0 0 1
+7 * 1
jcnd=1/1 +73 +2 
* * 
+73 +2 1 1 0 1 0 0 1
+3 * 1
+2 * 1
+6 +1 1
+3 * 1
+6 +4 1 0 0 1 0 0 1
+7 * 1 0 1
+8 * 1
+5 * 1
+3 * 1 0 1
+4 * 1
+5 +6 1
+5 * 1
jump=1 0xb8cf +6 
* * 

fl=(42) /usr/src/debug/glibc/glibc/string/../sysdeps/x86_64/multiarch/../multiarch/memcmp-sse2.S
fn=(126) bcmp
0x24e40 59 1 0 0 1 0 0 1
+4 +12 1
+4 +1 1
+6 +22 1
+3 +1 1
jcnd=1/1 +47 +45 
* * 
+47 +45 1 1 0 1 0 0 1
+3 +1 1 1
+3 +2 1
+3 +1 1
+2 +2 1 1
+5 +1 1 1
+5 +2 1
+3 +1 1
jcnd=1/1 +24 +47 
* * 
+24 +47 1
+3 +1 1
+3 +1 1
+3 +1 1
+2 +1 1
+3 +1 1 1

fl=(75) /usr/src/debug/glibc/glibc/elf/../sysdeps/x86_64/dl-cet.c
fn=(268) dl_cet_check
0x153c0 269 1 0 1 1 0 0 1
+1 * 1
+3 * 1 0 1
+2 * 1 0 1
+2 * 1 0 1
+2 * 1 0 1
+2 * 1
+3 * 1 0 1
+1 * 1
+4 +16 1 1
+6 -10 1
+3 * 1
+2 +2 1 1
+6 * 1
+3 -1 1 0 1
+6 +6 1 1
+7 +3 1 0 1
+3 +8 1 0 0 1 0 0 1
+10 -11 1
+3 +1 1
+3 -1 1
+4 +1 1
+3 -1 1 0 1
+4 +1 1 0 1
+3 +10 1 1
+4 * 1
+2 * 1
+2 * 1
jcnd=1/1 0x1548d +25 
* * 
0x1548d +25 1 0 0 1 0 0 1
+4 * 1 1
+1 * 1 1
+2 * 1 1
+2 * 1 1
+2 * 1 1
+2 * 1 1
+1 * 1 1

fn=(266) _dl_cet_check
0x15710 361 1 0 0 1 0 0 1
+4 +1 1
cfn=(268)
calls=1 0x153c0 -93 
* * 36 11 10 3 0 0 3

fn=(618) _dl_cet_setup_features
0x15690 331 1 0 0 1 0 0 1
+4 +3 1
+2 * 1
jcnd=1/1 +42 +16 
* * 
+42 +16 1 1 0 1 0 0 1

fl=(50) /usr/src/debug/glibc/glibc/setjmp/../sysdeps/x86_64/setjmp.S
fn=(160) __sigsetjmp
0x24760 31 14 0 0 1 0 0 1
+4 +2 14 0 14
+3 +9 14
+3 +1 14 14
+7 * 14
+4 +1 14 0 14
+4 +4 14 0 14
+4 +1 14 0 14 1 0 0 1
+4 +1 14 0 14 0 0 1 0 0 1
+4 +1 14 0 14
+4 +1 14
+5 +2 14 14
+7 * 14
+4 +2 14 0 14 0 0 1 0 0 1
+4 +1 14 14
+4 +1 14
+1 +2 14 14
+7 * 14
+4 +2 14 0 14
+4 +8 14
+2 +3 14
+5 +1 14 0 14
+4 +7 14
+2 +1 14 14

fl=(29)
fn=(134)
0x25110 197 10
+4 +1 10
+3 +1 10
+3 +1 10
jump=10 +13 +17 
* * 
+13 +17 10
+4 +1 10
jcnd=4/10 +37 +90 
* * 
+2 +2 6 6 0 0 1
+3 +1 6
+4 +1 6
jcnd=1/6 0x251b0 392 
* * 
+2 +2 5 5
+5 +1 5 0 5 0 0 2 0 0 2
+3 +1 5 0 5 0 0 1 0 0 1
+5 +2 5 5
+13 +80 4
+3 +1 4
jcnd=2/4 +45 +55 
* * 
+2 +2 2
+3 +4 2
+2 +1 2
+3 +1 2
jcnd=2/2 +18 +8 
* * 
+18 +8 2 2
+17 +39 2 2 0 1 0 0 1
+5 +1 2 2
+3 +1 2 0 2
+3 +1 2 0 2
+5 +1 2 2
+1 +7 1 1
+5 +1 1 1
+5 +1 1 0 1
+3 +1 1 0 1
+4 +1 1 0 1
+5 +1 1 0 1
+5 +1 1 1
+4 +11 1
+7 +1 1
+2 +2 1 1
+4 +1 1
+4 +1 1
jcnd=1/1 -48 -22 
* * 

fn=(82)
0x25120 210 30 0 0 2 0 0 1
+4 +1 30
+3 +6 30
+4 +1 30
jcnd=8/30 +37 +90 
* * 
+2 +2 22 22
+3 +1 22
+4 +1 22
jcnd=8/22 0x251b0 392 
* * 
+2 +2 14 14
+5 +1 14 0 14 0 0 5 0 0 5
+3 +1 14 0 14 0 0 1 0 0 1
+5 +2 14 14
+13 +80 8 0 0 1 0 0 1
+3 +1 8
jcnd=7/8 +45 +55 
* * 
+2 +2 1
+3 +4 1
+2 +1 1
+3 +1 1
+2 +1 1 1 0 0 1 0 0 1
+2 +1 1
jcnd=1/1 +12 +4 
* * 
+12 +4 1 0 1 0 0 1 0 0 1
+2 +2 1 1
+17 +39 7 7 0 0 1
+5 +1 7 7
+3 +1 7 0 7 0 0 5 0 0 5
+3 +1 7 0 7 0 0 1 0 0 1
+5 +1 7 7
+1 +7 8 8
+5 +1 8 8
+5 +1 8 0 8 0 0 2 0 0 2
+3 +1 8 0 8 0 0 2 0 0 2
+4 +1 8 0 8 0 0 1 0 0 1
+5 +1 8 0 8
+5 +1 8 8
+4 +11 8
+7 +1 8
+2 +2 8 8
+4 +1 8 0 0 2 0 0 1
+4 +1 8
jcnd=8/8 -48 -22 
* * 

fl=(43)
fn=(138)
0x25310 137 9 0 0 1 0 0 1
+4 +1 9
+4 * 9
+3 * 9
+4 * 9
+4 * 9
+5 +5 9
+4 +1 9
jcnd=3/9 0x253b0 354 
* * 
+6 +3 6
+4 +1 6
jcnd=5/6 +20 +88 
* * 
+2 +2 1 0 1 0 0 1 0 0 1
+5 +1 1 0 1
+3 +1 1 1
+10 +84 5 0 5 1 0 4 1 0 4
+3 +1 5 0 5
+4 +12 5
+3 +3 5
+4 +1 5
+2 +12 5 0 5 0 0 3 0 0 3
+4 +1 5 0 5 0 0 2 0 0 2
+4 +13 5
+4 +1 5
+7 +2 5
jcnd=1/5 +43 +18 
* * 
+2 +3 4
+4 +3 4
+4 * 4
+9 +3 4 0 4
+3 +1 4 0 4
+4 +1 4 0 4 0 0 1 0 0 1
+4 +1 4 0 4 0 0 1 0 0 1
+4 +1 4
+4 +1 4
+3 +1 4
jcnd=4/4 -22 -6 
* * 
-22 -6 96 0 96 0 0 39 0 0 39
+3 +1 96 0 96
+4 +1 96 0 96 0 0 55 0 0 55
+4 +1 96 0 96 0 0 2 0 0 2
+4 +1 96
+4 +1 96
+3 +1 96
jcnd=92/96 -22 -6 
* * 
+2 +3 5 0 5 0 0 1 0 0 1
+3 +1 5 0 5 0 0 1 0 0 1
+4 +1 5 0 5
+4 +1 5 0 5 0 0 1 0 0 1
+4 +5 5 5
+9 +46 3 0 0 1 0 0 1
+5 +2 3
+3 +1 3
jcnd=3/3 +24 +39 
* * 
+24 +39 3 0 3 1 0 1 1 0 1
+3 +1 3 0 3
+5 +2 3 3

fl=(66) /usr/src/debug/glibc/glibc/misc/../sysdeps/unix/sysv/linux/setvmaname.c
fn=(222) __set_vma_name
0x24570 33 3 0 0 1 0 0 1
+4 +2 3 3
+6 * 3
+2 * 3
jcnd=1/3 +4 -2 
* * 
+2 * 2 2
+2 -2 1 0 1 1 0 0 1
+1 * 1
+3 * 1 0 1
+2 * 1
+3 +7 1
+2 -7 1 0 1
+2 * 1
+3 +7 1
+4 -7 1 0 1
+1 * 1
+3 +7 1
+5 -7 1
+4 +7 1 0 1 0 0 1 0 0 1
cfi=(11)
cfn=(28)
calls=1 0x13590 438 
* * 24 4 1 0 2 0 0 2
+5 * 1 1
+3 * 1
+2 * 1
jcnd=1/1 +45 +7 
* * 
+45 +7 1 0 1 1 0 0 1
+10 +2 1
+4 * 1 1
+1 * 1 1
+2 * 1 1
+2 * 1 1
+1 * 1 1

fl=(27)
fn=(74)
0xb390 80 17 0 0 1 0 0 1
+4 +4 17
+3 -4 17
+3 * 17
+3 * 17
+3 * 17
+3 +7 17
+3 +1 17
+4 * 17
+3 * 17
jfi=(28)
jcnd=17/17 +7 -32 
* * 
fi=(28)
+7 -32 17 17 0 0 2
cfi=(27)
cfn=(78)
calls=17 0xb240 -20 
* * 728 153 145 8 7 2 8 3 2
fe=(27)

fn=(78)
0xb240 36 39 0 0 1 0 0 1
+4 * 39 0 39
+1 * 39
+3 * 39 0 39
+2 * 39 0 39
+2 * 39 0 39 0 0 1 0 0 1
+1 * 39
+3 * 39
+4 +1 39 39 0 0 4 0 0 1
+7 * 39
+3 * 39
jcnd=1/39 0xb330 +6 
* * 
+6 +11 38 38 0 0 3
+7 * 38
+4 * 38
+4 +3 38
+4 -3 38 0 38
+7 +3 38
+3 * 38
jcnd=3/38 +47 +5 
* * 
-22 -3 1
+4 * 1
+4 +3 1
+4 -3 1 0 1
+7 +3 1 0 0 1 0 0 1
+3 * 1
+2 * 36
+3 * 36
+3 * 36
+3 * 36
+2 +19 39 0 39
+7 +1 39 0 39
+7 +2 39
+4 * 39 39
+1 * 39 39
+2 * 39 39
+2 * 39 39
+1 * 39 39
+10 -17 3 3
+7 * 3
+3 * 3
+5 * 3 0 0 1 0 0 1
+3 +1 3
+3 * 3
jcnd=3/3 +11 +2 
* * 
+11 +2 3
+4 +1 3
+3 * 3
+6 * 3
+2 * 3
+5 * 3
+5 * 3
+3 * 3 0 3
cfi=(58) /usr/src/debug/glibc/glibc/misc/../sysdeps/unix/sysv/linux/mmap64.c
cfn=(188) mmap
calls=3 0x24460 -13 
* * 78 12 9
+5 * 3
+3 +2 3
+4 * 3
+2 +2 3
+3 * 3
+7 * 3
+3 * 3 0 3
cfi=(66)
cfn=(222)
calls=3 0x24570 -31 
* * 61 15 7 3 2 1 3 2 1
+5 +1 3 3
+7 * 3
+3 * 3
jcnd=1/3 +66 +5 
* * 
+2 +2 2
+3 +4 2
+4 -4 2 0 2
+7 * 2
jump=2 0xb28e +3 
* * 
+10 -24 1 1 0 1 0 0 1
+7 -1 1
+7 +1 1 0 0 1 0 0 1
+5 +1 1
+3 * 1
+3 -2 1 0 1
+7 * 1
jump=1 0xb26b +6 
* * 
+8 +28 1 1
+7 -3 1
+3 * 1 0 1
+7 +4 1
+4 * 1
jump=1 0xb28e -1 
* * 

fn=(552) __minimal_free
0xb3d0 97 2 0 0 1 0 0 1
+4 +2 2 2
+7 * 2
+3 * 2
+2 * 2 2

fl=(171) /usr/src/debug/glibc/glibc/elf/./dl-find_object.h
fn=(568) _dl_find_object_from_map
0x23100 95 7 7 0 1 3 0 1
+7 * 7 0 7 0 0 2 0 0 1
+3 +1 7 7
+7 * 7 0 7
+4 +1 7 0 7 0 0 3 0 0 3
+4 +6 7 7 0 0 5
+7 * 7 7 0 0 2
+7 * 7
+8 * 7
+3 * 7
+4 +1 7
+3 * 7
jcnd=7/7 +16 +1 
* * 
+7 * 66
+4 * 66
+3 * 66
+2 +1 73 73 0 1 61 0 1 8
+6 * 73
jcnd=66/73 -15 -1 
* * 
+2 +2 7 7 0 0 1
+3 * 7 7 0 0 3
+4 * 7 0 7
+4 +5 7 7

fl=(52) /usr/src/debug/glibc/glibc/string/strdup.c
fn=(172) strdup
0x272c0 40 5 0 0 1 0 0 1
+4 * 5 0 5
+1 * 5
+3 * 5 0 5
+2 * 5 0 5
+1 * 5
+3 +1 5 0 5
cfi=(22)
cfn=(62)
calls=5 +82 +16 
* * 175 25 0 1 0 0 1
+5 * 5
fi=(353) /usr/src/debug/glibc/glibc/string/../include/rtld-malloc.h
+4 +15 5
+3 * 5 5 5
cfi=(27)
cfn=(78)
calls=5 0xb240 -20 
* * 150 35 35
fe=(52)
+6 -12 5
+3 * 5
+2 +3 5
+3 * 5
+3 * 5
+3 +1 5 5
+1 * 5 5
+2 * 5 5
+1 -1 5
cfi=(29)
cfn=(82)
calls=5 0x25120 210 
* * 63 17 12 0 0 4 0 0 4

fl=(49) /usr/src/debug/glibc/glibc/elf/dl-catch.c
fn=(158) _dl_catch_exception
0x2360 208 14 0 0 1 0 0 1
+4 * 14 0 14
+1 * 14
+3 * 14 0 14
+1 * 14
+7 * 14 0 14 0 0 2 0 0 2
+7 58 14 14 0 0 1 0 0 1
+7 208 14 0 14 1 0 0 1
+7 * 14 0 14
+7 +3 14
+3 * 14
+6 +21 14 14
+7 +1 14
+7 * 14 0 14 0 0 2 0 0 2
+7 -1 14 0 14
+7 58 14
+2 * 14
jcnd=14/14 0x2440 +1 
* * 
+38 239 14 0 0 1 0 0 1
+7 * 14
+2 * 14 0 14
cfi=(50)
cfn=(160)
calls=14 0x24760 31 
* * 336 70 126 2 0 2 2 0 2
+5 * 14
+4 * 14
+2 * 14
+6 +2 14 14
+7 * 14 14 0 1 0 0 1
+7 * 14 0 14
cfi=(63) /usr/src/debug/glibc/glibc/elf/dl-deps.c
cfn=(208) openaux
calls=13 0x36c0 61 
* * 25587 5180 2327 83 195 201 83 195 200
cfi=(2) /usr/src/debug/glibc/glibc/elf/rtld.c
cfn=(162) map_doit
calls=1 0x1d700 641 
* * 2642 582 301 100 36 32 100 36 32
+2 69 14 14
+7 +1 14 14
+7 -1 14
+2 +1 14 0 14
+7 243 14 14
+7 * 14
+4 * 14 0 14
+8 * 14 0 14
+3 -25 14
+2 +34 14 14
+4 * 14 14
+1 * 14 14
+9 59 14 14 0 1 0 0 1
+7 * 14 0 14
+7 +11 14
+7 * 14 0 14
+7 * 14
jump=14 0x23d9 239 
* * 

fn=(156) _dl_catch_error
0x2530 258 1 0 0 1 0 0 1
+4 * 1 0 1
+1 * 1
+3 * 1 0 1
+2 * 1
+3 * 1 0 1
+2 +2 1 0 0 1 0 0 1
+4 -2 1
+3 * 1
+3 * 1 0 1
+1 * 1
+3 * 1
+3 * 1
+4 +2 1 0 1
cfn=(158)
calls=1 0x2360 -52 
* * 2709 598 324 107 37 35 107 37 35
+5 +1 1 1
+4 * 1 0 1
+4 +1 1 1
+4 +1 1 1
+4 -1 1 0 1
+4 +1 1 0 1
+3 +2 1
+4 * 1 1
+1 * 1 1
+2 * 1 1
+2 * 1 1
+1 * 1 1

fn=(236) _dl_receive_error
0x22c0 190 1 0 0 1 0 0 1
+4 * 1 0 1
+1 58 1 1
+7 190 1
+3 * 1
+3 * 1
+3 * 1 0 1
+2 +2 1 1
+7 -2 1 0 1
+1 58 1
+2 +1 1 1
+7 +11 1 0 1
+11 196 1 0 1
+7 +2 1 0 1
cfi=(2)
cfn=(238) version_check_doit
calls=1 0x1de90 674 
* * 25579 7789 1608 46 127 78 46 121 75
+2 69 1 1 0 1 0 0 1
+7 * 1
+2 +1 1 0 1
+7 202 1 1
+1 -1 1 0 1
+7 +1 1 1
+2 * 1 1
+1 * 1 1

fl=(176) /usr/src/debug/glibc/glibc/elf/dl-call-libc-early-init.c
fn=(590) _dl_call_libc_early_init
0x1f00 27 1 0 0 1 0 0 1
+4 +2 1
+3 * 1
+2 -2 1 0 1
+1 +6 1
+6 * 1
+5 * 1
+7 -6 1
+3 * 1 0 1
+2 * 1
+3 +6 1
+7 -6 1 0 1
+1 * 1
+3 +6 1 0 1
cfi=(173) /usr/src/debug/glibc/glibc/elf/dl-lookup-direct.c
cfn=(578) _dl_lookup_direct
calls=1 0xb090 +41 
* * 254 55 19 0 11 0 0 5
+5 +4 1
+3 * 1
+6 +2 1 1 0 1 0 0 1
+5 * 1
+2 * 1 1
+3 +2 1 1
+1 -1 1
+4 -1 1 1
+4 +2 1 1
+2 * 1 1
+1 -1 1
cob=(2)
cfi=(177)
cfn=(592)
calls=1 0x169270 -6 
* * 356 83 42 17 25 5 17 16 5

fl=(67) /usr/src/debug/glibc/glibc/io/../sysdeps/unix/sysv/linux/pread64_nocancel.c
fn=(226) __pread64_nocancel
0x24310 25 2 0 0 1 0 0 1
+4 * 2
+3 +1 2
+5 * 2
+2 * 2
+6 * 2
+2 +1 2 2

fl=(16) /usr/src/debug/glibc/glibc/elf/../sysdeps/x86/cpu-features.c
fn=(36) init_cpu_features.constprop.0
0x16e10 751 1 0 1 1 0 0 1
+1 +23 1
+2 -23 1
+3 * 1 0 1
+2 * 1 0 1
+2 * 1 0 1
+2 * 1 0 1
+2 * 1 0 1
+1 * 1
+7 +3 1 0 1
+7 +9 1 0 1 0 0 1 0 0 1
+10 -8 1 0 1
+7 +1 1 0 1 1 0 0 1
+7 +9 1 0 1 0 0 1 0 0 1
+11 +9 1
+2 * 1 0 1
+6 +3 1
+6 * 1
+6 * 1
+6 * 1
+6 * 1
+6 * 1
+6 +6 1
+4 * 1 0 0 1 0 0 1
+4 * 1
+4 * 1
+4 * 1
+3 * 1 0 1
cfn=(38) get_common_indices.constprop.0
calls=1 0x15d30 467 
* * 74 10 23 7 0 3 7 0 3
+5 445 1
+5 * 1
+2 * 1
+2 +1 1
+5 * 1
+2 +1 1
+5 * 1
+2 * 1 0 1
+6 * 1 0 1
+6 * 1 0 1
+6 * 1 0 1 1 0 0 1
+6 +5 1
+6 * 1
jcnd=1/1 0x17f40 +1 
* * 
+6 788 1 0 1
cfn=(42) update_active.constprop.0
calls=1 0x16720 87 
* * 211 42 38 21 1 2 21 1 2
+5 +4 1 1
fi=(20) /usr/src/debug/glibc/glibc/elf/../sysdeps/x86/dl-cacheinfo.h
+6 1048 1 1
fe=(16)
+6 795 1 1
+3 +2 1 1
+3 -4 1
fi=(20)
+3 1048 1 0 1
fe=(16)
+6 1151 1 1
+3 793 1
+7 1141 1 1
+7 793 1 0 1 1 0 0 1
+7 * 1
+3 +2 1
+3 * 1
jcnd=1/1 0x18058 +2 
* * 
fi=(20)
+6 966 1 1
+7 * 1 1
+7 * 1
fe=(16)
+6 +7 1 1
+7 * 1
+2 +2 1
+7 * 1 0 1
+7 +4 1 0 0 1 0 0 1
+7 * 1
+6 +6 1 1
+7 * 1
jcnd=1/1 +16 1141 
* * 
+16 1141 1
+3 781 1
+6 1141 1
fi=(20)
+6 999 1
+2 * 1
+3 * 1
+3 * 1 0 1
+6 * 1 0 0 1 0 0 1
+4 * 1 0 1
fe=(16)
+4 778 1
jump=1 0x17026 1133 
* * 
0x17026 1133 1 1 0 1 0 0 1
+6 * 1
+3 * 1
+2 +1 1
+4 * 1 0 1
+7 +3 1
+3 * 1 0 0 1 0 0 1
+2 +1 1
+4 * 1 0 1
+7 +3 1
+2 * 1
jcnd=1/1 +16 +7 
* * 
+16 +7 1 0 1
+7 +1 1 0 1
+6 +1 1 0 1
+6 +1 1 0 1
fi=(20)
+6 834 1 0 1
+8 +1 1 0 1 1 0 0 1
+8 +1 1 0 1
+7 +14 1
+4 * 1
jcnd=1/1 0x177a0 +2 
* * 
0x17142 953 1 1 0 1 0 0 1
+7 +16 1
+3 -11 1 0 1
+7 +6 1 0 1
+7 -2 1 1
+7 +7 1
+5 -16 1 0 1 0 0 1 0 0 1
+7 +1 1 1
+7 +15 1
+4 +31 1 1
+7 -41 1 0 1 1 0 0 1
+7 -5 1 0 1
+7 +1 1 1
+7 +5 1 0 1
+7 -5 1 0 1
+7 +1 1 1
+7 +5 1 0 1
+7 -5 1 0 1
+7 +1 1 1
+7 +5 1 0 1 1 0 0 1
+7 -5 1 0 1
+7 +6 1 0 1
+7 +37 1
+2 -17 1 1
+4 * 1
+2 * 1
+3 +8 1
+3 * 1
+4 +29 1
+10 * 1
+5 * 1
+3 * 1
+4 * 1 0 0 1 0 0 1
+7 * 1
+4 +9 1
+7 * 1
jcnd=1/1 0x17670 +6 
* * 
+47 +20 1 0 0 1 0 0 1
+5 * 1 1
+7 +13 1
+3 * 1
+5 -13 1
+4 +6 1
+4 * 1
+4 +7 1
+2 * 1 0 1
cfi=(11)
cfn=(28)
calls=1 0x13590 438 
* * 23 4 1 0 2 0 0 2
+5 * 1 1
+4 +5 1
+3 * 1
+5 -3 1
+3 * 1 1
+8 +3 1
+2 * 1 0 1 1 0 0 1
cfi=(11)
cfn=(28)
calls=1 0x13590 438 
* * 23 4 1 0 2 0 0 2
+5 * 1 1
+4 +2 1
+3 * 1
jcnd=1/1 +17 +6 
* * 
+17 +6 1 1
+7 * 1
+7 +4 1
+3 * 1
+5 -4 1
+4 +4 1
+2 * 1 0 1
cfi=(11)
cfn=(28)
calls=1 0x13590 438 
* * 23 4 1 0 2 0 0 2
+5 * 1 1
+4 +1 1 0 0 1 0 0 1
+10 -1 1 0 1
+7 +1 1 0 1
+7 * 1
+6 * 1
+3 * 1
+2 +55 1 0 1
+7 * 1 0 1
+7 -51 1
+2 * 1
+3 * 1
+5 * 1 0 1
cfi=(11)
cfn=(28)
calls=1 0x13590 438 
* * 23 4 1 0 2 0 0 2
+5 * 1 1 0 1 0 0 1
+4 +1 1
+10 * 1
+7 * 1 0 1
+7 * 1
+3 * 1
+2 +37 1 0 1
+7 * 1
+3 -33 1
+2 * 1
+3 * 1
+5 * 1 0 1
+7 * 1 0 1
cfi=(11)
cfn=(28)
calls=1 0x13590 438 
* * 23 4 1 0 2 0 0 2
+5 * 1 1 0 1 0 0 1
+4 +1 1 1
+7 * 1 1
+7 * 1 0 1
+7 * 1
+2 +48 1 0 1
+7 * 1
+3 -42 1
+2 * 1
+3 * 1
+5 * 1 0 1
+7 * 1 0 1
cfi=(11)
cfn=(28)
calls=1 0x13590 438 
* * 23 4 1 0 2 0 0 2
+5 +2 1 1 0 1 0 0 1
+7 -2 1 1
+4 +2 1 1
+7 * 1
+6 +24 1 0 1
+4 * 1
+4 * 1 1
+4 * 1
+3 * 1
+3 * 1
+5 * 1 0 1
+8 * 1 0 1
+8 * 1 0 1 1 0 0 1
+8 * 1 0 1
cfi=(11)
cfn=(58) __GI___tunable_set_val
calls=1 0x12f20 162 
* * 45 7 4 6 0 0 6
+5 +6 1 1
+7 * 1
+6 +3 1 1
+4 * 1
+3 * 1
+3 * 1
+5 * 1 0 1
+8 * 1 0 1
+8 * 1 0 1
+8 * 1 0 1
+4 * 1 0 1 1 0 0 1
cfi=(11)
cfn=(58)
calls=1 0x12f20 162 
* * 45 7 4
+5 +2 1 1
+4 * 1
+3 * 1
+3 * 1
+5 * 1 0 1
+8 * 1 0 1
+8 * 1 0 1
+8 * 1 0 1
+4 * 1 0 1
cfi=(11)
cfn=(58)
calls=1 0x12f20 162 
* * 45 7 4
+5 +1 1 1
+4 * 1
+3 * 1
+3 * 1 1 0 1 0 0 1
+7 * 1
+5 * 1 0 1
+8 * 1 0 1
+8 * 1 0 1
+4 * 1 0 1
+8 * 1 0 1
cfi=(11)
cfn=(58)
calls=1 0x12f20 162 
* * 45 7 4
+5 +1 1 1
+4 * 1
+3 * 1
+3 * 1
+10 * 1 0 0 1 0 0 1
+5 * 1 0 1
+8 * 1 0 1
+4 * 1 1
+7 * 1 0 1
+8 * 1 0 1
+4 * 1 0 1
cfi=(11)
cfn=(58)
calls=1 0x12f20 162 
* * 45 7 4
+5 +3 1 1
+4 * 1
+3 * 1
+3 * 1 1
+7 * 1
+5 * 1 0 1 1 0 0 1
+4 * 1 0 1
+8 * 1 0 1
+4 * 1 0 1
+8 * 1 0 1
cfi=(11)
cfn=(58)
calls=1 0x12f20 162 
* * 45 7 4
+5 +9 1 1
fe=(16)
+4 +8 1
+3 * 1
fi=(20)
+2 -6 1 1
fe=(16)
+7 +6 1
fi=(20)
+7 -9 1 0 1
+7 +1 1 0 1
+7 +1 1 1 0 1 0 0 1
+7 +1 1 0 1
+7 +1 1 1
+7 -2 1 0 1
+7 +4 1 0 1
+7 -2 1 0 1
+7 +1 1 0 1
fe=(16)
+7 +4 1 0 1
cfi=(11)
cfn=(28)
calls=1 0x13590 438 
* * 22 3 1 1 2 0 1 2
+5 +3 1
+7 * 1
+3 * 1 0 0 1 0 0 1
+5 * 1 0 1
cfi=(11)
cfn=(28)
calls=1 0x13590 438 
* * 24 4 1
+5 +6 1 1
+6 +4 1 1
+6 -4 1
+5 * 1
jcnd=1/1 0x176a0 +13 
* * 
+97 +54 1 1 0 1 0 0 1
+7 -1 1 0 1
+11 +1 1
jcnd=1/1 0x176e8 +4 
* * 
+6 +45 1
+7 * 1
+3 * 1
+5 * 1 0 1
cfi=(11)
cfn=(28)
calls=1 0x13590 438 
* * 22 3 1 0 2 0 0 2
+5 +2 1
+7 * 1
+3 * 1
+5 * 1 0 1
cfi=(11)
cfn=(28)
calls=1 0x13590 438 
* * 22 3 1 0 1 0 0 1
+5 +4 1 1 0 1 0 0 1
+8 * 1
+7 * 1
+7 * 1
+2 +3 1
+7 * 1
+7 * 1 1
+7 * 1
+2 * 1
+7 * 1
+7 +3 1 0 1 0 0 1 0 0 1
+7 +35 1
+3 * 1
+7 * 1
+5 -32 1 0 1
+7 +32 1 0 1
cfi=(11)
cfn=(28)
calls=1 0x13590 438 
* * 24 4 1 0 2 0 0 2
+5 +7 1
+7 * 1 1
+1 * 1 1
+2 * 1 1
+2 * 1 1
+2 * 1 1
+2 * 1 1
+1 * 1 1
fi=(20)
+5 1035 1 0 0 1 0 0 1
+7 * 1
+2 * 1 0 1 1 0 0 1
+11 +3 1
+6 +1 1 0 1
+11 * 1
jump=1 0x1723c +10 
* * 
fe=(16)
+11 1177 1
+2 +1 1
+3 -1 1
+6 +1 1
+2 * 1
jcnd=1/1 0x175bb +40 
* * 
+59 +44 1 1 0 1 0 0 1
+6 * 1
+5 * 1
jcnd=1/1 +61 +17 
* * 
+23 +27 1 0 1
+7 * 1
jump=1 0x175d3 +14 
* * 
+31 -10 1 0 0 1 0 0 1
+2 * 1
+6 +1 1 1
+6 * 1 0 0 1 0 0 1
+3 * 1
+6 +2 1
+2 * 1
+5 * 1
+6 +1 1 1
+7 * 1
+6 +2 1
+2 +1 1
+7 -1 1
+6 * 1
+6 * 1
jump=1 0x1770a +4 
* * 
fi=(20)
+42 852 1 0 0 1 0 0 1
+5 * 1 0 1
+7 * 1 0 1
cfn=(50) handle_intel.constprop.0
calls=1 0x16630 255 
* * 462 51 21 13 6 0 13 6
+5 +1 1
+5 -1 1 0 1
+7 +1 1 0 1 1 0 0 1
cfn=(50)
calls=1 0x16630 255 
* * 529 51 21
+5 +4 1
+5 -4 1
+3 * 1 0 1
+4 +1 1 0 1
+4 +3 1 0 1
cfn=(50)
calls=1 0x16630 255 
* * 479 51 21
+5 +2 1
+5 -2 1 0 1
+7 +2 1 0 1
cfn=(50)
calls=1 0x16630 255 
* * 471 51 21
+5 +3 1
+5 -3 1 0 1
+7 +1 1 1
+7 * 1 0 1 1 0 0 1
+7 +2 1 0 1
cfn=(50)
calls=1 0x16630 255 
* * 453 51 21
+5 +2 1
+5 -2 1 0 1
+7 +2 1 0 1
cfn=(50)
calls=1 0x16630 255 
* * 454 51 21
+5 +2 1
+5 -2 1 0 1
+7 +2 1 0 1
cfn=(50)
calls=1 0x16630 255 
* * 504 51 21
+5 +2 1
+5 -2 1 0 1
+4 +2 1 0 1
cfn=(50)
calls=1 0x16630 255 
* * 495 51 21
+5 +2 1
+5 -2 1 0 1 1 0 0 1
+7 +2 1 0 1
cfn=(50)
calls=1 0x16630 255 
* * 496 51 21
+5 +3 1
+5 -2 1 0 1
+7 -1 1 0 1
+7 +3 1 0 1
cfn=(50)
calls=1 0x16630 255 
* * 520 51 21
+5 +2 1
+5 -2 1 0 1
+7 +2 1 0 1
cfn=(50)
calls=1 0x16630 255 
* * 521 51 21
+5 +2 1
+5 -2 1
+3 +2 1 0 1
cfn=(50)
calls=1 0x16630 255 
* * 522 51 21
+5 +2 1 1 0 1 0 0 1
+4 * 1
+4 * 1
+4 * 1
+4 -2 1 0 1
+7 +2 1 0 1
+7 * 1 0 1
cfn=(56) get_common_cache_info.constprop.0
calls=1 0x15ed0 613 
* * 238 25 20 14 0 0 14
+5 990 1 1
+4 -6 1 1
+4 * 1 1
+7 * 1 1
+7 +6 1
+4 -6 1 0 1 1 0 0 1
+7 * 1 1
+7 +6 1
+3 * 1
+4 -6 1 0 1
+4 * 1 1
+7 +6 1
+4 * 1 1
+7 * 1 1
+7 -1 1
+4 * 1
jump=1 0x17142 -36 
* * 
fe=(16)
0x17f40 453 1 0 0 1 0 0 1
+5 * 1
+2 * 1 0 1 0 0 1 0 0 1
+6 * 1 0 1
+6 * 1 0 1
+6 * 1 0 1
+6 +5 1
+6 * 1
+6 +1 1
+5 * 1
+2 * 1 0 1
+6 * 1 0 1
+6 * 1 0 1 1 0 0 1
+6 * 1 0 1
+6 * 1
jump=1 0x16ecf 788 
* * 
0x18058 797 1 1 0 1 0 0 1
+3 * 1
+4 * 1 0 1
+3 * 1
+3 * 1
+7 * 1
+6 * 1
+7 * 1 1 0 0 1 0 0 1
+5 +4 1 0 0 1 0 0 1
+4 * 1
+6 * 1
+7 * 1
+4 * 1 1 0 0 1 0 0 1
+4 * 1
+3 * 1
jump=1 0x18112 +78 
* * 
0x18112 +78 1 0 1 1 0 0 1
+11 -25 1 1
+7 * 1
jcnd=1/1 0x18340 +7 
* * 
+12 954 1
+4 * 1
+6 +3 1 0 0 1 0 0 1
+7 * 1 0 1
+7 +10 1
+3 * 1
jfi=(20)
jump=1 0x16f13 -1 
* * 
0x18340 861 1 0 0 1 0 0 1
+3 * 1
+3 * 1 0 1
+6 +59 1
+4 * 1
jcnd=1/1 0x18130 +34 
* * 

fn=(38)
0x15d30 467 1 0 1 1 0 0 1
+1 * 1
+3 * 1 0 1
+1 +4 1
+3 * 1
+2 * 1
+3 * 1
+3 +3 1 0 0 1 0 0 1
+5 * 1
+2 * 1 0 1 0 0 1 0 0 1
+6 +5 1
+2 * 1
+3 -5 1 0 1
+6 +5 1
+3 -5 1 0 1
+6 +4 1 0 1
+6 +1 1 0 1
+2 +1 1
+2 * 1
+3 * 1
+3 * 1 0 1
+2 +1 1
+2 * 1
+3 * 1
+6 * 1 0 1 1 0 0 1
+3 +1 1
+2 * 1
+3 * 1 0 1
+3 +1 1 1
+3 * 1
+6 +7 1 1
+7 * 1
+6 +2 1
+6 * 1
+2 * 1
+3 * 1
+2 * 1
+2 +5 1
+5 -5 1 0 1
+6 +5 1
+3 -5 1 0 1 1 0 0 1
+6 +5 1
+2 -5 1 0 1
+6 * 1 0 1
+6 +5 1
+2 +7 1 1
+7 -7 1 0 1 0 0 1 0 0 1
+6 * 1 0 1
+6 * 1 0 1
+6 * 1 0 1
+6 +7 1
+2 +1 1
+5 * 1
+2 * 1
+2 +6 1 1 0 1 0 0 1
+7 -6 1 0 1 0 0 1 0 0 1
+6 * 1 0 1
+6 * 1 0 1
+6 * 1 0 1
+6 +6 1
jfi=(17) /usr/src/debug/glibc/glibc/elf/../sysdeps/unix/sysv/linux/x86/dl-minsigstacksize.h
jcnd=1/1 +77 24 
* * 
fi=(17)
+77 24 1 1 0 1 0 0 1
+8 * 1
+2 +3 1 1
+7 * 1
+2 +1 1 1 0 1 0 0 1
+7 * 1
+2 +37 1
+5 * 1
+2 * 1
+2 +7 1
+6 +2 1 0 1
fe=(16)
+7 526 1 1
+4 * 1 1
+1 * 1 1

fn=(42)
0x16720 87 1 0 1 1 0 0 1
+1 * 1
+3 * 1 0 1
+2 * 1 0 1
+2 * 1 0 1
+2 * 1 0 1
+2 * 1 0 1
+1 * 1
+7 +4 1 1
+6 +28 1 1 0 1 0 0 1
+7 +9 1 1
+7 -27 1 1
+6 -1 1
+2 -1 1
+2 +25 1
+3 -14 1 1
+7 -10 1
+6 -1 1
+6 * 1 1
+6 +25 1
+7 -24 1
+2 +1 1 0 1 0 0 1 0 0 1
+6 +17 1
+3 -9 1 0 0 1 0 0 1
+5 +15 1
+3 +3 1
+3 -18 1 1
+6 +9 1
+6 +9 1
+6 * 1 1
+6 -9 1 1
+6 -9 1 0 1
+6 +18 1 0 1
+6 * 1
+3 +4 1
+3 * 1 0 0 1 0 0 1
+6 * 1 1
+6 -7 1 0 1
+7 +7 1 0 1 0 0 1 0 0 1
+6 * 1 0 1
+6 +1 1 1
+6 +12 1 1
+7 -8 1
+2 -4 1 0 1
+6 +7 1 1
+6 -3 1
+6 * 1 1 0 1 0 0 1
+6 * 1 0 1
+6 * 1
+3 +1 1 1
+6 +6 1
+3 -4 1 0 1
+6 +6 1 1 0 0 1 0 0 1
+6 -2 1
+7 -6 1
+6 * 1 0 1
+6 +1 1 1
+6 +7 1
+3 * 1 0 1 1 0 0 1
+6 +3 1
+3 -5 1 1
+7 -5 1
+6 +10 1
+6 -10 1 0 1
+6 +6 1
+3 * 1
+6 +4 1
+2 -4 1 1
+6 +4 1
+7 * 1
+3 -5 1 0 1
+7 +1 1 0 1 1 0 0 1
+6 +4 1 0 1
+6 +14 1
+2 * 1
+6 -2 1 0 1
+10 +6 1
+3 * 1
+6 * 1
+2 * 1 0 1
+6 * 1 0 1
+6 +1 1
+2 * 1
+3 * 1 0 1
+6 +2 1 0 0 1 0 0 1
+2 * 1
+2 * 1
jcnd=1/1 0x16b80 +4 
* * 
+6 +91 1 1
+6 -1 1
+2 * 1
jcnd=1/1 0x16940 +17 
* * 
0x16940 +17 1 1 0 1 0 0 1
+6 * 1
+2 * 1
+5 * 1
+6 +16 1 1
+7 * 1
jcnd=1/1 +16 +4 
* * 
+16 +4 1 0 1
+10 +1 1 1
+6 +3 1
+3 * 1 0 0 1 0 0 1
+4 * 1 1
+7 * 1 0 1
+7 +4 1
+3 * 1
jcnd=1/1 0x16a10 +4 
* * 
fi=(18) /usr/src/debug/glibc/glibc/elf/../sysdeps/x86/get-isa-level.h
+2 31 1 1
fe=(16)
+6 425 1
+4 * 1
jcnd=1/1 +9 +4 
* * 
+9 +4 1 1
+6 * 1
+3 * 1
jfi=(19) /usr/src/debug/glibc/glibc/elf/../sysdeps/unix/sysv/linux/x86/dl-hwcap2.h
jcnd=1/1 +35 25 
* * 
fi=(19)
+35 25 1 1 0 1 0 0 1
+7 * 1
jfi=(18)
jcnd=1/1 +13 +5 
* * 
fi=(18)
+13 +5 1
+2 -2 1
+2 +2 1
+2 * 1
+3 * 1
jcnd=1/1 0x16b58 +2 
* * 
fe=(16)
+6 438 1 0 1
+6 +1 1
+7 * 1 1
+1 * 1 1
+2 * 1 1
+2 * 1 1
+2 * 1 1
+2 * 1 1
+1 * 1 1
+3 308 1 0 0 1 0 0 1
+5 * 1
+2 * 1
+2 +1 1
+2 * 1
+6 +5 1
+6 -1 1
+3 +9 1
+3 -5 1
+2 +2 1 0 1
+6 -2 1 0 1
+7 +5 1 0 0 1 0 0 1
jfi=(18)
jcnd=1/1 0x16994 31 
* * 
fi=(18)
0x16b58 32 1 1 0 1 0 0 1
+6 * 1
+3 * 1
+6 +4 1
+2 * 1
+5 * 1
jcnd=1/1 0x16d38 +3 
* * 
fe=(16)
+18 173 1 0 0 1 0 0 1
+6 * 1
+2 +3 1
+7 +3 1
+4 * 1
jcnd=1/1 0x16dd0 +7 
* * 
+6 +14 1 1
+6 +2 1 1
+6 +10 1
+6 -30 1 0 1
+10 +30 1
+3 -12 1
+5 +12 1 0 1 1 0 0 1
+6 -12 1
+3 * 1 0 1
+6 +2 1
+3 * 1
+3 * 1
+2 * 1 0 1
+6 +6 1
+3 * 1
+5 * 1
+3 * 1 0 1
+6 +2 1 1
+6 * 1
+5 * 1
+3 * 1 0 1
+6 +7 1 1 0 1 0 0 1
+6 * 1
+2 * 1
+2 * 1
jcnd=1/1 0x168c9 +50 
* * 
fi=(18)
0x16d38 39 1 1 0 1 0 0 1
+6 * 1 0 0 1 0 0 1
+3 * 1
+6 +1 1 1
+6 * 1
+2 * 1
+3 * 1
+6 -2 1
+2 +7 1
+2 * 1
+2 * 1
+6 * 1
+6 +2 1
+5 +1 1
+5 * 1
+6 +3 1 1
+6 * 1 0 0 1 0 0 1
+2 * 1
+2 * 1
+6 * 1
+6 +2 1
+2 * 1
+2 * 1
+6 * 1
+6 +1 1
+3 * 1
+2 +1 1
+5 * 1
+2 +3 1
+2 -1 1
+5 +1 1
+2 * 1
+5 * 1
jfi=(16)
jcnd=1/1 0x169f6 438 
* * 
fe=(16)
+22 186 1 0 1 1 0 0 1
+10 -5 1
+3 * 1 0 1
+6 +4 1
jump=1 0x16b99 +8 
* * 

fl=(62) /usr/src/debug/glibc/glibc/io/../sysdeps/unix/sysv/linux/access.c
fn=(204) access
0x24020 25 1 0 0 1 0 0 1
+4 +2 1
+5 * 1
+2 * 1
+6 * 1
jcnd=1/1 +7 * 
* * 
+7 * 1
+2 * 1 0 1
+6 * 1
+5 +4 1 1

fl=(335)
fn=(1344)
0x15280 29 2 0 0 1 0 0 1
+4 +1 2 2
+9 +1 2 2 0 0 1
+7 +2 2 2 0 0 1
+3 +1 2
+2 +1 2 2 0 0 1
+3 +3 2
+4 +1 2 2 0 0 1
+4 +4 2
+4 +1 2
+2 +1 2 2
+4 +1 2 2

fl=(14) /usr/src/debug/glibc/glibc/elf/../sysdeps/unix/sysv/linux/brk.c
fn=(30) brk
0x22390 36 1 0 0 1 0 0 1
fi=(354) /usr/src/debug/glibc/glibc/elf/../sysdeps/unix/sysv/linux/brk_call.h
+4 -12 1
+5 * 1
fe=(14)
+2 +13 1 0 1 0 0 1 0 0 1
+7 +1 1
+3 * 1
+2 +6 1
+2 +1 1 1

fl=(30) /usr/src/debug/glibc/glibc/elf/dl-load.c
fn=(174) open_verify.constprop.0
0x56d0 1521 5 0 5 1 0 0 1
+1 * 5
+3 * 5 0 5
+2 * 5 0 5
+2 * 5
+3 * 5 0 5
+2 * 5 0 5
+2 * 5 0 5
+1 * 5
+3 * 5
+4 +32 5 5
+6 -32 5 0 5
+4 * 5 0 5
+4 +32 5
+2 * 5
+6 +19 5 0 0 1 0 0 1
+5 * 5
+3 * 5
+2 * 5 0 5
cfi=(53) /usr/src/debug/glibc/glibc/io/../sysdeps/unix/sysv/linux/open64_nocancel.c
cfn=(176) __open_nocancel
calls=5 0x242a0 28 
* * 100 10 10 2 0 0 2
+5 * 5
+3 +2 5
+3 * 5
+6 +8 5 0 5
+10 +1 5
+2 * 5
+4 +5 5
+6 -5 5 0 5
+7 +5 5
+3 * 5
+4 * 5
+3 * 5 0 0 1 0 0 1
+3 * 5
+3 * 5 0 5
cfi=(54) /usr/src/debug/glibc/glibc/io/../sysdeps/unix/sysv/linux/read_nocancel.c
cfn=(178) __read_nocancel
calls=5 0x24340 25 
* * 30 5 0 1 0 0 1
+5 +4 5 5
+3 -2 5
+3 * 5
+2 +2 5
+3 * 5 0 5
+3 +2 5
+4 * 5
+2 +6 5
+4 * 5
+6 +15 5
+10 * 5 5
+4 * 5
jcnd=3/5 0x5940 * 
* * 
+6 * 5 5 0 1 1 0 1 1
+5 * 5
+2 * 5
+6 * 5 5
+4 * 5
+2 * 5
+2 * 5 5
+4 * 5
+2 * 5
jcnd=5/5 +65 * 
* * 
+65 * 5 0 0 1 0 0 1
+3 +62 5 5
+5 * 5
+2 +5 5 5
+6 * 5
+2 +6 5 5
+5 * 5
+3 * 5
+4 * 5
+6 +6 5 5 0 1 1 0 1 1
+6 * 5
+6 +6 5 5
+5 +1 5 5
+4 -1 5
+8 * 5
+3 * 5
+4 +1 5
+5 * 5
+3 * 5
jcnd=1/5 +88 +4 
* * 
+2 +26 5
+4 * 5
+3 * 5 5
+1 * 5 5
+2 * 5 5
+2 * 5 5
+2 * 5 5
+2 * 5 5
+1 * 5 5
+69 -22 1 0 0 1 0 0 1
+4 * 1
+3 * 1
+3 * 1
+6 * 1
+3 * 1
+4 * 1
+3 * 1
jcnd=1/1 +23 * 
* * 
+23 * 1
+6 * 1
+3 * 1
+3 * 1 0 0 1 0 0 1
jcnd=1/1 0x59a0 * 
* * 
+6 * 1
+5 +1 1
+3 * 1
+3 -1 1
+4 +1 1 0 1
cfi=(67)
cfn=(226)
calls=1 0x24310 25 
* * 7 1 0 1 0 0 1
+5 * 1
+3 * 1
jcnd=1/1 0x582a +21 
* * 
0x5940 -91 3 0 0 1 0 0 1
+10 * 3 3
+4 * 3
jcnd=3/3 0x577c * 
* * 
+82 +90 1 0 1 1 0 0 1
+6 * 1
jump=1 0x58c3 * 
* * 

fn=(210) cache_rpath
0x6b30 655 12 0 0 1 0 0 1
+3 * 12
+3 +1 12 12
+3 * 12
+4 * 12
jcnd=12/12 +82 +1 
* * 
+82 +1 12
+3 +16 12
+3 * 12 12

fn=(168) expand_dynamic_string_token
0x6560 375 1 0 1 1 0 0 1
+1 * 1
+3 * 1 0 1
+2 * 1 0 1
+2 * 1 0 1
+2 * 1
+3 +10 1
+3 -10 1 0 1
+2 * 1 0 1 0 0 1 0 0 1
+1 * 1
+3 * 1
+4 +10 1 0 1
cfn=(170) _dl_dst_count
calls=1 0x6300 228 
* * 71 13 7 3 0 1 3 0 1
+5 +3 1 0 0 1 0 0 1
+3 * 1
+2 +12 1
+4 -11 1
+3 +11 1 1
+1 * 1 1
+2 * 1 1
+2 * 1 1
+2 * 1 1
+2 * 1 1
+1 -11 1
cfi=(52)
cfn=(172)
calls=1 0x272c0 40 
* * 103 21 16 2 0 1 2 0 1

fn=(164) _dl_map_object
0x8860 1895 14 0 0 1 0 0 1
+4 * 14 0 14
+1 * 14
+3 * 14 0 14
+2 * 14 0 14
+2 * 14 0 14
+2 * 14 0 14
+2 * 14 0 14 0 0 2 0 0 2
+1 * 14
+7 * 14 0 14 0 0 2 0 0 2
+6 * 14 0 14 1 0 1 1 0 1
+6 * 14 0 14
+7 +8 14
+3 * 14
+6 +1 14 14 0 0 1 0 0 1
+7 * 14
+3 * 14
+6 +3 14
+8 * 14
+7 * 14
+3 * 14
+3 * 14
+5 * 14 0 0 1 0 0 1
+4 * 14 14
+4 * 14
+3 * 14
+6 * 14 0 14
+7 * 14
jump=14 +55 +5 
* * 
+42 * 51 51
+4 * 51
+3 * 51
jcnd=5/51 0x89a8 2184 
* * 
+6 +5 60 60 0 1 0 0 1
+8 * 60 60
+8 * 60
+3 * 60
+3 * 60
+2 * 60
+2 * 60
+2 +2 60
+3 * 60
+3 * 60 0 60 0 0 2 0 0 2
cfi=(51) /usr/src/debug/glibc/glibc/elf/dl-misc.c
cfn=(166) _dl_name_match_p
calls=60 0xb530 68 
* * 6131 1413 314 27 1 1 27 1 1
+5 * 60
+2 * 60
jcnd=9/60 +93 2184 
* * 
+2 +4 51 51
+8 * 51 0 0 1 0 0 1
+2 +1 51 51
+7 * 51
+3 * 51
jcnd=23/51 -76 -12 
* * 
+2 +4 28 28
+4 -1 28 28
+4 * 28 28
+4 * 28
+2 * 28 28
+8 * 28
jcnd=28/28 +5 +1 
* * 
+5 +1 28
+3 +1 28
+3 -1 28
+4 +1 28
+3 * 28 0 28
cfi=(32) /usr/src/debug/glibc/glibc/string/../sysdeps/x86_64/multiarch/../multiarch/strcmp-sse2.S
cfn=(96) strcmp
calls=28 0x25ce0 98 
* * 995 183 0 2 0 0 2
+5 * 28
+2 * 28
jcnd=28/28 0x8900 -17 
* * 
+22 2184 14
+4 * 14
+3 * 14 14
+1 * 14 14
+2 * 14 14
+2 * 14 14
+2 * 14 14
+2 * 14 14
+1 * 14 14
+4 * 5 5 0 1 0 0 1
+7 1939 5 5
+6 * 5
+5 * 5 0 5
+6 -1 5 5 0 1 0 0 1
+7 * 5
jcnd=5/5 +11 +12 
* * 
+11 +12 5 5
+6 -5 5 0 5 0 0 1 0 0 1
+7 -48 5 0 5
+11 +53 5
+2 * 5
+6 +14 5
+5 * 5
+3 * 5 0 5
cfi=(41) /usr/src/debug/glibc/glibc/string/../sysdeps/x86_64/multiarch/../multiarch/strchr-sse2.S
cfn=(122) index
calls=5 0x25ab0 32 
* * 120 15
+5 * 5 0 0 1 0 0 1
+3 * 5
jcnd=4/5 0x8b00 +4 
* * 
+6 2116 1
+3 * 1
+6 -1 1
+3 * 1
+3 * 1 0 1
cfn=(168)
calls=1 0x6560 375 
* * 197 40 30 7 0 3 7 0 3
+5 +6 1
+3 -7 1 0 1
+7 +1 1
+3 +2 1
+3 * 1
+6 +4 1
+7 * 1
+6 * 1 0 0 1 0 0 1
+2 * 1
+3 * 1
+7 * 1
+3 * 1 0 1
+7 * 1 0 1
cfn=(174)
calls=1 0x56d0 1521 
* * 108 22 15 9 1 0 9 1
+5 * 1
+2 +3 1
+3 * 1
+6 +58 1 1
+7 -46 1 1
+7 * 1
+2 * 1
+3 * 1
+4 +45 1 1 0 1 0 0 1
+7 +1 1
+3 * 1
+3 * 1
+3 * 1 1
+7 * 1 1
+7 -1 1 0 1
+7 +1 1
+7 * 1 0 1
+2 * 1 0 1
+1 * 1 1
+6 * 1 0 1
+1 * 1 1
+6 * 1 0 1
+1 * 1 0 1
cfn=(180) _dl_map_object_from_fd
calls=1 0x7130 949 
* * 1892 419 214 66 34 25 66 34 25
-77 -46 4 4
+7 * 4
+2 * 4
+3 * 4
+4 +45 4 4
+7 +1 4
+3 * 4
+3 * 4
+3 * 4 4
+7 * 4 4
+7 -1 4 0 4
+7 +1 4
+7 * 4 0 4
+2 * 4 0 4
+1 * 4 4
+6 * 4 0 4
+1 * 4 4
+6 * 4 0 4
+1 * 4 0 4
cfn=(180)
calls=4 0x7130 949 
* * 9132 1792 1361 14 113 188 14 113 187
+5 * 5 0 0 1 0 0 1
+4 * 5
+3 * 5
jump=5 0x8993 +2 
* * 
+59 1968 4 0 0 1 0 0 1
+3 * 4 0 4
cfi=(22)
cfn=(62)
calls=4 0x27320 57 
* * 68 8
+5 * 4
+4 * 4 0 4
+7 +2 4 4
+7 * 4
+6 +7 4
+3 * 4
+6 * 4 4
+9 * 4
jcnd=4/4 0x8ed8 +4 
* * 
0x8cbc +57 4 0 0 1 0 0 1
+3 * 4 0 0 1 0 0 1
+6 +1 4
+8 * 4
+7 * 4
+5 * 4
+3 * 4
+3 * 4 0 4
cfn=(210)
calls=4 0x6b30 655 
* * 32 8
+5 * 4
+2 * 4
+6 +8 4 4
+7 * 4
+6 +2 4 4
+7 * 4 0 0 1 0 0 1
+3 * 4
+6 +4 4
+3 * 4 0 4
cfi=(64) /usr/src/debug/glibc/glibc/elf/dl-cache.c
cfn=(212) _dl_load_cache_lookup
calls=4 0x14820 387 
* * 6066 993 226 26 80 6 26 80 6
+5 * 4
+3 +2 4
+3 * 4
+6 +4 4
+3 * 4
+6 +31 4
+3 -23 4 4
+9 * 4
+6 +23 4
+7 * 4 0 0 1 0 0 1
+3 * 4
+5 * 4
+3 * 4
+7 * 4
+3 * 4 0 4
+7 * 4 0 4
cfn=(174)
calls=4 0x56d0 1521 
* * 469 92 62 5 1 0 5 1
+5 * 4
+2 +4 4
+3 * 4
+6 +1 4 0 4
+7 +17 4 4
+7 * 4
jcnd=4/4 0x8a6c +28 
* * 
0x8e0f 2003 4 4 0 1 0 0 1
+7 * 4
+7 * 4
+3 * 4
+5 * 4 4
+7 * 4 0 4
+7 * 4 0 4
+7 * 4 0 4
cfn=(210)
calls=4 0x6b30 655 
* * 32 8
+5 * 4 0 0 1 0 0 1
+7 * 4 4
+7 * 4 4
+7 * 4
+2 * 4
+6 +9 4
+3 * 4
+6 +15 4 4
+8 * 4
jcnd=4/4 0x8cbc +7 
* * 
0x8ed8 -46 4 4 0 1 0 0 1
+7 +5 4
+7 -4 4
+2 +7 4
+7 * 4 0 4
+7 -3 4
+3 +3 4
+3 * 4 0 4 1 0 0 1
+7 * 4
+2 * 4 0 4
+7 * 4
+3 * 4 0 4
+7 * 4 0 4
+7 * 4 0 4
+7 * 4
jump=4 +24 -2 
* * 
+12 -3 4 4
+7 * 4
+3 * 4
jcnd=4/4 0x8fb9 +10 
* * 
+2 +1 4 0 0 1 0 0 1
+7 * 4
+3 * 4
+5 * 4
+3 * 4
+3 * 4 0 4
cfn=(210)
calls=4 0x6b30 655 
* * 32 8 0 1 0 0 1
+5 * 4
+2 * 4
jcnd=4/4 -40 -1 
* * 
+97 +9 4 0 0 1 0 0 1
+2 * 4 4 0 1 0 0 1
+7 * 4 4
+7 * 4 4
+7 * 4 4
+7 * 4 4
+7 +5 4
+2 * 4
+6 +1 4
+3 * 4
+6 * 4 4
+8 * 4
+3 * 4
+2 * 4 0 0 1 0 0 1
+6 * 4
jump=4 0x8e0f +1 
* * 

fn=(180)
0x7130 949 5 0 5 1 0 0 1
+1 * 5
+3 * 5 0 5
+2 * 5 0 5
+2 * 5
+3 * 5 0 5
+2 * 5 0 5
+2 * 5 0 5
+1 * 5 0 0 1 0 0 1
+3 * 5
+7 +15 5 5
+3 -15 5 0 5 0 0 1 0 0 1
+7 * 5 0 5 0 0 1 0 0 1
+7 +15 5
+5 -15 5 0 5
+6 * 5 0 5
+7 +15 5 0 5
+6 * 5
jfi=(55) /usr/src/debug/glibc/glibc/elf/../sysdeps/posix/dl-fileid.h
jcnd=5/5 0x76e0 37 
* * 
+39 +79 5 5 0 1 0 0 1
+3 * 5
+3 * 5 0 5
+6 * 5
+6 +10 5 5
+7 * 5
+6 +7 5 5
+4 * 5 5 0 1 0 0 1
+4 * 5
+3 * 5 5
+3 * 5 5
+7 * 5 5
+7 * 5 0 5
cfi=(26)
cfn=(72)
calls=5 0xb870 59 
* * 1866 388 287 6 7 42 6 7 42
+5 * 5
+3 +1 5
+3 * 5
+6 +11 5 5
+4 +5 5 5
+4 -4 5 5
+5 -1 5 0 5 0 0 3 0 0 3
+7 +2 5 5
+5 +2 5 0 0 1 0 0 1
+8 -2 5 0 5
+8 +2 5
+3 * 5
+4 +1 5
+4 * 5 5
+3 * 5
jcnd=1/5 0x77a8 +4 
* * 
+6 +1 4
+5 * 4 0 4
+7 +19 4 4
+8 * 4
+3 -2 4 0 4 1 0 0 1
+7 +2 4
+8 * 4
+3 * 4
+4 * 4
+4 * 4
+3 * 4
+6 * 4
+3 * 4
+4 * 4
+3 * 4
jcnd=4/4 +23 * 
* * 
-56 * 1 1
+8 * 1
+3 -2 1 0 1
+7 +2 1
+8 * 1
+3 * 1
+4 * 1
+4 * 1
+3 * 1
+6 * 1
+3 * 1
+4 * 1
+3 * 1
jcnd=1/1 +23 * 
* * 
+23 * 5 0 0 1 0 0 1
+6 * 5
+3 * 5
+3 * 5
+2 * 5 0 5
+6 * 5
+5 * 5
+3 * 5
+4 * 5 0 5
+7 +10 5 5
+7 -10 5
+4 +10 5
+3 * 5
+3 * 5
+6 +27 5 5 0 1 0 0 1
+7 -33 5
+2 -3 5
+2 +2 5 0 5
+7 -1 5 0 5
+7 +35 5
+4 +9 5
+3 -50 5 0 5
+10 +41 5 0 5
+7 +9 5
+3 -36 5 5
+7 +63 5 0 5
+8 * 5 0 5 1 0 0 1
+7 * 5 0 5
+7 * 5 0 5
+7 * 5
jump=5 0x7409 -62 
* * 
+12 -62 39
+3 * 39
jcnd=5/39 0x7840 +6 
* * 
+6 * 34
+3 * 34
jcnd=1/34 0x7828 +20 
* * 
+6 * 33
+3 * 33
jcnd=13/33 0x7400 -1 
* * 
+6 +26 20 20 0 0 2 0 0 2
+4 * 20 20 0 1 0 0 1
+4 * 20 20
+7 * 20
+3 * 20
+3 * 20
+3 * 20
+6 +8 20
+8 * 20 20
+7 +1 20
+3 -1 20
+4 +1 20
+3 * 20
+3 * 20
+3 * 20
+4 +1 20 20 0 0 4 0 0 4
+4 -1 20 0 20 1 0 3 1 0 3
+3 +1 20
+3 +2 20 20 0 0 1 0 0 1
+4 -2 20
+3 +2 20 0 20 0 0 4 0 0 4
+4 +2 20 20 0 0 1 0 0 1
+4 -4 20
+3 +1 20 0 20
+4 +3 20
+3 -4 20 0 20
+4 +4 20
+3 * 20
+4 * 20
+4 * 20
+3 * 20
+4 +2 20
+3 * 20 0 20 0 0 4 0 0 4
+4 +13 20
+4 * 20 0 0 1 0 0 1
jcnd=5/20 +17 +6 
* * 
+2 * 15 15
+4 * 15
+4 * 15 0 15
+7 +6 15
+3 +1 15 15
+3 * 15
+5 * 15
+3 * 15
+3 * 15
+2 * 15
+2 * 15 15
+7 * 15
+3 * 15 0 15
+5 -28 15
+3 * 15
+8 -35 15
+4 * 15
+3 * 15
-54 +62 5
+3 +1 5 5
+3 * 5
+5 * 5
+3 * 5
+3 * 5
+2 * 5
+2 * 5 5
+7 * 5
+3 * 5 0 5 0 0 1 0 0 1
+5 -28 5
+3 * 5
+8 -35 5
+4 * 5
+3 * 5
-7 * 37
+4 * 37
+3 * 37
+2 +1 62 62 0 1 12 0 1 12
+2 * 62
+3 * 62
jcnd=3/62 0x7890 +75 
* * 
+6 * 59
jcnd=39/59 0x7320 * 
* * 
+6 * 20
+6 * 20
jcnd=5/20 0x7920 1216 
* * 
+6 * 15
+6 * 15
jcnd=10/15 -44 -1 
* * 
+2 1220 5 5 0 0 1 0 0 1
+5 1107 5
+4 1220 5 5
+5 * 5 0 5 1 0 1 1 0 1
+8 1107 5
+3 * 5
+2 * 5
+7 1225 5 5
+8 * 5 5
+7 * 5 5
+7 * 5 5
+7 * 5
+3 * 5
+6 * 5 5
+7 +10 5
+2 * 5 0 0 1 0 0 1
+4 * 5
+11 * 5
+11 * 5
+7 +1 5
+3 -1 5
+4 +1 5 0 5
+3 -1 5
+4 * 5
+3 * 5
jcnd=5/5 -17 +1 
* * 
-17 +1 15
+3 -1 15
+4 +1 15 0 15
+3 -1 15
+4 * 15
+3 * 15
jcnd=10/15 -17 +1 
* * 
+2 1073 5
+4 * 5 0 5
+6 1242 5 0 0 1 0 0 1
+5 * 5
+6 +10 5 5
+5 * 5
+6 * 5 5
+7 * 5
+6 +7 5 5
+7 * 5
+8 * 5 5
+8 * 5
fi=(57) /usr/src/debug/glibc/glibc/elf/./dl-map-segments.h
+3 28 5 5 0 1 0 0 1
fe=(30)
+8 1259 5 5
+5 * 5
+3 * 5 0 5
fi=(57)
+7 28 5
+3 * 5
+6 +1 5 5
+8 * 5
+5 * 5
+3 * 5 5
+8 * 5 5
+7 * 5 5
+7 * 5 0 5 1 0 0 1
+7 * 5 0 5
cfi=(58)
cfn=(188)
calls=5 0x24460 +18 
* * 140 25 15 3 0 1 3 0 1
+5 +73 5 5
+7 * 5
+4 -1 5 0 5
+7 -72 5
+3 +73 5
+6 +3 5 5
+7 * 5
+3 +1 5
+3 +2 5 5
+7 -3 5 0 5 1 0 0 1
+7 +1 5 0 5
+4 +2 5
jcnd=5/5 +64 +17 
* * 
+64 +17 5 0 5 1 0 0 1
+8 -44 5 5
fi=(59) /usr/src/debug/glibc/glibc/elf/./dl-load.h
+7 +10 5 5
+8 * 5
jcnd=4/5 0x7b45 +1 
* * 
-8 * 15 15
+8 * 15
fi=(57)
+6 +58 20 20
+5 * 20 20
+5 * 20
+3 * 20
jcnd=15/20 0x7665 +45 
* * 
+2 +6 5 5
+4 +2 5 5
+7 -2 5
+3 +3 5 0 0 1 0 0 1
+3 -2 5
+3 +2 5
+3 -1 5
+5 * 5
+3 +3 5
+3 * 5
+3 * 5
+4 +5 5
+3 * 5
+2 +3 5 5
+5 * 5
+4 * 5
+6 +8 5
+3 * 5 0 5
+7 * 5
+2 * 5
+3 * 5 0 5
+7 * 5
+3 * 5 0 5
cfi=(43)
cfn=(138)
calls=5 0x25310 -39 
* * 826 5 434 1 0 110 1 0 110
+6 * 5 5
+7 * 5 5
+7 +6 5
+3 * 5
jcnd=2/5 0x8270 +4 
* * 
+6 +12 20 0 0 1 0 0 1
+4 -59 20 20
+7 * 20
+8 * 20
+3 * 20
+4 * 20 0 0 1 0 0 1
+3 * 20
jfi=(30)
jcnd=5/20 0x7ab8 1275 
* * 
+6 +2 15 15
+5 * 15 15
+4 * 15
+3 * 15
+6 +2 15 15
+5 * 15 15
+5 * 15
+3 * 15
+5 * 15 15
+7 * 15 15
+4 * 15 0 15
cfi=(58)
cfn=(188)
calls=15 0x24460 -92 
* * 315 60 45
+5 * 15
+4 * 15
jfi=(59)
jcnd=15/15 0x75d5 -48 
* * 
fi=(55)
+32 37 5 5 0 1 0 0 1
+6 * 5
+7 * 5 0 5 0 0 2 0 0 2
cfi=(56) /usr/src/debug/glibc/glibc/io/../sysdeps/unix/sysv/linux/fstat64.c
cfn=(184) fstat
calls=5 0x24050 -7 
* * 30 5 0 1 0 0 1
+5 * 5
+2 * 5
fe=(30)
+6 994 5 5
fi=(55)
+4 40 5 5 0 1 1 0 1 1
fe=(30)
+8 994 5
+4 * 5
+7 * 5
fi=(55)
+3 40 5 0 5
fe=(30)
+7 994 5
+4 * 5
+5 * 5
+5 * 5 5
+4 * 5
+3 * 5
jcnd=5/5 +29 +1 
* * 
+16 * 20 20
+4 * 20
+3 * 20
jcnd=5/20 0x7940 +19 
* * 
+6 +1 20 20 0 1 0 0 1
+8 * 20
fi=(55)
+2 49 20 20 0 0 1 0 0 1
+7 * 20
jfi=(30)
jcnd=10/20 -30 994 
* * 
+2 * 10 10
+7 * 10
jfi=(30)
jcnd=10/10 -39 994 
* * 
fe=(30)
+42 1468 5 0 0 1 0 0 1
+4 * 5
+3 * 5 5
+1 * 5 5
+2 * 5 5
+2 * 5 5
+2 * 5 5
+2 * 5 5
+1 * 5 5
+6 1081 1
+4 * 1
+3 * 1
+3 * 1
+6 * 1
+3 * 1
+4 * 1 0 0 1 0 0 1
+3 * 1
jcnd=1/1 +23 * 
* * 
+23 * 1
+6 * 1
+3 * 1
+3 * 1
jcnd=1/1 0x804f * 
* * 
+6 * 1
+5 +1 1 1
+6 * 1
+3 -1 1
+4 +1 1
+3 -1 1 0 1 1 0 0 1
+7 +1 1 0 1
cfi=(67)
cfn=(226)
calls=1 0x24310 25 
* * 7 1
+5 * 1
+3 * 1
jcnd=1/1 0x722f +15 
* * 
+25 +46 1 1
+4 * 1 0 1
+7 +1 1
jump=1 0x7400 -22 
* * 
+13 -15 5 5 0 1 0 0 1
+5 * 5
+6 +7 5 5
+4 +2 5 5
+8 -2 5 0 5
+4 +1 5 5 0 0 1 0 0 1
+4 +1 5
+4 -1 5
+4 * 5 0 5
+8 +1 5 5
+4 * 5
+3 * 5
+3 * 5
+3 * 5
+3 * 5 0 0 1 0 0 1
+3 * 5 0 5
+7 * 5
jump=5 0x7400 -16 
* * 
+7 +60 3 3 0 0 1 0 0 1
+4 * 3
+3 * 3
+6 +5 3 3 0 0 1 0 0 1
+4 -1 3
+5 * 3
+5 +5 3
+4 -5 3
+4 * 3 0 3 0 0 3 0 0 3
+8 -66 3 3
+4 +71 3 0 0 1 0 0 1
+3 * 3
+3 * 3
+4 * 3 0 3 0 0 1 0 0 1
+7 +1 3 3
+4 +3 3 0 3 0 0 1 0 0 1
+7 -3 3 0 3
+7 +8 3 3
+8 * 3
+3 * 3
+4 * 3
jcnd=3/3 0x7400 -94 
* * 
+47 +15 5 5 0 1 0 0 1
+3 * 5 0 5
+6 +1 5
jump=5 0x7400 1107 
* * 
+23 1013 5 5 0 1 0 0 1
+5 * 5
jcnd=5/5 0x719a +30 
* * 
0x7ab8 1275 5 5 0 1 0 0 1
+4 * 5 5 0 1 0 0 1
+7 * 5
+3 * 5
+6 +1 5 5
+4 * 5
+4 * 5 0 5
fi=(60) /usr/src/debug/glibc/glibc/elf/get-dynamic-info.h
+4 39 5
+3 * 5
+6 +6 5 5 0 0 5 0 0 5
+3 -2 5
+4 +11 5
+5 +1 5
+6 -10 5
+3 * 5
jcnd=5/5 +37 +4 
* * 
+10 +8 3
+6 +15 3 0 3 0 0 1 0 0 1
+4 -23 3 3 0 0 1 0 0 1
+4 * 3
+4 * 3
+3 * 3
-15 +23 128 0 128 0 0 32 0 0 32
+4 -23 128 128 0 0 32 0 0 32
+4 * 128
+4 * 128
+3 * 128
jcnd=5/128 0x7bcd +27 
* * 
+6 +4 131 0 0 1 0 0 1
+4 * 131
jcnd=98/131 -25 +19 
* * 
+2 +3 33
+7 -1 33
+4 * 33
jcnd=3/33 -44 +2 
* * 
+2 +3 30
+3 * 30
+3 * 30
+4 * 30
jcnd=5/30 +93 +2 
* * 
+2 +1 25
+3 * 25
+3 * 25
+3 * 25
jump=25 -61 +13 
* * 
fi=(59)
+2 +37 4 4 0 1 0 0 1
+5 * 4 4
+4 * 4
+3 * 4
+6 +2 4 4
+5 -1 4 4
+5 * 4 4
+4 +1 4
+8 -1 4
+3 +1 4
+3 -1 4
+3 +1 4
+4 -1 4
+3 * 4 0 0 1 0 0 1
+6 +3 4
+3 * 4
+3 * 4 0 4
+7 * 4
jfi=(57)
jump=4 0x75e3 +53 
* * 
fi=(60)
+5 -40 5
+4 * 5
+3 * 5
+3 * 5
+4 * 5
+6 +3 5
+6 * 5
+3 * 5
+4 * 5
jcnd=5/5 0x8512 +3 
* * 
+23 +13 5 0 0 1 0 0 1
+3 * 5
+6 * 5 5
+8 * 5
+6 +12 5 5
+4 * 5
+3 * 5
jcnd=5/5 +6 +1 
* * 
+6 +1 5 5
+4 * 5
+3 * 5
jcnd=4/5 +6 +1 
* * 
+2 * 1 0 1
+4 +1 1 1
+4 * 1
+3 * 1
-7 * 4 4 0 1 0 0 1
+4 * 4
+3 * 4
+2 * 5 0 5
+4 +1 5 5
+4 * 5
+3 * 5
+2 * 5 0 5
+4 +1 5 5
+7 * 5
+3 * 5
+2 * 5 0 5
+4 +1 5 5 0 0 2 0 0 2
+7 * 5
+3 * 5
jcnd=4/5 +6 +1 
* * 
+2 * 1 0 1
+4 +1 1 1
+7 * 1
+3 * 1
-10 * 4 4 0 0 1 0 0 1
+7 * 4 0 0 1 0 0 1
+3 * 4
jcnd=1/4 +6 +1 
* * 
+2 * 4 0 4
+4 +1 4 4
+7 * 4
+3 * 4
-10 * 1 1
+7 * 1
+3 * 1
+2 * 5 0 5
+4 +12 5 5
+4 +7 5 5
+7 -7 5
+3 * 5
+6 * 5 5
+4 * 5
+3 * 5
+2 * 5
+3 * 5 0 5
+4 +7 5
+3 * 5 0 0 1 0 0 1
jcnd=4/5 +20 +13 
* * 
+2 +5 1 1
+5 * 1
+6 +7 1 1
+5 * 1
+2 +1 5 5
+7 * 5 5
+5 * 5
+6 +6 5 5
+7 * 5
+3 * 5
+2 +1 5 5
+7 * 5 5
+5 * 5 0 0 1 0 0 1
+6 +17 5 5
+7 * 5
+3 * 5
+2 +5 5 5
+4 * 5 0 5 0 0 1 0 0 1
+7 +2 5
+3 * 5
jcnd=5/5 +9 +2 
* * 
+9 +2 5
+3 * 5
jcnd=5/5 +9 +2 
* * 
+9 +2 5
+3 * 5
+2 +1 5 0 5
+7 +3 5 5 0 1 0 0 1
+7 * 5
+3 * 5
+6 +2 5 5
+4 * 5 0 5
+7 * 5
+2 +1 5
+3 * 5
jcnd=5/5 +10 +9 
* * 
+10 +9 5 5
+7 * 5
+6 +6 5
+2 * 5
+2 +1 5 5
+7 * 5 0 5 1 0 0 1
+7 +3 5 5
+8 * 5
jfi=(30)
jcnd=5/5 +13 1282 
* * 
fe=(30)
+13 1282 5
+2 * 5
+6 +1 5
+2 * 5
jcnd=5/5 +13 +2 
* * 
+13 +2 5 5
+6 * 5
+2 * 5
+2 * 5
+2 * 5 0 0 1 0 0 1
+6 +10 5 5
+7 * 5
+3 * 5
+6 +19 5 5
+4 * 5 0 5
+7 +2 5 5
+6 * 5 5
+6 * 5
+2 * 5
+2 * 5
+2 * 5
+6 +20 5 5 0 0 2 0 0 2
+7 * 5 0 0 1 0 0 1
+3 * 5
jcnd=2/5 +13 +7 
* * 
+2 +1 3 3
+4 * 3 0 3
+7 +6 3 3
+8 * 3 3
+7 * 3 3
+7 * 3
+8 * 3
+3 * 3
+4 * 3
+3 * 3
jcnd=3/3 +44 +1 
* * 
-40 * 2 2
+8 * 2 2
+7 * 2 2
+7 * 2
+8 * 2
+3 * 2
+4 * 2
+3 * 2
jcnd=2/2 +44 +1 
* * 
+9 +1 50
+5 * 50
jcnd=45/50 +17 -1 
* * 
+2 +6 5
+3 * 5
+3 * 5
+3 * 5 0 5
cfn=(90) _dl_process_pt_gnu_property
calls=5 0x6f10 842 
* * 430 82 14 1 9 0 1 9
+6 -7 62 62
+7 * 62
jcnd=5/62 0x808b +12 
* * 
+6 +1 62 62 0 1 52 0 1 52
+3 +6 62
+4 -6 62
+3 * 62
jcnd=50/62 -45 * 
* * 
fi=(31) /usr/src/debug/glibc/glibc/elf/../sysdeps/x86/dl-prop.h
+2 149 12 12
+8 * 12
jfi=(30)
jcnd=12/12 -33 1343 
* * 
fe=(30)
0x804f 1081 1 0 1 1 0 0 1
+6 * 1
jump=1 0x77eb * 
* * 
+54 1355 5 5 0 1 0 0 1
+6 * 5 0 5
cfi=(61) /usr/src/debug/glibc/glibc/io/../sysdeps/unix/sysv/linux/close_nocancel.c
cfn=(196) __GI___close_nocancel
calls=5 0x24180 25 
* * 30 5 0 1 0 0 1
+5 * 5
+2 * 5
+6 +13 5 5
+7 * 5
+6 +2 5 5
+7 * 5 5
+4 * 5
+3 * 5 0 5
+7 +2 5 5 0 1 0 0 1
+7 * 5
+6 +16 5
+3 * 5 0 5
cfi=(8) /usr/src/debug/glibc/glibc/elf/dl-setup_hash.c
cfn=(14) _dl_setup_hash
calls=5 0x10dc0 25 
* * 140 40 30 0 5 0 0 5
+5 +4 5 5
+4 * 5
+2 +1 5 5
+8 * 5
+6 +17 5 5
+8 * 5
jcnd=4/5 +9 +4 
* * 
+2 +1 1 0 1
+7 +3 1 1 0 1 0 0 1
+8 +5 1 1
+8 -5 1 0 1
+8 +5 1
-24 -5 4 4
+8 +5 4 4
+8 -5 4 0 4
+8 +5 4
+6 +5 5 5
+8 * 5
+6 +12 5 5
+4 * 5
+7 * 5
+8 * 5 5
+4 * 5
+3 * 5 0 0 1 0 0 1
+4 * 5 5
+6 * 5
jcnd=5/5 0x849f +1 
* * 
+6 +10 5 5
+8 * 5
jcnd=2/5 +29 +13 
* * 
+2 +1 3 3
+8 * 3
+3 * 3
+2 * 3
+6 +5 3
+3 * 3 0 3
cfi=(45)
cfn=(224)
calls=3 0x11a70 153 
* * 33 12 9 2 0 0 2
+5 +7 5 5
+4 * 5
+3 * 5 0 5 1 0 0 1
cfi=(26)
cfn=(86)
calls=5 0xb7c0 31 
* * 295 70 50 0 0 1
+5 +3 5 5
+4 * 5
+6 +3 5 5
+4 * 5 5
+3 * 5
+3 * 5 0 5
cfn=(198) _dl_notify_new_object
calls=5 0x5630 908 
* * 220 65 30 5 0 0 5
+5 * 5
jump=5 0x7791 +3 
* * 
fi=(57)
0x8270 186 2 0 0 1 0 0 1
+3 * 2 2
+5 * 2
+3 * 2
+5 * 2 0 0 1 0 0 1
+3 * 2
+6 * 2
+3 * 2 0 2
cfi=(58)
cfn=(188)
calls=2 0x24460 47 
* * 42 8 6
+5 +3 2
+4 * 2
jcnd=2/2 0x7665 +5 
* * 
fe=(30)
0x849f 1437 5 5 0 1 0 0 1
+7 * 5
+3 * 5
jcnd=1/5 0x8150 +9 
* * 
+6 +2 4 4
+4 -1 4 4
+4 * 4 4
+4 * 4
+2 * 4 4 0 1 0 0 1
+8 * 4
jcnd=4/4 +6 +1 
* * 
+6 +1 4
+3 -1 4
+7 +1 4
+3 -1 4 0 4
cfi=(32)
cfn=(96)
calls=4 0x25ce0 98 
* * 125 27 0 0 5 0 0 5
+5 * 4
+2 * 4
jcnd=3/4 0x8150 +8 
* * 
+6 +2 1 1
+4 * 1
+3 * 1
+4 * 1 0 1
+5 * 1
jump=1 0x8150 +6 
* * 
fi=(60)
+29 62 5 0 0 1 0 0 1
+6 * 5
+3 * 5
+4 * 5
+6 +2 5
+6 * 5
+3 * 5
+3 * 5
jump=5 0x7b06 +4 
* * 
fe=(30)

fn=(108) _dl_init_paths
0x6ba0 680 1 0 0 1 0 0 1
+4 * 1 0 1
+1 * 1
+3 * 1 0 1
+2 * 1
+3 * 1
+3 * 1 0 1
+2 +14 1
+7 -14 1 0 1
+2 * 1
+3 * 1 0 0 1 0 0 1
+3 +14 1
+7 -14 1 0 1
+1 +14 1 0 1
cfi=(37) /usr/src/debug/glibc/glibc/elf/dl-hwcaps.c
cfn=(110) _dl_important_hwcaps
calls=1 0x1aa60 172 
* * 1447 306 256 32 1 6 32 1 6
fi=(28)
+5 56 1
fe=(30)
+5 694 1 0 1 0 0 1 0 0 1
fi=(28)
+7 56 1 1 1
cfi=(27)
cfn=(78)
calls=1 0xb240 -20 
* * 30 7 7
fe=(30)
+6 699 1 0 1
+7 +2 1
+3 * 1
+6 * 1
+3 +8 1 1
+7 * 1 0 0 1 0 0 1
+8 +4 1
+10 * 1
+3 * 1
+4 * 1
+4 * 1
fi=(28)
+4 56 1 1 1
cfi=(27)
cfn=(78)
calls=1 0xb240 -20 
* * 30 7 7
fe=(30)
+6 713 1 0 1
+4 +2 1 1
+7 * 1 1
+3 * 1
+3 * 1
+6 +17 1
+7 +9 1 1 0 1 0 0 1
+7 -19 1 0 1
+7 -1 1 0 1
+10 +9 1 0 1
+4 +2 1 0 1 0 0 1 0 0 1
+4 +3 1
+7 -2 1 0 1
+8 +2 1 0 1
+4 +1 1 0 1
+8 +5 1
+3 * 1
+2 +1 1 0 0 1 0 0 1
+4 * 1
+4 * 1
+2 * 1 0 1
cfi=(43)
cfn=(138)
calls=1 0x25310 137 
* * 14 1 2 3 0 0 3
+6 +2 1 0 1
+7 +12 1 1
+7 +3 1
+7 -8 1 0 1
+8 -1 1 0 1
+11 +9 1
+3 * 1
+4 +2 1 1 0 1 0 0 1
+7 * 1
+3 * 1
+2 * 1
+6 +2 1 1
+7 * 1
+3 * 1
jcnd=1/1 0x6d98 +19 
* * 
+75 +36 1 0 0 1 0 0 1
+3 * 1
jcnd=1/1 +8 +31 
* * 
+8 +31 1 0 1
+11 +1 1
+4 * 1 1
+1 * 1 1 0 1 0 0 1
+2 * 1 1
+2 * 1 1
+2 * 1 1
+1 * 1 1
+81 -49 1 1 0 1 0 0 1
+7 -2 1 0 1
+11 +2 1
+3 * 1
jcnd=1/1 0x6eae +14 
* * 
0x6eae +14 1 0 1 1 0 0 1
+11 * 1
jump=1 0x6d25 +3 
* * 

fn=(198)
0x5630 908 5 0 5 1 0 0 1
+1 * 5
+3 * 5 0 5
+2 * 5
+3 +2 5
+3 -2 5 0 5
+2 * 5 0 0 1 0 0 1
+3 * 5 0 5
+2 * 5
+3 * 5 0 5
+1 +2 5 0 5
cfi=(44) /usr/src/debug/glibc/glibc/elf/dl-debug.c
cfn=(200) _dl_debug_update
calls=5 0x34f0 38 
* * 35 10 0 1 0 0 1
+5 * 5
+3 +1 5 5
+3 * 5
+2 * 5
jcnd=5/5 +68 +18 
* * 
+24 +22 5 5
+4 * 5
+7 * 5
+4 * 5
+4 * 5 5
+4 * 5 5
+7 * 5
jcnd=5/5 +30 +3 
* * 
+14 -4 5 0 0 1 0 0 1
+3 * 5
jcnd=5/5 -47 +4 
* * 
+13 +7 5 5
+1 -2 5
+3 * 5
+3 +2 5 5
+2 * 5 5
+2 * 5 5
+2 * 5 5
+1 -2 5
cfi=(47)
cfn=(202) _dl_audit_objopen
calls=5 0x18660 77 
* * 25 10 0 1 0 0 1

fn=(170)
0x6300 228 14 0 0 1 0 0 1
+4 * 14 0 14
+1 +3 14
+5 -3 14
+3 * 14 0 14
+2 * 14 0 14
+2 * 14 0 14
+2 * 14 0 14
+2 +7 14
+3 -7 14 0 14 0 0 1 0 0 1
+1 * 14
+4 +3 14 0 14 0 0 1 0 0 1
cfi=(41)
cfn=(122)
calls=14 0x25ab0 32 
* * 456 57 0 2 7 0 2 7
+5 +3 14
+3 * 14
+2 +20 14
+4 * 14
+3 * 14 14
+1 * 14 14
+2 * 14 14
+2 * 14 14
+2 * 14 14
+2 * 14 14
+1 * 14 14

fn=(90)
0x6f10 842 6 0 0 1 0 0 1
+4 +8 6 6
+5 -8 6
+3 +8 6
+6 -6 6 6
+4 +12 6
+4 * 6
+6 -13 6 6
+3 +13 6
+5 -13 6 6
+4 +13 6
+3 * 6 0 0 1 0 0 1
jump=6 0x6fa4 +3 
* * 
0x6fa4 +3 6 6 0 1 5 0 1 5
+2 * 6
+3 * 6
+2 +1 6 6
+4 * 6
+2 +1 6 6
+7 * 6
+2 +3 6 6
+3 * 6
+3 * 6 0 0 1 0 0 1
+6 +1 6
+2 * 6
+3 * 6
+6 +4 6
+4 +1 6
+4 * 6
jump=6 +75 +4 
* * 
fi=(31)
+7 97 3
+6 * 3
+6 258 3 3
+7 * 3
+3 * 3
fe=(30)
+6 888 3
+6 * 3
jcnd=3/3 0x708b +16 
* * 
+6 +4 5
+4 * 5
+4 * 5
+4 +2 5
+3 * 5
+3 * 5
+4 * 5
+6 -20 11 0 0 1 0 0 1
+2 * 11 11 0 0 3 0 0 3
+2 +1 11 11
+4 +3 11
+2 * 11
+2 +3 11
+4 +1 11
+3 * 11
+4 * 11
+3 * 11
fi=(31)
+2 95 11 0 0 1 0 0 1
+3 * 11
+7 * 11
+7 * 11
jcnd=3/11 0x6fe0 +2 
* * 
+2 +7 8
+4 * 8
+2 +16 8 8 0 0 1 0 0 1
+3 -3 8
+6 * 8
jcnd=5/8 0x70e3 254 
* * 
+2 252 3
+2 * 3
jcnd=3/3 +98 +5 
* * 
fe=(30)
+37 904 3 3 0 1 0 0 1
fi=(31)
+61 257 3 3 0 1 0 0 1
+7 -4 3 0 3
+6 +4 3
+3 * 3
+3 * 3 0 3
+6 +3 3 3
+2 -6 5
+2 * 5
+2 +1 5 0 5
+6 +2 5 5
+7 * 5
+3 * 5
+3 * 5 0 5
+6 +3 5
jfi=(30)
jump=5 0x7008 892 
* * 
fe=(30)

fl=(184) /usr/src/debug/glibc/glibc/elf/dl-init.c
fn=(622) _dl_init
0x5230 81 1 0 0 1 0 0 1
+4 * 1 0 1
+1 * 1
+3 * 1 0 1
+2 * 1
+3 * 1 0 1
+2 * 1 0 0 1 0 0 1
+3 * 1 0 1
+2 * 1
+3 * 1 0 1
+2 * 1
+3 * 1 0 1
+1 * 1
+4 +1 1 1
+7 +1 1 1
+7 +3 1 1
+7 * 1
+3 * 1
jcnd=1/1 0x5310 +19 
* * 
+6 +8 1
+3 * 1
jcnd=1/1 +7 +25 
* * 
+7 +25 1 1
+7 +1 1 0 0 1 0 0 1
+3 * 1
+2 * 1
+2 * 1
+4 * 1
+5 +1 1 1
+7 * 1
+3 * 1
+3 * 1
+3 * 1 1
+4 -1 1
+4 +1 1 0 1
cfn=(624) call_init
calls=1 0x5100 -92 
* * 41 15 7 0 2
-24 * 6 6
+7 * 6
+3 * 6
+3 * 6
+3 * 6 6
+4 -1 6
+4 +1 6 0 6
cfn=(624)
calls=6 0x5100 -92 
* * 45600 12802 6421 490 329 218 490 57 177
+5 -1 7
+4 * 7
jcnd=6/7 -33 +1 
* * 
+2 +7 1
+4 * 1 1
+1 * 1 1
+2 * 1 1
+2 * 1 1
+2 * 1 1
+2 * 1 1 0 1 0 0 1
+1 * 1 1
+79 -22 1 0 1 1 0 0 1
+4 -17 1 0 1
cfn=(624)
calls=1 0x5100 -59 
* * 84 25 9 8 2 1 8
+5 +1 1 1
+4 * 1 0 1
+11 * 1
jump=1 0x526f +5 
* * 

fn=(624)
0x5100 29 8 8 0 1 0 0 1
+4 * 8
jcnd=8/8 +12 -2 
* * 
+12 -2 8 0 8
+1 * 8
+3 * 8 0 8 0 0 1
+2 * 8 0 8
+2 * 8
+3 * 8 0 8
+2 * 8
+3 * 8 0 8
+2 * 8
+3 * 8 0 8
+1 * 8
+3 * 8
+4 +8 8 8 0 0 1
+7 * 8
+2 * 8
jcnd=8/8 +10 +2 
* * 
+10 +2 8 0 0 1 0 0 1
+2 * 8
jcnd=1/8 0x51df +39 
* * 
+6 +6 7 7
+7 +3 7 7
+4 -3 7
+3 * 7 0 7
+6 +3 7 7 0 0 5
+3 * 7
jcnd=1/7 0x51f0 +1 
* * 
+6 +5 6 6
+7 * 6
+6 +8 6 6 0 0 4
+7 * 6
+3 * 6
jcnd=2/6 +20 +4 
* * 
+2 +1 4 4 0 1 3 0 1
+4 * 4
+3 * 4 4
+3 * 4
+3 * 4
+3 * 4 0 4
cob=(4)
cfi=(185)
cfn=(674) 0x0000000004906000
calls=1 0x4906000 -60 
* * 7 2 0 1 1 0 1
cob=(4)
cfi=(185)
cfn=(664) 0x0000000004b04000
calls=1 0x4b04000 -60 
* * 7 2 0 1 1 0 1
cob=(4)
cfi=(185)
cfn=(648) 0x0000000004bf1000
calls=1 0x4bf1000 -60 
* * 7 2 0 1 1 0 1
cob=(4)
cfi=(185)
cfn=(626) 0x000000000483a000
calls=1 0x483a000 -60 
* * 7 2 0 1 0 0 1
+2 +3 6 6 0 0 4
+7 +1 6
+3 * 6
jcnd=1/6 +69 +12 
* * 
+2 +6 5 5 0 0 1
+7 * 5 5 0 0 4
+4 +2 5 5
+3 * 5 5
+4 -2 5
+4 +3 5
+2 * 5
+2 * 5
+3 * 5
+4 * 5 0 0 1 0 0 1
+4 * 5
jump=5 +11 +1 
* * 
+7 * 19
+4 +1 19
+3 * 19
+3 * 19
+3 * 19 19 19 0 3
cob=(7)
cfi=(268)
cfn=(948)
calls=1 0xaab50 2161 
* * 86 17 18
cob=(7)
cfi=(267)
cfn=(946)
calls=1 0xaaaf0 1483 
* * 264 53 58 2 0 2 2 0 2
cob=(7)
cfi=(266)
cfn=(938)
calls=1 0xaaa30 +86 
* * 50 25 12 3 3 0 3 1
cob=(7)
cfi=(266)
cfn=(930)
calls=1 0xaa970 +86 
* * 50 25 12 3 5 0 3 1
cob=(7)
cfi=(266)
cfn=(922)
calls=1 0xaa8f0 +86 
* * 34 17 8 2 5 0 2 1
cob=(7)
cfi=(266)
cfn=(914)
calls=1 0xaa870 +86 
* * 34 17 8 2 3 0 2 1
cob=(7)
cfi=(265)
cfn=(912)
calls=1 0xaa820 640 
* * 179 36 39 1 0 1 1 0 1
cob=(7)
cfi=(264)
cfn=(910)
calls=1 0xaa800 +10 
* * 86 17 18 1 0 0 1
cob=(7)
cfi=(247)
cfn=(908)
calls=1 0xaa7e0 +52 
* * 86 17 18 0 0 1 0 0 1
cob=(7)
cfi=(263)
cfn=(906)
calls=1 0xaa670 -32 
* * 48 11 28 6 3 6 6 3 6
cob=(7)
cfi=(260)
cfn=(900)
calls=1 0xaa540 +53 
* * 78 7 36 3 1 4 3
cob=(7)
cfi=(248)
cfn=(862)
calls=1 0xaa310 456 
* * 3140 613 367 81 103 48 81 24 45
cob=(7)
cfi=(246)
cfn=(858)
calls=1 0xaa2f0 +54 
* * 11 5 3 2 0 0 2
cob=(7)
cfi=(245)
cfn=(856)
calls=1 0xaa2e0 +34 
* * 3 1 1 0 0 1
cob=(7)
cfi=(244)
cfn=(852)
calls=1 0xaa250 260 
* * 201 43 48 4 1 2 4 0 1
cob=(7)
cfi=(243)
cfn=(846)
calls=1 0xaac30 -74 
* * 12 1 0 3 0 0 3
cob=(6) /usr/lib/libgcc_s.so.1
cfi=(195) ???
cfn=(658) 0x0000000000005410
calls=1 0x5410 -74 
* * 12 1 0 2 0 0 2
cob=(2)
cfi=(191)
cfn=(646)
calls=1 0x272a0 -10 
* * 22 5 3 1 4 1 1
cob=(2)
cfi=(190)
cfn=(644)
calls=1 0x27230 545 
* * 12 7 0 2 4 0 2
-9 * 5
+3 * 5
+3 * 5
+3 * 5 5 5 0 3
cob=(7)
cfi=(197)
cfn=(678)
calls=1 0xaa630 +35 
* * 40255 11715 5621 322 162 149 322 24 120
cob=(3) /usr/lib/libm.so.6
cfi=(196) ???
cfn=(668) 0x000000000000f750
calls=1 0xf750 -74 
* * 12 1 0 2 0 0 2
cob=(6)
cfi=(192) /usr/src/debug/gcc/gcc/libgcc/config/i386/cpuinfo.c
cfn=(652) __cpu_indicator_init@GCC_4.8.0
calls=1 0x4260 -14 
* * 364 17 45 38 3 0 38 1
cob=(2)
cfi=(187)
cfn=(636)
calls=1 0x271c0 -28 
* * 72 19 11 7 5 3 7 1 1
cob=(5)
cfi=(186)
cfn=(630)
calls=1 0x10e0 -74 
* * 12 1 0 3 0 0 3
+2 -1 24
+3 * 24
+3 * 24
jcnd=19/24 -21 * 
* * 
+2 +3 8
+4 * 8 8
+1 * 8 8
+2 * 8 8
+2 * 8 8
+2 * 8 8
+2 * 8 8
+1 * 8 8
+3 -29 1
+2 * 1
jcnd=1/1 -19 +29 
* * 

fl=(11)
fn=(22) __GI___tunables_init
0x12f40 294 1 0 0 1 0 0 1
+4 +6 1 1
+6 * 1
+2 * 1
+6 -6 1 0 1
+1 +10 1
+5 * 1
+2 -10 1
+3 * 1 0 1
+2 * 1 0 1
+2 +10 1
+7 -10 1 0 1
+2 * 1
+3 * 1 0 1
+2 * 1
+3 +10 1
+3 -10 1 0 1
+1 * 1
+7 +10 1 0 1 0 0 1 0 0 1
jump=1 * * 
* * 
* * 27 0 26 0 0 4 0 0 4
jcnd=26/27 * * 
* * 
+3 43 101 0 0 1 0 0 1
+3 * 101
+6 * 101 101
+4 * 101
+3 * 101
jcnd=1/101 0x130c0 340 
* * 
+6 +6 100 100 0 0 33 0 0 33
+4 -3 100
+4 +3 100
+2 * 100
+6 * 100
+2 * 100
+2 * 100
+5 * 100
+11 * 100
+6 * 100 100 0 1 1 0 1 1
+5 * 100
+3 * 100
+4 * 100
+2 * 100
-14 * 1418 1418 0 0 24 0 0 24
+5 * 1418
+3 * 1418
+4 * 1418
+2 * 1418
+2 * 1518
+3 * 1518
jcnd=1418/1518 -19 * 
* * 
+2 +4 100
+2 * 100
+2 +4 100
+5 * 100
fi=(12) /usr/src/debug/glibc/glibc/elf/dl-tunables.h
+3 160 100
fe=(11)
+5 57 100
+7 * 100
jfi=(12)
jump=100 +27 160 
* * 
fi=(12)
+3 161 115
+2 * 115
jcnd=100/115 +29 * 
* * 
+2 -1 15 15 0 0 1 0 0 1
+4 * 15
+4 * 15
+4 * 15
+2 * 15
+6 * 115 115 0 1 0 0 1
+3 +1 115
+2 * 115
jcnd=115/115 -29 * 
* * 
+2 * 100
fe=(11)
+3 319 100
+7 * 100
+3 * 100 100 0 0 1 0 0 1
+4 * 100
+3 * 100
+4 * 100
+3 +1 100
+7 * 100
+4 * 100
+5 +2 100 100 0 0 1 0 0 1
+3 * 100
+2 * 100 0 0 1 0 0 1
jfi=(12)
jcnd=100/100 +17 160 
* * 
-45 -3 800
+7 * 800
+3 * 800 800
+4 * 800
+3 * 800
+4 * 800
+3 +1 800
+7 * 800
+4 * 800
+5 +2 800 800 0 0 8 0 0 8
+3 * 800
+2 * 800
jfi=(12)
jcnd=800/800 +17 160 
* * 
+2 -5 900
+4 * 900
+4 * 900
jcnd=800/900 -55 +2 
* * 
+2 * 100
jump=100 0x12f80 43 
* * 
fi=(12)
+5 160 1049 1049
+3 +1 1049
+3 * 1049
+2 * 1049
+3 * 1049
jfi=(11)
jcnd=900/1049 -26 317 
* * 
+2 -1 149 149
+4 * 149
+4 * 149
+4 * 149
+2 * 149
jcnd=149/149 -27 * 
* * 
fe=(11)
+85 340 1 1 0 1 0 0 1
+6 * 1
+3 * 1
+2 * 1
+2 * 1
+7 * 1
jump=1 +21 +6 
* * 
+12 +3 9
+4 * 9
+3 * 9
jcnd=1/9 +72 +12 
* * 
+2 +3 9 9
+3 * 9
+3 * 9
jcnd=9/9 -15 -3 
* * 
+64 +9 1 0 0 1 0 0 1
+7 * 1 1
+1 * 1 1
+2 * 1 1
+2 * 1 1
+2 * 1 1
+2 * 1 1
+1 * 1 1 0 1 0 0 1

fn=(58)
0x12f20 162 6 0 0 1 0 0 1
+4 +1 6
+2 * 6
+3 * 6
+4 * 6
+3 * 6
+7 * 6
+4 +2 6
cfn=(60) do_tunable_update_val
calls=6 0x12d20 -95 
* * 222 42 24 5 0 0 5

fn=(28)
0x13590 438 38 0 0 1 0 0 1
+4 +3 38
+2 * 38
+7 -3 38
+3 +3 38
+3 * 38
+4 * 38
+3 * 38
+4 * 38
+4 * 38 38 0 0 35 0 0 34
+4 * 38
+4 * 38
jcnd=3/38 +70 +19 
* * 
+2 +9 35 35 0 0 21 0 0 17
+4 -9 35 0 0 1 0 0 1
+3 * 35
jcnd=16/35 +53 +9 
* * 
+2 +19 22 0 22
+3 +7 22
+3 * 22
+4 * 22
+3 * 22 22 0 0 8 0 0 6
+6 * 22
+8 * 22
jcnd=22/22 +16 +2 
* * 
-24 * 16
+3 * 16
+4 * 16
+3 * 16 16 0 0 2 0 0 2
+6 * 16
+8 * 16
jcnd=16/16 +16 +2 
* * 
+16 +2 38 38
+8 -19 16 0 16
+2 +1 16
jump=16 -50 +16 
* * 
+6 +9 3 0 0 1 0 0 1
+5 * 3
jump=3 -64 * 
* * 

fn=(60)
0x12d20 70 6 0 0 1 0 0 1
+3 +3 6 6
+3 -3 6
+3 +3 6
+3 * 6
+6 * 6
+2 * 6
+2 +21 6 6
+4 +1 6 6
+4 -1 6 0 0 1 0 0 1
+3 * 6
+6 * 6 6
+3 +1 6
+3 * 6
+3 * 6
+2 * 6 6
fi=(12)
+3 +47 6
+3 * 6
fe=(11)
+3 -44 6
+3 * 6
jcnd=6/6 +8 +3 
* * 
+8 +3 6
+3 * 6
+4 +4 6
+3 * 6
jcnd=6/6 0x12e00 -22 
* * 
+18 +8 6 0 0 1 0 0 1
+3 * 6
jcnd=6/6 +83 +3 
* * 
+83 +3 6 0 6 1 0 0 1
+4 +1 6 0 6
+4 +1 6 0 6
+4 +1 6 0 6
+4 * 6 6
+24 -36 6 6 0 1 0 0 1
+3 +18 6
+3 * 6
+3 * 6
+3 +11 6
+3 * 6
jcnd=6/6 0x12d82 +1 
* * 

fl=(77) /usr/src/debug/glibc/glibc/elf/dl-lookup.c
fn=(286) check_match
0x9620 70 2822 0 2822 1 0 0 1
+1 * 2822
+3 * 2822
+3 * 2822
+3 * 2822 0 2822 0 0 5
+2 * 2822 0 2822
+2 * 2822
+3 * 2822 0 2822
+2 * 2822 0 2822
+2 * 2822
+3 * 2822 0 2822 0 0 1 0 0 1
+1 * 2822
+3 * 2822
+4 * 2822 2822 0 1 261 0 1 176
+5 * 2822 2822
+4 +3 2822 2822
+5 * 2822
+3 * 2822 2822 0 0 356 0 0 253
+5 * 2822
+6 * 2822
+3 * 2822
+3 * 2822
+4 * 2822
+3 +13 2822
+5 * 2822
+2 * 2822
+3 * 2822
+3 * 2822
+6 +3 2822
+3 * 2822 0 0 1 0 0 1
jcnd=2524/2822 +24 +4 
* * 
+2 * 298 298
+2 * 298
+3 * 298 298
+4 * 298 0 298
cfi=(32)
cfn=(96)
calls=298 0x25ce0 +9 
* * 14310 2433 0 36 312 0 30 165
+5 * 298
+2 * 298
+6 +4 2822 2822 0 0 18
+7 +1 2822
+3 * 2822
jcnd=3/2822 +79 +37 
* * 
+2 +4 2819
+3 * 2819
+2 +4 2819 2819
+3 * 2819 2819 0 0 205 0 0 47
+5 +1 2819
+3 * 2819
+5 * 2819
+4 * 2819 2819 0 1 0 0 1
+7 * 2819
+4 * 2819 2819 0 0 57
+4 * 2819 2819
+4 * 2819
jcnd=2807/2819 0x9748 +1 
* * 
+2 +2 12 12
+4 * 12
jcnd=12/12 0x9740 -27 
* * 
+8 +44 2822
+4 * 2822
+3 * 2822 2822
+1 * 2822 2822
+2 * 2822 2822
+2 * 2822 2822
+2 * 2822 2822
+2 * 2822 2822
+1 * 2822 2822
+2 -18 3
+3 * 3
+2 +2 3 3
+3 * 3 3 0 0 2
+4 +1 3
+2 -1 3
+2 * 3 0 0 1 0 0 1
+6 +1 3
+4 * 3
+3 * 3
+3 -1 3
+2 * 3
jcnd=2/3 -53 +16 
* * 
+2 +4 1
+3 * 1
+2 +1 1 1
+4 * 1 1
+4 * 1 1
+2 * 1
+3 * 1 0 1
+2 * 1
+2 * 1
+2 +2 1 1
+4 * 1 0 1
+3 * 1
+11 * 1
+2 -62 1
+2 * 1
jump=1 0x96dd +71 
* * 
-2 * 12
+2 * 12
jump=12 0x96dd +71 
* * 
+6 +26 2807 2807 0 1 8 0 1
+3 * 2807 2807 0 0 7
+3 * 2807 0 2807
cfi=(32)
cfn=(96)
calls=2807 0x25ce0 -6 
* * 94508 17678 0 0 163 0 0 10
+5 * 2807
+2 * 2807
jcnd=2807/2807 0x96dd +45 
* * 

fn=(280) _dl_lookup_symbol_x
0xa370 759 2833 0 0 1 0 0 1
+4 * 2833 0 2833
+1 * 2833
+3 * 2833 0 2833
+2 * 2833 0 2833
+2 * 2833 0 2833 0 0 3
+2 +2 2833 0 0 1 0 0 1
+3 -2 2833 0 2833
+2 * 2833
+3 * 2833 0 2833
+1 +2 2833
+3 -2 2833
+7 * 2833 0 2833 0 0 4
+7 * 2833 0 2833 0 0 3
+7 * 2833 0 2833
fi=(78) /usr/src/debug/glibc/glibc/elf/../sysdeps/generic/dl-new-hash.h
+7 74 2833 2833 0 0 1788 0 0 1224
+5 +3 2833
+2 * 2833
+6 -8 2833
+3 +1 2833
+6 * 2833
+4 +10 2833 2833 0 1 34 0 1 26
+4 +1 2833
+2 * 2833
-6 -1 57695 57695 0 0 725 0 0 569
+4 +1 57695
+2 * 57695
jcnd=1426/57695 0xa630 +6 
* * 
+6 +20 59102
+7 -2 59102
+2 +6 59102
+4 -3 59102
+3 * 59102
+2 +2 59102
+3 -30 59102 59102 0 0 808 0 0 653
+3 +3 59102
+2 * 59102
jcnd=57695/59102 -38 +3 
* * 
fe=(77)
+2 761 2833
+5 +4 2833 0 2833 0 0 4
+8 -4 2833 0 2833
+4 +8 2833
+3 * 2833 0 0 1 0 0 1
jcnd=26/2833 0xa648 +9 
* * 
+6 * 2807 2807
+4 * 2807
+6 +9 2807 2807
+7 -7 2807
+2 +1 2807 2807
+5 +6 2807 2807 0 0 7
+3 * 2807
+3 -6 2807
+6 +6 2807
+3 * 2807
+6 * 2833
+4 * 2833
+3 -15 2833
+4 +15 2833
+3 -15 2833 2833 0 1 0 0 1
+7 * 2833 0 2833
+7 * 2833
+4 * 2833 0 2833
+7 * 2833
+3 * 2833 0 2833
+7 * 2833
+3 * 2833
jump=2833 +21 +16 
* * 
+5 +15 23 23
+5 * 23
+4 * 23
+2 * 23
+3 * 23
jcnd=23/23 +69 +1 
* * 
+2 +1 2833 2833
+6 * 2833 0 2833 1 0 1 1
+4 * 2833 2833
+3 * 2833 2833 2833 0 0 2
+6 * 2833 2833
+7 * 2833 2833
+7 * 2833 0 2833
+1 * 2833
+3 * 2833 2833
+3 * 2833 2833 2833 0 0 1
+3 * 2833 0 2833
+1 * 2833
+3 * 2833 0 2833
+1 * 2833 0 2833
+1 * 2833 0 2833 0 0 2
cfn=(284) do_lookup_x
calls=2833 0x9780 334 
* * 1066970 323778 122199 79 6655 72 73 1666 40
+5 * 2833 2833
+5 * 2833
+4 * 2833
+2 * 2833
jcnd=23/2833 -81 -1 
* * 
+2 * 2833 2833
+4 +28 2833 2833 0 1 0 0 1
+3 -28 2833
+3 * 2833 2833
+7 * 2833 0 2833
+7 +28 2833
+3 -23 2833
+3 * 2833
jcnd=23/2833 0xaa0f +83 
* * 
+6 -5 2810 2810
+4 +29 2810
+3 * 2810
jcnd=4/2810 0xa670 * 
* * 
+6 * 2806 2806
+4 * 2806
+3 * 2806
+2 * 2806
+2 * 2806
+2 +35 2810 2810 0 1 0 0 1
+8 * 2810
+3 * 2810
+2 * 2810
+6 * 2810
+3 * 2810
+3 * 2810
+3 * 2810
+3 * 2810
+3 +14 2810 2810 0 0 21
+7 * 2810
+2 * 2810
jcnd=1/2810 0xa6f0 +1 
* * 
+6 +3 2810 2810
+7 * 2810
+6 -57 2833 2833
+7 * 2833 0 2833 1 0 0 1
+4 +76 2833
+4 * 2833
+3 * 2833 2833
+1 * 2833 2833
+2 * 2833 2833
+2 * 2833 2833
+2 * 2833 2833
+2 * 2833 2833
+1 * 2833 2833
fi=(78)
0xa630 87 1426 0 0 1 0 0 1
+3 +1 1426
+3 +1 1426
+3 * 1426
+4 +1 1426 0 0 1 0 0 1
jfi=(77)
jump=1426 0xa3e8 761 
* * 
fe=(77)
+11 778 26 26
+7 -6 26 26
+5 +6 26 26 0 0 1
+3 * 26
+3 -6 26
+2 +6 26
+3 * 26
+6 -7 26
+2 * 26
jump=26 0xa42f +7 
* * 
+9 +37 4
+3 * 4
jump=4 0xa4f9 +35 
* * 
0xa6f0 +50 1 0 1 1 0 0 1
+11 * 1
jump=1 0xa52a +2 
* * 
0xa92d -72 23 0 0 1 0 0 1
+3 * 23
+2 * 23 23
+4 * 23
+3 * 23
+2 * 23 0 0 1 0 0 1
jcnd=23/23 0xa9c2 +18 
* * 
0xa9c2 +18 23 0 23 1 0 0 1
+11 * 23
+3 * 23
jump=23 0xa537 -1 
* * 
+63 +63 23 0 0 1 0 0 1
+3 * 23
+3 * 23
+3 * 23
jump=23 0xa92d -81 
* * 

fn=(284)
0x9780 334 2833 0 2833 1 0 0 1
+1 * 2833
+3 * 2833 0 2833
+2 * 2833 0 2833
+2 * 2833 0 2833 0 0 1 0 0 1
+2 * 2833 0 2833
+2 * 2833 0 2833
+1 * 2833
+7 * 2833 0 2833 0 0 4 0 0 1
+4 +1 2833 2833
+4 -1 2833 0 2833
+4 * 2833 2833
+4 * 2833 0 2833
+4 * 2833 0 2833
+4 +7 2833 2833
+3 +11 2833 2833
+4 * 2833
fi=(79) /usr/src/debug/glibc/glibc/elf/../sysdeps/generic/dl-protected.h
+3 29 2833 2833
+5 * 2833 0 2833
fe=(77)
+4 352 2833 0 0 1 0 0 1
+4 * 2833
+3 * 2833
+3 * 2833
jump=2833 0x9861 -7 
* * 
+7 +31 9683 9683 0 0 21
+6 * 9683
+2 * 9683
+2 +8 9683 9683 0 0 32
+4 -4 9683 0 9683
+7 +1 9683 0 9683
+8 +3 9683 9683 0 0 32
+4 * 9683
+2 * 9683 9683
+7 * 9683
jcnd=9683/9683 +8 +1 
* * 
+8 +1 9683 9683 0 1 6 0 1
+4 * 9683 9683 0 0 5
+4 +3 9683 9683
+7 -3 9683
+3 +4 9683
+3 * 9683
+6 +3 9683
+3 +4 9683 9683
+6 -4 9683
+3 +1 9683 9683
+6 -2 9683 9683 0 0 1074 0 0 147
+4 +5 9683
+3 * 9683
+2 * 9683
+2 +3 9683
+3 * 9683
+3 * 9683
+3 * 9683
+3 * 9683
+3 * 9683
+3 * 9683
jcnd=2904/9683 0x9a48 +4 
* * 
+6 +99 6874 0 6874
+5 * 6874 6874
+4 * 6874
jcnd=23/6874 0x9d60 +4 
* * 
+6 345 9684 9684 0 1 0 0 1
+4 * 9684 9684 0 0 12
+4 * 9684 9684 0 0 32
+4 +3 9684
+3 * 9684
+2 +4 9684
+3 * 9684
jcnd=9678/9684 +11 +21 
* * 
+2 * 6 6
+7 * 6
jcnd=1/6 -44 505 
* * 
+2 +21 9683 9683 0 1 31 0 1
+7 * 9683
jcnd=9683/9683 +22 +4 
* * 
+22 +4 9683 9683 0 0 4
+7 * 9683
jcnd=9683/9683 0x97d0 +6 
* * 
fi=(4)
0x99e0 139 2810 2810 0 1 0 0 1
+4 * 2810
+2 +1 2810
+3 * 2810
+3 * 2810
fe=(77)
+3 463 2810
+3 * 2810
fi=(79)
+6 29 2810
+3 * 2810
jfi=(77)
jcnd=2810/2810 +12 470 
* * 
fe=(77)
+12 470 2810 2810 0 1 0 0 1
+4 * 2810
+3 * 2810
+2 * 2810
jcnd=1636/2810 0x9d28 +4 
* * 
+6 * 1174
+2 * 1174
jcnd=82/1174 0x9bc0 209 
* * 
+6 * 1092
+2 * 1092
+6 +16 2728 2728
+4 * 2728 0 2728
+3 +1 2728 0 2728
+4 +22 2728
+4 -21 2728
+5 +21 2728 2728
+1 * 2728 2728
+2 * 2728 2728
+2 * 2728 2728
+2 * 2728 2728
+2 * 2728 2728
+1 * 2728 2728
-19 * 82
+4 -21 82
+5 +21 82 82
+1 * 82 82
+2 * 82 82
+2 * 82 82
+2 * 82 82
+2 * 82 82
+1 * 82 82
+4 -99 2904 0 0 1 0 0 1
+3 * 2904
+2 * 2904
+2 -1 2904 2904
+7 * 2904 2904 0 0 1471 0 0 233
+3 +2 2904
+2 * 2904
jcnd=15/2904 0x9852 +94 
* * 
+6 +2 2889 2889
+7 +6 2889 0 2889 0 0 4
+4 * 2889 0 2889
+7 -6 2889
+4 +6 2889
+4 * 2889 0 2889
+4 * 2889 0 2889 1 0 0 1
+4 * 2889
+3 * 2889
+3 * 2889 0 2889
+4 * 2889
+2 * 2889 0 2889
+7 * 2889 0 2889 0 0 1 0 0 1
+7 * 2889
jump=2889 +17 -3 
* * 
+3 +7 4265
+4 * 4265
+4 * 4265
jcnd=80/4265 0xa213 +9 
* * 
+6 -10 7074 7074 0 0 2372 0 0 558
+4 * 7074
+3 * 7074
+2 * 7074
+2 * 7074
jcnd=4252/7074 -25 +10 
* * 
+2 +2 2822 2822
+4 * 2822 0 0 1 0 0 1
+3 +1 2822
+4 * 2822
+4 * 2822 2822 2822 0 0 5
+3 * 2822 2822
+4 -1 2822
+3 +1 2822 2822
+4 * 2822 0 2822
+1 -1 2822
+4 +1 2822 0 2822
+2 +1 2822
+2 -1 2822 0 2822 0 0 1 0 0 1
+2 * 2822 0 2822
+1 * 2822 2822
+4 +1 2822
+4 -1 2822 2822
+4 * 2822 2822
+3 * 2822
+4 * 2822 2822
+4 * 2822 0 2822
cfn=(286)
calls=2822 0x9620 70 
* * 277092 74302 20039 42 1389 6 36 651 1
+5 +4 2822 0 0 1 0 0 1
+4 * 2822
+3 * 2822
jcnd=13/2822 0x9aa0 +3 
* * 
+2 * 2809
+3 * 2809
+2 * 2809 2809
+7 * 2809
+3 * 2809 2809
+4 * 2809 2809
+7 * 2809
+3 * 2809 2809
+7 * 2809
jfi=(4)
jump=2809 0x99e0 139 
* * 
0x9bc0 209 82 82 0 1 0 0 1
+4 * 82 0 82
+7 +2 82
+7 -2 82 0 82
+4 +2 82
+8 -2 82 0 82
+4 +2 82
+4 -2 82 0 82
+4 +2 82
+4 -2 82 0 82
+4 +2 82
+5 +2 82
+3 -2 82 0 82
+4 * 82 0 82 1 0 0 1
+7 * 82
+3 * 82 82 82 0 2
cfi=(24)
cfn=(88)
calls=82 0x127c0 42 
* * 246 82
+6 +2 82 82 0 0 3 0 0 1
+5 +2 82 82
+4 * 82 82
+4 * 82 82
+4 * 82
+3 * 82
jcnd=1/82 0x9d71 509 
* * 
+6 -1 81 81
+5 +3 81
+3 * 81
+2 * 81 0 81
+4 * 81 0 81
+4 * 81
+3 * 81
+3 +1 81 81 0 1 0 0 1
+4 -1 81 0 81
+7 * 81 0 81
+7 * 81 0 81
+7 +1 81
+4 -1 81
+3 * 81
+3 +1 81
+2 * 81
+3 -1 81 0 81
+7 * 81
+3 +1 81
+4 * 81
+3 -1 81
+3 * 81
+4 * 81 81 0 1 0 0 1
+4 * 81
+3 * 81
+3 * 81
+3 * 81
+4 * 81
+3 * 81
+3 * 81
+3 * 81
+3 * 81
+3 * 81
jump=81 +32 +5 
* * 
-32 * 46 46
+4 * 46
+3 * 46
+3 * 46
+3 * 46
+4 * 46
+3 * 46
+3 * 46
+3 * 46
+3 * 46
+3 * 46
jump=46 +32 +5 
* * 
+8 +24 176
+3 * 176
jcnd=81/176 0x9f20 +8 
* * 
+6 +3 95
+3 +1 95
+3 * 95
+3 * 95
jcnd=46/95 0xa0e8 +1 
* * 
+6 -23 176 176 0 1 86 0 1 23
+4 -1 176 176
+3 * 176
jcnd=176/176 -31 +20 
* * 
+97 474 1636 1636 0 1 0 0 1
+6 * 1636
+2 * 1636
jcnd=1636/1636 0x9a26 +12 
* * 
+48 +35 23 0 0 1 0 0 1
+4 -1 23
+2 +1 23 23
+1 * 23 23
+2 * 23 23
+2 * 23 23
+2 * 23 23
+2 * 23 23
+1 * 23 23
+1 * 1 0 1
fi=(28)
+4 44 1
+5 * 1
+5 * 1 0 1 1 0 0 1
+4 * 1 0 1
+4 * 1 1 1
cfi=(27)
cfn=(74)
calls=1 0xb390 +36 
* * 41 8 7 0 3
+6 * 1
fe=(77)
+3 289 1
+3 * 1
+6 +3 1 0 1
+5 -75 1 1
+3 +70 1
+6 +7 1 1
+7 -7 1 1
+4 +6 1 0 1
+9 -76 1
+3 +70 1 1 0 1 0 0 1
+4 +7 1 0 1
+5 157 1
+10 * 1
+3 * 1
+3 * 1
+3 * 1
+3 * 1
+4 * 1
+4 * 1
+3 * 1
+4 * 1
+3 * 1
+3 * 1
+3 +1 1
+10 * 1 0 0 1 0 0 1
+3 * 1
+3 * 1
+4 * 1
+4 * 1
+3 * 1
+4 * 1
+3 * 1
+4 298 1 1
+2 * 1 1
+7 * 1
+3 -1 1
+3 * 1
+3 +1 1
+3 -1 1
-21 +1 81 81
+2 * 81 81
+7 * 81
+3 -1 81
+3 * 81
+3 +1 81
+3 -1 81
+6 * 82
+4 * 82
+3 * 82 0 0 1 0 0 1
+4 * 82
+3 * 82
jump=82 +43 159 
* * 
-10 * 38
+3 * 38
+4 * 38
+3 * 38
jump=38 +43 159 
* * 
+28 161 84
+3 +1 84
+3 * 84
+3 * 84
jcnd=38/84 0xa153 +1 
* * 
+6 -3 166 166 0 0 2 0 0 2
+5 * 166
jcnd=84/166 -20 +2 
* * 
+2 +7 82 0 82
+3 +1 82 0 82
+4 +1 82 0 82 1 0 26 1 0 11
+4 +1 82 0 82
+4 305 82 82
+7 * 82
+3 * 82
+2 * 82
+6 +11 82 82
+4 * 82 82
+4 * 82 0 82
+4 +2 82 82
+7 -2 82
+3 * 82
+7 * 82
+4 * 82 0 82
+6 +2 82 82 82
cfi=(24)
cfn=(88)
calls=82 0x127c0 42 
* * 246 82
+6 +2 82 82
+4 * 82 82
+4 +1 82 0 82
+4 -1 82 0 82
+3 +1 82
jump=82 0x9a31 509 
* * 
+39 457 80 80 0 1 0 0 1
+4 * 80 0 0 1 0 0 1
jcnd=79/80 0x9852 +48 
* * 
+6 * 1 1
+4 +2 1
+3 * 1
jfi=(4)
jcnd=1/1 0x99e0 139 
* * 
+21 249 81 81
+4 * 81 81
+4 * 81
+3 * 81
+3 * 81
+4 * 81 81
+4 * 81 81
+7 * 81
+3 * 81 0 0 1 0 0 1
+3 * 81
+7 * 81 81
+7 * 81 81
+7 * 81
+4 * 81 81
+7 * 81 81
+5 * 81
+4 * 81
+3 * 81
jcnd=79/81 0x9e1b +49 
* * 
+6 +7 2
+4 * 2 0 2
+7 * 2 0 2 1 0 0 1
+4 * 2 0 2
+7 * 2 0 2
cfi=(51)
cfn=(550) _dl_higher_prime_number
calls=2 0xb590 85 
* * 159 14 0 1 4 0 1 2
fi=(28)
+5 44 2
fe=(77)
+5 256 2
fi=(28)
+3 44 2
+3 * 2 2 2
cfi=(27)
cfn=(74)
calls=2 0xb390 +36 
* * 82 16 14 0 3
+6 * 2
fe=(77)
+3 259 2
+3 * 2
+6 158 2
+5 * 2 2
+4 266 2 2
+4 158 2 0 2
+4 * 2 0 0 1 0 0 1
+3 266 2 2
+7 * 2
+4 * 2 2
+7 * 2
+3 * 2
+3 * 2
+3 * 2
+6 * 2 0 2
+4 * 2
+3 * 2
+7 +1 2 2 0 0 2 0 0 1
+4 * 2
+3 * 2
jcnd=1/2 0xa060 -1 
* * 
-7 * 90 90 0 0 5 0 0 1
+4 * 90
+3 * 90
jcnd=21/90 0xa060 -1 
* * 
+2 +1 70 70
+3 * 70 0 0 1 0 0 1
+5 157 70
+2 268 70 70 0 0 16
+4 * 70 70
+4 157 70
+3 268 70
+3 157 70
+3 +1 70
+3 -1 70
+3 +1 70
+2 * 70 70
+4 * 70
+4 +1 70
+3 * 70
+4 * 70
+3 * 70
+4 * 70
+3 * 70
jump=70 +26 * 
* * 
-10 * 5
+3 * 5
+4 * 5
+3 * 5
jump=5 +26 * 
* * 
+11 +2 14
+3 +1 14
+3 * 14
+3 * 14
jcnd=5/14 0xa2a0 +1 
* * 
+6 -3 84 84 0 0 48 0 0 47
+5 * 84
jcnd=14/84 -20 +2 
* * 
+2 +7 70 0 70
+2 +3 70 0 70 0 0 24 0 0 24
+4 -2 70 0 70
+4 +99 70
+4 * 70
+3 * 70
jcnd=68/70 0x9ff0 +1 
* * 
-7 * 22 0 0 1 0 0 1
+4 * 22
+3 * 22
jcnd=22/22 0x9ff0 +1 
* * 
+2 * 2 2
+4 +6 2 2
+4 * 2 2
+4 * 2 0 2
+4 * 2
+3 * 2 0 2 1 0 0 1
+7 +2 2
+3 -2 2
+4 * 2
+7 * 2 0 2
+4 * 2
+4 * 2
+3 * 2 2 2
cfi=(27)
cfn=(552)
calls=2 0xb3d0 97 
* * 10 4 0 1 0 0 1
+4 +4 2 2
+7 157 2
+2 275 2
+3 * 2 2
+4 * 2 2
+4 -2 2 0 2
+4 +3 2 0 2
+4 157 2 2
+4 275 2 0 2
+4 +1 2 2
+7 157 2
+3 +1 2 2
+4 -1 2
+3 +1 2
+2 * 2 2
+4 * 2
+4 * 2
jump=2 0x9e1b 298 
* * 
+9 +88 46 0 0 1 0 0 1
+3 * 46
+3 * 46
+3 * 46
+3 * 46
+3 * 46
+3 * 46
jump=46 0x9c80 -29 
* * 
+89 -83 38 0 0 1 0 0 1
+3 * 38
jump=38 0x9e3a 297 
* * 
0xa213 435 80 0 0 1 0 0 1
+2 * 80 80
+4 * 80
+3 * 80 80
+7 * 80 80
+7 * 80 80
+7 * 80
+3 * 80
jump=80 0x9efa +22 
* * 
0xa2a0 163 5 0 0 1 0 0 1
+3 * 5
jump=5 0xa02b -4 
* * 

fl=(20)
fn=(56)
0x15ed0 613 1 0 1 1 0 0 1
+1 * 1
+3 * 1
+3 * 1
+3 * 1
+3 * 1 0 1
+2 * 1 0 1
+2 * 1 0 1
+2 * 1 0 1
+2 * 1 0 1
+1 * 1
+3 +47 1 1
+6 -29 1 1
+3 -3 1 1
+7 +32 1
+6 -17 1 0 0 1 0 0 1
+3 * 1
+6 -11 1 1
+3 +28 1
+2 * 1
+6 +4 1
+4 * 1
+6 -26 1 0 1
+7 +31 1
+6 -14 1 0 1
+7 +17 1 0 1
+4 -32 1 1
+7 +32 1
+3 -32 1 0 0 1 0 0 1
+2 +32 1 0 1
+4 -32 1
+2 +32 1
+3 * 1
+6 -32 1 0 1
+4 +32 1
+3 * 1
+3 * 1
jump=1 +89 * 
* * 
+6 +10 4
+2 * 4
+3 * 4
+3 * 4
+3 * 4
jcnd=1/4 0x16080 +5 
* * 
+6 * 3
+3 * 3
jcnd=2/3 +60 -10 
* * 
+2 +14 1
+4 * 1
+6 +4 1
+3 +3 1
+2 +1 1
+4 -4 1
+5 * 1 0 1
+3 +3 1
+2 * 1
+3 * 1 0 1
+3 +6 1
+3 * 1
jcnd=1/1 0x160a1 -69 
* * 
+20 -37 3
+3 * 3
+4 * 3
+3 * 3
+2 +6 3
+4 * 3
-13 -6 1 0 0 1 0 0 1
+4 * 1
+3 * 1
+2 +6 1
+4 * 1 0 0 1 0 0 1
+2 +1 4
+2 * 4
jcnd=4/4 0x15f60 +3 
* * 
+62 812 1 0 0 1 0 0 1
+3 * 1
+2 * 1
+2 * 1
+2 +1 1
+3 * 1
+3 * 1
+2 * 1
+3 * 1
+3 +4 1 1
+4 * 1
jcnd=1/1 +26 +7 
* * 
+26 +7 1 0 1
+3 +1 1 0 1
+3 +1 1 0 1
+2 +1 1 1
+1 * 1 1 0 1 0 0 1
+2 * 1 1
+2 * 1 1
+2 * 1 1
+2 * 1 1
+1 * 1 1
+55 687 1 0 0 1 0 0 1
+4 * 1
+6 +4 1
+3 +1 1
+4 -1 1
+5 * 1
+2 +18 1
+3 * 1
jcnd=1/1 0x15fb0 -37 
* * 
+6 -69 1 1
+7 * 1
+3 * 1
+3 * 1
+3 * 1 1
+4 * 1 0 1
+4 * 1
+4 * 1 1 0 1 0 0 1
+4 * 1
+3 * 1
+3 * 1 1
+4 +75 1
+2 * 1
+6 * 1
+4 * 1
+6 +8 1
+2 +2 1 1
+4 -2 1
+3 * 1
+2 * 1 1
+4 * 1
+3 * 1
+2 +2 1
+3 * 1
+6 -2 1
+3 * 1
+3 +22 1 0 1 1 0 0 1
+4 * 1
+3 -16 1
+6 +16 1
+3 * 1
+3 * 1
+3 * 1
+3 * 1
jump=1 +22 -16 
* * 
+7 +5 1
+6 * 1
jcnd=1/1 0x161e0 +3 
* * 
+6 * 1
+3 -21 1
+4 * 1
+3 * 1
+2 +3 1
+6 +1 1
+6 * 1
-21 -4 1
+4 * 1
+3 * 1
+2 +3 1
+6 +1 1 0 0 1 0 0 1
+6 * 1
+2 * 2
+2 * 2
+2 +2 2
+6 * 2
jcnd=1/2 -48 +15 
* * 
+2 +3 1
+4 * 1
+6 +5 1
+3 +2 1
+5 * 1
+3 +1 1
+3 +1 1
+4 -2 1
+2 * 1
+2 +1 1
+2 -19 1
+3 * 1
jcnd=1/1 -75 +23 
* * 
-3 * 1
+3 * 1
+2 * 1
+3 * 1
+3 * 1 1 0 1 0 0 1
+4 * 1
+3 * 1
+3 +46 1
+2 * 1
+6 +2 1 1
+3 -1 1
+3 +1 1
+2 * 1
+6 +2 1 1
+4 * 1
+6 -1 1
+3 * 1 0 1
+3 +25 1 1
+3 * 1
+5 * 1
jump=1 0x16002 +11 
* * 
+41 -48 1 0 0 1 0 0 1
+4 * 1
+6 -7 1
+3 +11 1 1
+4 * 1
+6 +3 1 1
+4 +2 1
+5 * 1 0 0 1 0 0 1
+3 * 1
+2 * 1
+2 +1 1
+2 * 1 0 1
+3 +5 1
+4 * 1
jump=1 0x16174 -41 
* * 

fn=(50)
0x16630 255 12 12 0 1 0 0 1
+7 * 12
+6 -5 12 0 12
+1 +17 12 0 0 1 0 0 1
+5 -17 12
+3 * 12 0 12
+2 * 12
+3 * 12 0 12
+2 * 12 0 12
+2 * 12 0 12
+2 * 12 0 12
+1 * 12
+4 +11 12 0 12
+4 +1 12 0 12
+4 +5 12
+2 * 12 0 12
+3 * 12
+3 +4 12
+2 * 12
jcnd=12/12 +40 +5 
* * 
+20 +34 12
+4 * 12 12
+1 * 12 12
+2 * 12 12
+2 * 12 12
+2 * 12 12
+2 * 12 12
+1 * 12 12
+6 -29 12 0 0 1 0 0 1
+2 +3 12
+4 * 12
+4 -3 12
+2 +3 12
+3 * 12
+3 * 12 0 12
cfn=(52) intel_check_word.constprop.0
calls=12 0x163c0 123 
* * 4056 420 60 5 6 0 5 6
+5 +2 12
+3 * 12
+2 +3 12
+3 * 12
+3 * 12
+2 * 12
+3 * 12 0 12
cfn=(52)
calls=12 0x163c0 123 
* * 1334 96 60 4 0 0 4
+5 +2 12
+3 * 12 0 0 1 0 0 1
jcnd=12/12 -67 +19 
* * 

fn=(52)
0x163c0 123 24 0 0 1 0 0 1
+2 * 24
+6 -4 24 0 24
+1 +10 24
+6 * 24
+3 -10 24
+3 * 24 0 24
+2 * 24 0 24
+2 * 24 0 24
+2 * 24
+3 +10 24
+5 * 24
+4 -10 24 0 24
+1 +10 24
+4 * 24
+4 +2 24
+2 * 24
+6 +71 24 24
+7 * 24 0 0 1 0 0 1
+3 +14 24
+7 -14 24
+4 * 24 24
+7 * 24
+3 * 24
+3 * 24
jump=24 +29 -69 
* * 
+20 -71 48
+3 * 48
jcnd=12/48 0x164c0 -6 
* * 
+6 +2 60
+4 +2 60
+4 * 60 0 0 1 0 0 1
+2 +8 60
+5 * 60
jcnd=12/60 0x164e3 +12 
* * 
+6 +51 48
+3 * 48
jcnd=48/48 +23 +22 
* * 
+23 +22 48
+5 * 48
+3 * 48
fi=(21) /usr/src/debug/glibc/glibc/elf/../bits/stdlib-bsearch.h
+3 28 48
+3 * 48
+3 * 48
fe=(20)
+4 +82 48 48 0 0 1 0 0 1
+3 * 48
+2 +3 324 0 0 1 0 0 1
jfi=(21)
jcnd=60/324 +80 -69 
* * 
+2 * 264
fi=(21)
+3 -87 264
+3 * 264
jfi=(20)
jcnd=24/264 -90 131 
* * 
-3 * 60
+3 * 60
jfi=(20)
jcnd=24/60 -90 131 
* * 
+2 +2 276
+3 * 276
+3 * 276
fe=(20)
+4 +82 276 276 0 0 5 0 0 5
+3 * 276
jcnd=276/276 -23 +3 
* * 
+41 +15 12
+2 246 12 12
+1 * 12 12
+2 * 12 12
+2 * 12 12
+2 * 12 12
+1 * 12 12
-8 * 12 12
+1 * 12 12
+2 * 12 12
+2 * 12 12
+2 * 12 12
+1 * 12 12
fi=(21)
+6 44 60 0 0 1 0 0 1
+4 -1 60
+4 +3 60
+3 * 60
jump=60 -86 -20 
* * 
fe=(20)
+8 155 12
+5 * 12
+2 * 12
+2 +3 12
+2 * 12
+3 * 12
+6 +9 12
+3 -12 12
+5 +12 12 0 0 1 0 0 1
+4 +1 12
+4 * 12
+4 +1 12
+4 * 12
+4 +1 12
+4 * 12
+4 -18 12
+2 * 12
jump=12 +34 +10 
* * 
+3 +12 12
+3 * 12
+2 +1 12
+4 * 12
jcnd=3/12 +80 +7 
* * 
+2 +22 21
+3 -32 21
+2 * 21
+2 * 21
+2 +3 21
+2 * 21
+3 * 21
jcnd=1/21 0x16619 +32 
* * 
+6 +4 32 0 0 1 0 0 1
+3 * 32
+3 +2 32
+3 * 32
+4 * 32
+3 * 32
jcnd=12/32 -47 * 
* * 
+2 +3 20
+3 * 20
jcnd=11/20 +7 +1 
* * 
+2 * 9
+3 * 9
jcnd=2/9 +32 +5 
* * 
+2 +1 18
+3 * 18
jcnd=11/18 +7 +1 
* * 
+2 * 7
+3 * 7
jcnd=3/7 +22 +4 
* * 
+2 +1 15
+3 * 15
jcnd=11/15 +7 +1 
* * 
+2 * 4
+3 * 4
jcnd=3/4 +12 +3 
* * 
+2 +1 12
+3 * 12
jcnd=12/12 -71 +17 
* * 
+7 +2 11
+7 +2 11 0 0 1 0 0 1
+3 * 11
jcnd=4/11 +92 +2 
* * 
+2 +6 7
+4 * 7
jcnd=3/7 +64 +1 
* * 
+2 +3 4
+4 * 4
+6 +1 4
+6 * 4
+4 * 4
jump=4 0x164c2 +62 
* * 
+42 -3 3
+2 * 3
+3 * 3
+3 * 3
jump=3 0x164c2 +65 
* * 
+14 -5 4 0 0 1 0 0 1
+2 +2 4
+2 +1 4
+3 -2 4
+3 -1 4
+3 +2 4
+6 * 4
+3 -2 4
+3 +3 4
+3 -2 4
+2 * 4
+6 * 4
+3 +2 4
+3 * 4
+3 * 4
jump=4 0x164c2 +67 
* * 
+13 +11 1
+7 * 1
jump=1 0x164c2 +56 
* * 

fl=(76) /usr/src/debug/glibc/glibc/elf/dl-reloc.c
fn=(448) _dl_protect_relro
0xdcf0 352 7 0 0 1 0 0 1
+4 +1 7 7 0 0 3
+7 * 7
+3 * 7
+2 -1 7 0 7 1 0 0 1
+1 * 7
+3 * 7 0 7
+1 * 7
+3 * 7
+4 +4 7 7
+7 * 7 7
+7 * 7 7
+3 * 7
+3 * 7
+3 +3 7
+3 -3 7
+3 +3 7
+3 +4 7
+3 * 7
jcnd=7/7 +17 +1 
* * 
+2 +7 7 7
+4 * 7 7
+1 * 7 7
+10 -6 7 0 0 1 0 0 1
+3 * 7
+5 * 7
+3 * 7 0 7
cfi=(139) /usr/src/debug/glibc/glibc/misc/../sysdeps/unix/syscall-template.S
cfn=(450) mprotect
calls=7 0x24510 117 
* * 42 7 0 1 0 0 1
+5 * 7
+2 * 7
jcnd=7/7 -33 +6 
* * 

fn=(270) _dl_relocate_object
0x106f0 343 8 0 0 1 0 0 1
+4 +1 8 8
+7 * 8
jcnd=6/8 +5 -1 
* * 
+2 * 2 2
+3 -1 6 0 6 1 0 0 1
+1 * 6
+3 * 6 0 6
+1 * 6
+3 * 6
+4 +3 6 0 6
cfn=(272) _dl_relocate_object_no_relro
calls=6 0xde60 207 
* * 2563448 647844 233067 296 15755 1937 296 7906 1105
+5 +1 6
+3 +1 6 6 0 0 2
+4 * 6 6
+1 -1 6
cfn=(448)
calls=6 0xdcf0 +5 
* * 204 48 18 4 3 0 4

fn=(272)
0xde60 207 7 0 0 1 0 0 1
+4 * 7 0 7
+1 +11 7
+2 * 7
+5 -11 7
+3 * 7 0 7
+2 +10 7
+3 -10 7 0 7
+2 +10 7
+4 -10 7
+3 +13 7
+2 -13 7 0 7 1 0 0 1
+2 * 7 0 7
+2 * 7 0 7
+1 * 7
+7 +16 7
+6 -16 7 0 7
+7 * 7 0 7
+6 +11 7 0 7
+6 +2 7 0 7
+7 +3 7
+6 +3 7 7 0 0 2
+6 -1 7 7
+7 +1 7
+2 * 7 0 0 1 0 0 1
jcnd=7/7 0xdf3d +20 
* * 
0xdf3d +20 7 7 0 1 0 0 1
+6 * 7 7
+6 * 7
+3 * 7
+2 * 7
+2 +1 7 7 0 0 6
+8 * 7
jcnd=5/7 0xf93c +3 
* * 
+6 +3 2
+2 * 2
+6 +7 2 2
+7 * 2
+3 * 2
fi=(6) /usr/src/debug/glibc/glibc/elf/../sysdeps/x86_64/dl-machine.h
+6 78 2 2
+8 * 2
jfi=(4)
jcnd=1/2 +70 +1 
* * 
+2 * 1 0 0 1 0 0 1
+3 * 1
+2 +6 1 1
+4 * 1 1 0 0 1
+4 * 1 1
+8 * 1
jcnd=1/1 +5 +4 
* * 
+5 +4 1 1 0 0 1 0 0 1
+4 * 1
+3 * 1
+6 +15 1 1
+6 -9 1 0 1
+4 +9 1
+2 * 1
+6 +23 1 1 0 0 1
+7 * 1 0 1
fi=(4)
+4 -47 1 1
fe=(76)
+8 296 1
+7 * 1 1
fi=(4)
+3 79 1
+2 * 1
fe=(76)
+3 296 1
+3 * 1
fi=(4)
-26 79 6 6 0 1 0 0 1
fe=(76)
+8 296 6
+7 * 6 6 0 0 2
fi=(4)
+3 79 6
+2 * 6
fe=(76)
+3 296 6
+3 * 6
jcnd=1/6 0xe084 * 
* * 
+6 * 6 6 0 0 5
+7 * 6
+3 * 6
jcnd=1/6 0xe084 * 
* * 
+6 * 5 5 0 0 4
+4 * 5
+3 * 5
+4 * 5 0 0 1 0 0 1
+4 * 5 5 0 0 1
+7 * 5 5 0 0 1
+4 * 5
+3 * 5
+3 * 5
+2 * 5
+2 * 5
jump=5 +27 * 
* * 
+8 * 23
+3 * 23
+4 * 23 0 23 0 0 23 0 0 19
+3 * 23
+4 * 23
+3 * 23
jfi=(4)
jcnd=1/23 +67 79 
* * 
+2 * 115 115 0 0 19 0 0 19
+3 * 115
+2 * 115
jcnd=23/115 -24 * 
* * 
+2 * 92
+3 * 92
+3 * 92 0 0 1 0 0 1
+2 * 92
+11 * 92
+3 * 92
+2 * 92
jcnd=56/92 0xf028 * 
* * 
-2 * 4461
+2 * 4461
jcnd=2406/4461 0xf028 * 
* * 
+6 * 2091 0 2091 0 0 460 0 0 456
+3 * 2091
+4 * 2091
+3 * 2091
jcnd=1999/2091 -18 * 
* * 
+2 * 92
+4 * 92
+7 * 92
+3 * 92
jcnd=88/92 -63 * 
* * 
fi=(4)
+2 79 5 5
fe=(76)
+8 296 5 5
fi=(4)
+3 79 5 0 0 1 0 0 1
+2 * 5
fe=(76)
+3 296 5 5
+4 * 5
+4 * 5 0 5
+4 * 5 0 5
+4 * 5 0 5
+4 * 5 0 5
+4 * 5
+3 * 5
-27 * 2 2
+4 * 2
+4 * 2 0 2
+4 * 2 0 2
+4 * 2 0 2
+4 * 2 0 2
+4 * 2
+3 * 2
+6 * 7 7 0 0 5
+4 * 7
+2 * 7
+3 * 7
+2 * 7
+4 * 7
+3 * 7
+4 * 7 7 0 1 2 0 1
+7 * 7 7 0 0 1
+4 * 7
+5 * 7 7 0 0 6 0 0 2
+7 * 7
+5 * 7
+4 * 7 0 7
+4 * 7
+3 * 7
jcnd=7/7 +10 * 
* * 
+10 * 7 7 0 0 1
+8 * 7
jcnd=5/7 +91 * 
* * 
+2 * 2 2
+7 * 2
+3 * 2 2 0 1 0 0 1
+4 * 2 2
+4 * 2 2
+4 * 2
+4 * 2
+5 * 2
+4 * 2
+3 * 2
+4 * 2
+5 * 2
+4 * 2
+4 * 2
+4 * 2 0 2
+4 * 2
+3 * 2
+6 * 2 0 0 1 0 0 1
+3 * 2
jcnd=1/2 0xeed0 * 
* * 
+6 * 1 0 1
+4 * 1 0 1
+4 * 1
+4 * 1 0 1
+7 * 1
+4 * 1 0 1
+7 * 1
+3 * 1
+3 * 1 0 1
+7 * 1
+3 * 1 1
fi=(5) /usr/src/debug/glibc/glibc/elf/do-rel.h
+5 49 1 1
+4 +4 1
+3 +27 1 1
+4 -32 1
+5 +1 1
+4 * 1
+4 * 1
+4 +4 1 1
+4 * 1
+5 * 1
+4 * 1 1
+4 * 1
+5 * 1 0 1
+8 * 1
+4 * 1
+4 +27 1
+2 * 1
jcnd=1/1 0xe4c0 +25 
* * 
fe=(76)
0xe14f 296 6
+4 * 6 0 6
+7 * 6
+4 * 6 0 6
+7 * 6
+3 * 6
+3 * 6 0 6
+7 * 6
+3 * 6 6
fi=(5)
+5 49 6 6
+4 +4 6 0 0 1 0 0 1
+3 +27 6 6
+4 -32 6
+5 +1 6
+4 * 6
+4 * 6
+4 +4 6 6
+4 * 6
+5 * 6
+4 * 6 6
+4 * 6
+5 * 6 0 6
+8 * 6
+4 * 6
+4 +27 6
+2 * 6 0 0 1 0 0 1
jcnd=6/6 0xe4c0 +25 
* * 
fe=(76)
-73 296 7 7 0 0 1
fi=(5)
+5 49 7 7
+4 +4 7
+3 +27 7 7
+4 -32 7
+5 +1 7
+4 * 7
+4 * 7
+4 +4 7 7
+4 * 7
+5 * 7
+4 * 7 7
+4 * 7
+5 * 7 0 7
+8 * 7
+4 * 7
+4 +27 7
+2 * 7
jcnd=6/7 0xe4c0 +25 
* * 
+6 -7 1
+3 -1 1
+3 +11 1
+3 * 1
+6 * 1
+3 * 1
+3 * 1 1
+7 * 1 0 1
+7 * 1
jump=1 +53 +2 
* * 
fi=(6)
+9 509 29 29
+3 * 29
+3 +4 29
+4 * 29
+2 +3 29 29
+7 * 29
+3 * 29
+6 +1 29 0 29 0 0 4 0 0 4
fi=(5)
+3 83 29
+4 * 29
+3 * 29
jcnd=1/29 0xe3c0 * 
* * 
+6 +2 29 29 0 1 11 0 1 11
+4 * 29
+2 * 29
+3 * 29
jfi=(6)
jcnd=29/29 -53 509 
* * 
0xe3c0 -2 1 1 0 1 0 0 1
+7 * 1
+3 * 1
+3 +13 1
+3 * 1
jfi=(76)
jcnd=1/1 +92 296 
* * 
fe=(76)
+92 296 11 11 0 1 0 0 1
+7 * 11
+4 * 11
+3 * 11
jfi=(5)
jcnd=4/11 0xe969 51 
* * 
fi=(6)
+6 725 7 0 0 1 0 0 1
+3 * 7 7
+7 * 7 7
+7 * 7
+3 * 7
jfi=(76)
jcnd=1/7 +15 298 
* * 
+2 +4 6 6
+7 * 6
fe=(76)
+6 298 7 7
+6 * 7
+2 * 7
+6 * 7 7
+7 * 7
+6 +23 7 0 7 1 0 0 1
+8 +3 7
+3 * 7
+6 +14 7
+4 * 7 7 0 0 2
+1 * 7 7
+2 * 7 7
+2 * 7 7
+2 * 7 7
+2 * 7 7
+1 * 7 7
fi=(5)
+35 105 13 0 0 1 0 0 1
+7 * 13
+3 * 13
jcnd=2/13 +66 +12 
* * 
+2 +9 11
+3 * 11
jcnd=11/11 +61 +3 
* * 
+61 +3 13 13 0 1 7 0 1
+7 * 13
+3 * 13
jfi=(76)
jcnd=2/13 0xf070 +73 
* * 
+6 +3 11 11 0 0 4
+4 * 11 0 11
+7 * 11 11
+8 * 11
+6 +2 11 11
+7 * 11
+3 * 11 0 0 1 0 0 1
jfi=(76)
jcnd=5/11 0xe42c 296 
* * 
+6 -50 6
fe=(76)
+3 190 6
+4 * 6
fi=(5)
+4 73 6 0 6
fe=(76)
+11 190 6 0 6
+7 * 6 0 6
+7 * 6 0 6
+7 * 6 0 6
+7 * 6 0 6
+7 * 6 0 6 1 0 0 1
+7 * 6
fi=(5)
+11 -66 6 6 0 0 5 0 0 1
+4 * 6 6
+7 +1 6 6
+7 -1 6
+3 +5 6
+3 -5 6
+4 * 6 6 0 0 6 0 0 3
+4 +1 6
+4 * 6
+4 +1 6 6
+7 * 6 6 0 1 1 0 1
+3 +1 6
+5 -2 6 0 6
+4 +2 6
+4 * 6 6
+7 -1 6 0 6
+7 +1 6
+4 +2 6
+4 * 6
jcnd=1/6 0xed00 +3 
* * 
-85 -5 4608 4608 0 0 1377 0 0 1376
+4 * 4608 4608
+7 +1 4608 4608
+7 -1 4608
+3 +5 4608
+3 -5 4608
+4 * 4608 4608 0 0 1526 0 0 246
+4 +1 4608
+4 * 4608
+4 +1 4608 4608
+7 * 4608 4608
+3 +1 4608
+5 -2 4608 0 4608
+4 +2 4608
+4 * 4608 4608
+7 -1 4608 0 4608
+7 +1 4608
+4 +2 4608
+4 * 4608
jcnd=71/4608 0xed00 +3 
* * 
+6 +9 4542 0 4542
fi=(6)
+4 262 4542
+4 * 4542
+6 +7 4542
+4 * 4542 0 0 1 0 0 1
+6 +4 4542
+3 * 4542
fe=(76)
+6 170 4542 4542 0 0 2528 0 0 1768
+6 * 4542
+2 * 4542
+3 * 4542
jfi=(6)
jcnd=17/4542 0xecf0 449 
* * 
fi=(4)
+6 -30 4525 4525
+6 * 4525
+3 * 4525
fe=(76)
+3 +31 4525
+3 * 4525
+6 +3 4525 4525 0 0 4
+7 * 4525
jcnd=1716/4525 0xee60 +1 
* * 
+6 +8 2809 0 0 1 0 0 1
+4 * 2809
+6 -8 2809
+6 * 2809
+7 * 2809
jcnd=4/2809 +25 +12 
* * 
+2 * 2805
+6 * 2805
+4 * 2805
jcnd=1/2805 +13 +12 
* * 
+2 * 2804
+3 * 2804
+4 * 2804
+4 +12 2804 2804
+4 * 2804 2804
+4 -3 2804 0 2804
+7 +1 2804 0 2804 1 0 0 1
+7 +2 2804 2804
+4 * 2804
+2 * 2804 2804
+8 * 2804
jcnd=2804/2804 +5 * 
* * 
-36 * 5 5
+4 * 5 5
+4 -3 5 0 5
+7 +1 5 0 5
+7 +2 5 5
+4 * 5
+2 * 5 5
+8 * 5
jcnd=5/5 +5 * 
* * 
+5 * 2809
+3 +1 2809
+3 -1 2809
+3 +2 2809
+3 * 2809
+2 * 2809 2809 0 0 121
+4 +1 2809
+3 -1 2809
+2 * 2809
jcnd=2789/2809 +5 -1 
* * 
+2 -1 20
+3 * 20 0 20
+7 +3 20 20
+7 * 20
+3 * 20 0 20
+2 * 20 20
+7 * 20 0 20
+2 * 20 0 20
cfi=(77)
cfn=(280)
calls=20 0xa370 759 
* * 11443 3404 1147 5 95 0 5 13
-28 -3 2789 0 2789
+7 +3 2789 2789 0 1 0 0 1
+7 * 2789
+3 * 2789 0 2789
+2 * 2789 2789
+7 * 2789 0 2789
+2 * 2789 0 2789
cfi=(77)
cfn=(280)
calls=2789 0xa370 759 
* * 2064930 520110 187277 83 9587 59 83 4104 40
+5 +3 2809 2809
+4 +1 2809 2809
+7 * 2809
+5 -4 2809
+3 +4 2809
+5 * 2809
+4 * 2809 0 2809 0 0 1
+8 * 2809 2809
+1 * 2809 2809
fi=(6)
+1 +88 2809
+3 * 2809 0 0 1 0 0 1
+3 * 2809
jcnd=20/2809 +43 +30 
* * 
-6 * 1716
+3 * 1716
+3 * 1716
+2 +3 4505 4505
+4 -3 4505 4505
+4 * 4505 4505
+4 * 4505
+3 * 4505
+4 * 4505
-15 * 17 17
+4 * 17 17
+4 * 17
+3 * 17
+4 * 17
+6 * 4522 4522 0 0 10
+3 +4 4522
+2 * 4522
jcnd=4492/4522 +11 +26 
* * 
+2 * 30
+3 * 30
jcnd=30/30 0xed80 +1 
* * 
+6 +26 4512
+4 * 4512
+6 * 4542
+7 * 4542 4542 0 1 5 0 1 2
+4 * 4542
+3 * 4542
jump=1 0xec50 455 
* * 
jump=2 0xeb48 +35 
* * 
jump=4 0xeb70 +29 
* * 
jump=1735 +16 418 
* * 
jump=17 0xec10 +83 
* * 
jump=2783 +12 418 
* * 
+12 418 2783 2783 0 0 345 0 0 345
+4 * 2783 2783
+7 * 2783 0 2783 0 0 844 0 0 358
fi=(5)
+3 141 2783 2783
+3 * 2783
+4 * 2783
fi=(6)
-17 418 1735 1735
+7 * 1735 0 1735 0 0 528 0 0 211
fi=(5)
+3 141 1735 1735
+3 * 1735
+4 * 1735
-7 * 1 1
+3 * 1
+4 * 1
-4 * 23
+4 * 23
+6 -19 4614 4614
+7 * 4614
+4 * 4614
+3 * 4614
jcnd=4608/4614 0xe590 +2 
* * 
+6 +33 6 6 0 1 0 0 1
+7 * 6 6
+7 * 6 6
+7 * 6 6
+7 * 6
+3 * 6
jfi=(76)
jcnd=3/6 0xe42c 296 
* * 
+6 +1 3 3
+7 * 3
+3 * 3
+6 * 3 0 3
+7 * 3
+3 * 3 0 0 1 0 0 1
+3 * 3
+3 * 3 0 3
+7 * 3
+3 * 3
jump=3 +31 +1 
* * 
+31 +1 72 72
+4 * 72
+3 * 72
+2 +3 72 72
+7 * 72 0 0 1 0 0 1
+4 +2 72 72
+7 +2 72 72
+3 -4 72 72
+4 +2 72
+4 +1 72 72
+8 -1 72
+4 +2 72
+3 * 72 0 72
fe=(76)
+4 +6 72 72 0 0 2
+5 * 72
+2 * 72
+3 * 72
jcnd=72/72 0xf038 296 
* * 
fi=(6)
0xe904 282 72 72 0 1 0 0 1
+4 * 72 72 0 0 1
+4 * 72
+3 * 72
+4 * 72
+6 +4 72
+3 * 72
jcnd=72/72 +11 472 
* * 
+11 472 72 72
+6 -1 72 72
+4 * 72 72
+4 +1 72
+2 * 72
+2 +1 72 0 72
cfi=(15) /usr/src/debug/glibc/glibc/elf/../sysdeps/x86/dl-get-cpu-features.c
cfn=(574) __x86_cpu_features
calls=1 0x18480 76 
* * 6 2
cob=(3)
cfi=(165) /usr/src/debug/glibc/glibc/math/../sysdeps/x86_64/fpu/multiarch/s_cosf.c
cfn=(544) cosf
calls=1 0x6bac0 28 
* * 9 4 0 1 0 0 1
cob=(3)
cfi=(164) /usr/src/debug/glibc/glibc/math/../sysdeps/x86_64/fpu/multiarch/e_exp.c
cfn=(540) __exp_finite@GLIBC_2.15
calls=1 0x50e60 29 
* * 9 4 0 2 0 0 2
cob=(3)
cfi=(163) /usr/src/debug/glibc/glibc/math/../sysdeps/x86_64/fpu/multiarch/e_expf.c
cfn=(536) expf@@GLIBC_2.27
calls=1 0x667d0 29 
* * 9 4 0 1 0 0 1
cob=(3)
cfi=(143) /usr/src/debug/glibc/glibc/math/../sysdeps/x86_64/fpu/multiarch/s_sin.c
cfn=(532) cos
calls=1 0x5bfa0 36 
* * 9 4 0 1 0 0 1
cob=(3)
cfi=(162) /usr/src/debug/glibc/glibc/math/../sysdeps/x86_64/fpu/multiarch/e_logf.c
cfn=(528) logf@@GLIBC_2.27
calls=1 0x6ab70 29 
* * 9 4 0 2 0 0 2
cob=(3)
cfi=(161) /usr/src/debug/glibc/glibc/math/../sysdeps/x86_64/fpu/multiarch/s_tan.c
cfn=(524) tan
calls=1 0x5d4d0 28 
* * 9 4 0 2 0 0 2
cob=(3)
cfi=(160) /usr/src/debug/glibc/glibc/math/../sysdeps/x86_64/fpu/multiarch/e_log2.c
cfn=(520) log2@@GLIBC_2.29
calls=1 0x555a0 29 
* * 9 4 0 2 0 0 2
cob=(3)
cfi=(159) /usr/src/debug/glibc/glibc/math/../sysdeps/x86_64/fpu/multiarch/s_sincosf.c
cfn=(516) sincosf
calls=1 0x6d8a0 28 
* * 9 4 0 1 0 0 1
cob=(3)
cfi=(158) /usr/src/debug/glibc/glibc/math/../sysdeps/x86_64/fpu/multiarch/e_powf.c
cfn=(512) powf@@GLIBC_2.27
calls=1 0x6afc0 32 
* * 9 4 0 1 0 0 1
cob=(3)
cfi=(157) /usr/src/debug/glibc/glibc/math/../sysdeps/x86_64/fpu/multiarch/e_pow.c
cfn=(508) __pow_finite@GLIBC_2.15
calls=1 0x56080 29 
* * 8 4 0 1 0 0 1
cob=(3)
cfi=(156) /usr/src/debug/glibc/glibc/math/../sysdeps/x86_64/fpu/multiarch/e_log2f.c
cfn=(504) log2f@@GLIBC_2.27
calls=1 0x6aa20 29 
* * 9 4 0 2 0 0 2
cob=(3)
cfi=(155) /usr/src/debug/glibc/glibc/math/../sysdeps/x86_64/fpu/multiarch/s_log1p.c
cfn=(500) __log1p
calls=1 0x5a210 28 
* * 9 4 0 1 0 0 1
cob=(3)
cfi=(154) /usr/src/debug/glibc/glibc/math/../sysdeps/x86_64/fpu/multiarch/e_log.c
cfn=(496) __log_finite@GLIBC_2.15
calls=1 0x55890 29 
* * 9 4 0 2 0 0 2
cob=(3)
cfi=(153) /usr/src/debug/glibc/glibc/math/../sysdeps/x86_64/fpu/multiarch/s_atan.c
cfn=(492) atan
calls=1 0x57930 28 
* * 9 4 0 2 0 0 2
cob=(3)
cfi=(149) /usr/src/debug/glibc/glibc/math/../sysdeps/x86_64/fpu/multiarch/e_asin.c
cfn=(488) __acos_finite@GLIBC_2.15
calls=1 0x4f9f0 37 
* * 8 4 0 1 0 0 1
cob=(3)
cfi=(152) /usr/src/debug/glibc/glibc/math/../sysdeps/x86_64/fpu/multiarch/s_sinf.c
cfn=(484) sinf
calls=1 0x6d870 28 
* * 9 4 0 2 0 0 2
cob=(3)
cfi=(151) /usr/src/debug/glibc/glibc/math/../sysdeps/x86_64/fpu/multiarch/s_fma.c
cfn=(482) fma
calls=1 0x595f0 49 
* * 6 3 0 2 0 0 2
cob=(3)
cfi=(150) /usr/src/debug/glibc/glibc/math/../sysdeps/x86_64/fpu/multiarch/s_roundeven.c
cfn=(480) roundeven
calls=1 0x5aab0 32 
* * 7 3 0 2 0 0 2
cob=(3)
cfi=(149)
cfn=(476) __asin_finite@GLIBC_2.15
calls=1 0x4f9b0 29 
* * 8 4 0 2 0 0 2
cob=(3)
cfi=(148) /usr/src/debug/glibc/glibc/math/../sysdeps/x86_64/fpu/multiarch/s_expm1.c
cfn=(472) expm1
calls=1 0x58af0 28 
* * 9 4 0 2 0 0 2
cob=(3)
cfi=(146) /usr/src/debug/glibc/glibc/math/../sysdeps/x86_64/fpu/multiarch/e_exp2f.c
cfn=(468) exp2f@@GLIBC_2.27
calls=1 0x5e400 29 
* * 9 4 0 1 0 0 1
cob=(3)
cfi=(145) /usr/src/debug/glibc/glibc/math/../sysdeps/x86_64/fpu/multiarch/e_atan2.c
cfn=(464) __atan2_finite@GLIBC_2.15
calls=1 0x50720 28 
* * 9 4 0 2 0 0 2
cob=(3)
cfi=(143)
cfn=(460) sin
calls=1 0x5bf50 29 
* * 9 4 0 2 0 0 2
cob=(3)
cfi=(142) /usr/src/debug/glibc/glibc/math/../sysdeps/x86_64/fpu/multiarch/s_fmaf.c
cfn=(458) fmaf
calls=1 0x6c470 44 
* * 6 3 0 2 0 0 2
cob=(3)
cfi=(140) /usr/src/debug/glibc/glibc/math/../sysdeps/x86_64/fpu/multiarch/s_sincos.c
cfn=(454) sincos
calls=1 0x5c9e0 28 
* * 8 4 0 2 0 0 2
cob=(2)
cfi=(138)
cfn=(446)
calls=1 0xae2d0 29 
* * 7 3 0 1 0 0 1
cob=(2)
cfi=(136)
cfn=(442)
calls=1 0xaa320 29 
* * 23 4 0 2 0 0 2
cob=(2)
cfi=(135)
cfn=(438)
calls=1 0xaad00 29 
* * 22 4 0 3 0 0 3
cob=(2)
cfi=(134)
cfn=(434)
calls=1 0xadf50 29 
* * 19 4 0 2 0 0 2
cob=(2)
cfi=(133)
cfn=(430)
calls=1 0xadc80 29 
* * 25 5 0 2 0 0 2
cob=(2)
cfi=(132)
cfn=(426)
calls=1 0xab330 31 
* * 21 4 0 2 0 0 2
cob=(2)
cfi=(131)
cfn=(422)
calls=1 0xad210 29 
* * 17 4 0 2 0 0 2
cob=(2)
cfi=(129)
cfn=(418)
calls=1 0xaa3a0 29 
* * 24 5 0 2 0 0 2
cob=(2)
cfi=(128)
cfn=(414)
calls=1 0xabf80 31 
* * 25 5 0 2 0 0 2
cob=(2)
cfi=(127)
cfn=(410)
calls=1 0xaddb0 31 
* * 21 4 0 2 0 0 2
cob=(2)
cfi=(126)
cfn=(408)
calls=1 0xc29e0 60 
* * 16 4 0 3 0 0 3
cob=(2)
cfi=(125)
cfn=(406)
calls=1 0xad280 29 
* * 7 3 0 1 0 0 1
cob=(2)
cfi=(124)
cfn=(402)
calls=1 0xab290 31 
* * 21 4 0 3 0 0 3
cob=(2)
cfi=(123)
cfn=(400)
calls=1 0xadeb0 67 
* * 21 4 0 3 0 0 3
cob=(2)
cfi=(121)
cfn=(396)
calls=2 0xcfd40 31 
* * 46 8 0 2 0 0 2
cob=(2)
cfi=(119)
cfn=(392)
calls=1 0xab230 31 
* * 19 4 0 1 0 0 1
cob=(2)
cfi=(118)
cfn=(388)
calls=1 0xc1ab0 30 
* * 25 5 0 3 0 0 3
cob=(2)
cfi=(117)
cfn=(384)
calls=1 0xae0d0 28 
* * 25 5 0 1 0 0 1
cob=(2)
cfi=(116)
cfn=(382)
calls=1 0xabf00 65 
* * 19 4 0 2 0 0 2
cob=(2)
cfi=(94)
cfn=(376)
calls=2 0xc1a00 31 
* * 50 10 0 2 0 0 2
cob=(2)
cfi=(113)
cfn=(372)
calls=1 0xaaf40 29 
* * 25 5 0 2 0 0 2
cob=(2)
cfi=(112)
cfn=(370)
calls=1 0xac010 79 
* * 19 4 0 3 0 0 3
cob=(2)
cfi=(111)
cfn=(368)
calls=1 0xae0a0 29 
* * 7 3 0 2 0 0 2
cob=(2)
cfi=(109)
cfn=(364)
calls=2 0xae010 31 
* * 50 10 0 2 1 0 2
cob=(2)
cfi=(108)
cfn=(360)
calls=1 0xc3520 30 
* * 19 4 0 2 0 0 2
cob=(2)
cfi=(106)
cfn=(356)
calls=1 0xaafd0 29 
* * 23 4 0 4 0 0 4
cob=(2)
cfi=(104)
cfn=(352)
calls=1 0xc2c10 29 
* * 19 4 0 2 0 0 2
cob=(2)
cfi=(103)
cfn=(348)
calls=1 0x125e00 29 
* * 22 4 0 3 0 0 3
cob=(2)
cfi=(102)
cfn=(344)
calls=1 0x125bc0 29 
* * 22 4 0 3 0 0 3
cob=(2)
cfi=(101)
cfn=(340)
calls=1 0xc34c0 31 
* * 18 4 0 2 0 0 2
cob=(2)
cfi=(100)
cfn=(336)
calls=1 0xaa490 29 
* * 22 4 0 3 0 0 3
cob=(2)
cfi=(98)
cfn=(332)
calls=1 0x125f20 29 
* * 23 4 0 4 0 0 4
cob=(2)
cfi=(97)
cfn=(328)
calls=1 0xabe90 29 
* * 17 4 0 2 0 0 2
cob=(2)
cfi=(95)
cfn=(324)
calls=2 0xcfe70 31 
* * 20 8 0 2 0 0 2
cob=(2)
cfi=(94)
cfn=(320)
calls=1 0xc19a0 31 
* * 18 4 0 2 0 0 2
cob=(2)
cfi=(92)
cfn=(316)
calls=1 0xcfdc0 29 
* * 24 5 0 2 0 0 2
cob=(2)
cfi=(90)
cfn=(312)
calls=1 0x125ce0 29 
* * 22 4 0 4 0 0 4
cob=(2)
cfi=(88)
cfn=(308)
calls=1 0xab1c0 33 
* * 17 4 0 2 0 0 2
cob=(2)
cfi=(86)
cfn=(304)
calls=1 0xc1610 31 
* * 18 4 0 2 0 0 2
cob=(2)
cfi=(84)
cfn=(300)
calls=1 0xaae20 33 
* * 22 4 0 4 0 0 4
cob=(2)
cfi=(82)
cfn=(296)
calls=1 0xadd10 31 
* * 21 4 0 3 1 0 3
cob=(2)
cfi=(80)
cfn=(292)
calls=1 0xbf850 86 
* * 30 10 9 3 2 2 3 0 2
fi=(5)
+2 156 72
fi=(6)
+4 474 72 0 72 1 0 6 1 0 4
fi=(5)
+3 156 72
+3 * 72
jcnd=69/72 0xe7ed +1 
* * 
+6 * 3 3
fe=(76)
+7 296 3 3
+7 * 3
+3 * 3
+4 * 3
+3 * 3
fi=(5)
+6 51 7 7
fi=(4)
+3 +28 7 7
+8 * 7
jfi=(76)
jump=7 0xe175 296 
* * 
fi=(6)
0xeb48 347 2 2
+4 * 2
+3 * 2
+6 +11 2 2
+7 -9 2 2 0 0 1 0 0 1
+4 * 2 2
+4 +9 2 0 2 0 0 1 0 0 1
fi=(5)
+3 141 2 2
+3 * 2
jump=2 0xe761 * 
* * 
fi=(6)
+6 341 4 0 0 1 0 0 1
+3 * 4
+6 +1 4 4 0 0 3
+7 * 4 4 0 1 0 0 1
+7 * 4 0 4 0 0 2 0 0 2
fi=(5)
+3 141 4 4
+3 * 4
jump=4 0xe761 * 
* * 
fi=(6)
0xec10 395 17 17 0 1 0 0 1
+4 * 17
+3 * 17
+6 +2 17 17
+7 * 17
+4 * 17
+4 * 17
+6 +4 17 17
+4 +9 17 17
+7 -9 17
+3 * 17 17 0 1 2 0 1 2
+4 +9 17 0 17 0 0 6 0 0 6
fi=(5)
+3 141 17 17
+3 * 17
jump=17 0xe761 * 
* * 
fi=(6)
+6 455 1 1
+4 * 1
+3 * 1
+6 +5 1 1
+5 * 1 1
+4 -1 1
+3 * 1 0 1
+7 * 1 1
+7 +1 1
+3 * 1
+4 -1 1 0 1 1 0 0 1
cfi=(29)
cfn=(82)
calls=1 0x25120 210 
* * 11 3 2 0 1 1 0 0 1
+6 +2 1 1
+4 * 1 1
+5 * 1 1
+7 * 1
+3 * 1
+2 +1 1
+3 * 1
jfi=(5)
jcnd=1/1 0xe75e 141 
* * 
+84 -13 17 0 0 1 0 0 1
+3 282 17
+3 * 17
jump=17 0xe707 * 
* * 
fi=(5)
+10 132 72 72 0 1 0 0 1
+7 +1 72 0 72
+7 -1 72
+3 * 72
+4 * 72 0 72
+7 +2 72
jump=72 0xe76b -12 
* * 
fi=(6)
0xed80 287 30 30 0 1 0 0 1
+6 * 30
+2 * 30
+6 +3 30
+3 * 30
+6 +1 30 30
+8 * 30
+2 * 30
jcnd=30/30 0xee20 +11 
* * 
0xee20 +11 30 0 30 1 0 0 1
+7 * 30 0 30
+7 +7 30 0 30
cob=(2)
cfi=(95)
cfn=(324)
calls=1 0xcfe70 31 
* * 10 4
cob=(2)
cfi=(90)
cfn=(312)
calls=1 0x125ce0 29 
* * 22 4
cob=(2)
cfi=(118)
cfn=(388)
calls=1 0xc1ab0 30 
* * 25 5 0 0 3
cob=(2)
cfi=(134)
cfn=(434)
calls=1 0xadf50 29 
* * 19 4
cob=(2)
cfi=(129)
cfn=(418)
calls=1 0xaa3a0 29 
* * 24 5
cob=(2)
cfi=(112)
cfn=(370)
calls=1 0xac010 79 
* * 19 4 0 0 1
cob=(2)
cfi=(116)
cfn=(382)
calls=1 0xabf00 65 
* * 19 4
cob=(2)
cfi=(138)
cfn=(446)
calls=1 0xae2d0 29 
* * 7 3
cob=(2)
cfi=(168)
cfn=(558)
calls=1 0x127120 29 
* * 10 4 0 2 1 0 2
cob=(2)
cfi=(167)
cfn=(556)
calls=1 0xaebf0 44 
* * 7 3 0 2 2 0 2
cob=(2)
cfi=(121)
cfn=(396)
calls=1 0xcfd40 31 
* * 23 4
cob=(2)
cfi=(102)
cfn=(344)
calls=1 0x125bc0 29 
* * 22 4
cob=(2)
cfi=(123)
cfn=(400)
calls=1 0xadeb0 67 
* * 21 4
cob=(2)
cfi=(166)
cfn=(554)
calls=1 0xd6360 41 
* * 7 3 0 2 1 0 2
cob=(2)
cfi=(92)
cfn=(316)
calls=1 0xcfdc0 29 
* * 24 5 0 0 1
cob=(2)
cfi=(136)
cfn=(442)
calls=1 0xaa320 29 
* * 23 4
cob=(2)
cfi=(104)
cfn=(352)
calls=1 0xc2c10 29 
* * 19 4
cob=(2)
cfi=(98)
cfn=(332)
calls=2 0x125f20 29 
* * 46 8
cob=(2)
cfi=(135)
cfn=(438)
calls=3 0xaad00 29 
* * 66 12
cob=(2)
cfi=(100)
cfn=(336)
calls=3 0xaa490 29 
* * 66 12
cob=(2)
cfi=(106)
cfn=(356)
calls=2 0xaafd0 29 
* * 46 8 0 0 3
cob=(2)
cfi=(133)
cfn=(430)
calls=3 0xadc80 29 
* * 75 15 0 0 4
+3 * 30 30
+7 * 30 30
+7 * 30
+3 +3 30
+4 * 30
jcnd=30/30 0xe736 * 
* * 
fe=(76)
+26 175 1716 1716 0 1 0 0 1
+7 * 1716
+4 * 1716
+6 * 1716
+7 * 1716
jcnd=2/1716 0xf8c0 * 
* * 
+6 * 1714 0 0 1 0 0 1
+4 * 1714
+6 * 1714
+4 * 1714
jcnd=1714/1714 0xf8f4 * 
* * 
+21 +3 1716 1716
+7 -1 1716 0 1716
+8 +19 1716 1716
+7 -18 1716 0 1716
+4 * 1716
jfi=(6)
jump=1716 0xe6fb 282 
* * 
+21 296 1 0 0 1 0 0 1
+3 * 1
+6 * 1
+3 * 1 0 1
+4 * 1
jump=1 0xe14f * 
* * 
0xf028 * 2462 0 0 1 0 0 1
+3 * 2462
+4 * 2462
jump=2462 0xe050 * 
* * 
+9 * 72
fi=(6)
+5 -14 72
+3 * 72 0 0 1 0 0 1
jump=72 0xe904 * 
* * 
fe=(76)
+48 -92 2
+4 * 2
fi=(5)
+4 73 2 0 2 1 0 0 1
fe=(76)
+11 190 2 0 2
fi=(5)
+7 -19 2 2
fe=(76)
+7 +19 2 0 2
fi=(5)
+7 -19 2
+3 * 2
jfi=(76)
jcnd=1/2 0xe42c 296 
* * 
+6 * 1 0 1
+7 * 1 0 1
+7 * 1 0 1
+7 * 1 0 1
+7 * 1
+3 +2 1 1 0 1 1 0 1 1
+4 * 1 1
+7 +1 1 1
+7 * 1 1
+3 -1 1
+3 +3 1
+3 -3 1
+4 * 1
+4 * 1
+4 * 1 0 1
+4 +3 1
+4 * 1
-47 -3 5 5 0 0 2 0 0 2
+4 * 5 5
+7 +1 5 5
+7 * 5 5
+3 -1 5
+3 +3 5
+3 -3 5
+4 * 5
+4 * 5
+4 * 5 0 5
+4 +3 5
+4 * 5
+6 +8 6 0 6
fi=(6)
+4 +78 6
+4 * 6 0 0 1 0 0 1
+6 +7 6
+4 * 6
+6 +4 6
+3 * 6
fe=(76)
+6 170 6 6 0 0 3 0 0 3
+6 * 6
+2 * 6
+4 * 6
fi=(4)
+6 -30 6 6
+6 * 6
+3 * 6
fe=(76)
+3 +31 6
+3 * 6
+6 +3 6 6 0 1 1 0 1
+7 * 6
+6 +8 6
+4 * 6
+6 -8 6
+6 * 6
+7 * 6
+2 * 6
+6 * 6
+4 * 6
+2 * 6
+3 * 6
+4 * 6
+4 +12 6 6
+4 * 6 6 0 1 0 0 1
+4 -3 6 0 6
+7 +1 6 0 6
+7 +2 6 6
+4 * 6
+2 * 6 6
+8 * 6
jcnd=6/6 +5 * 
* * 
+5 * 6 0 6
+7 * 6
+3 +4 6
+3 * 6
+3 * 6 0 6
+2 * 6 6
+7 -4 6
+3 +4 6 0 6 1 0 0 1
+2 * 6 6
+7 * 6 0 6
cfi=(77)
cfn=(280)
calls=6 0xa370 759 
* * 3809 1071 386 1 31 0 1 5
+5 +3 6 6
+4 +1 6 6
+7 * 6
+5 -4 6
+3 +4 6
+5 * 6
+4 * 6 0 6
+8 * 6 6
+1 * 6 6
fi=(6)
+1 +88 6
+3 * 6
+3 * 6
jcnd=3/6 +43 +30 
* * 
+2 +3 3 3
+4 -3 3 3 0 1 0 0 1
+4 * 3 3
+4 * 3
+3 * 3
+4 * 3
+6 * 3 3
+3 +4 3
+2 * 3
jcnd=3/3 +11 +26 
* * 
+11 +26 6
+4 * 6
+6 * 6
+7 * 6 6 0 0 1 0 0 1
+4 * 6
+3 * 6
jump=6 +7 418 
* * 
+7 418 6 0 6 1 0 1 1 0 1
fi=(5)
+3 187 6 6
+3 * 6
+4 * 6
+6 -16 6 6
+7 * 6
+4 * 6
+3 * 6
jcnd=5/6 0xf0c0 +2 
* * 
+6 +31 1 1
+7 * 1 1
+7 * 1 1
+7 * 1
+3 * 1 0 0 1 0 0 1
jfi=(76)
jcnd=1/1 0xe42c +94 
* * 
fe=(76)
0xf8c0 -27 2
+6 * 2
+3 * 2
+6 * 2
jump=2 0xeea1 +3 
* * 
+37 * 1714 0 0 1 0 0 1
+3 * 1714
+2 * 1714
+6 * 1714
jump=1714 0xeea1 +3 
* * 
+61 +75 5 0 0 1 0 0 1
+2 * 5 0 0 1 0 0 1
+6 +7 5 5 0 0 2
+7 * 5
+3 * 5
+6 -9 5
+3 * 5
jfi=(4)
jump=5 0xdfc4 79 
* * 

fl=(2)
fn=(154) do_preload
0x1dc20 787 1 0 1 1 0 0 1
+1 +12 1
+7 -12 1
+3 * 1 0 1
+2 * 1 0 1
+2 +12 1
+4 -12 1
+3 +12 1
+4 -12 1 0 1
+1 * 1
+3 * 1 0 0 1 0 0 1
+4 +6 1 0 1
+4 +6 1
+4 -2 1 1
+7 -3 1 0 1
+4 +5 1
+4 -10 1 0 1
+8 +6 1 0 1
+7 +4 1 0 1
cfi=(49)
cfn=(156)
calls=1 0x2530 258 
* * 2735 606 332 109 37 35 109 37 35
+5 +1 1 1
+4 * 1
+3 * 1
+2 +8 1
+2 * 1 1
+7 * 1 0 0 1 0 0 1
+3 +6 1
+4 * 1 1
+1 * 1 1
+2 * 1 1
+2 * 1 1
+1 * 1 1

fn=(162)
0x1d700 641 1 0 0 1 0 0 1
+4 * 1 0 1
+1 +2 1
+2 -2 1
+3 * 1 0 1
+1 * 1
+3 * 1
+4 +2 1 1
+4 +1 1 1
+3 * 1 1
+4 -1 1
+7 * 1
+3 +1 1
+3 * 1
+2 * 1 0 1 0 0 1 0 0 1
cfi=(30)
cfn=(164)
calls=1 0x8860 1895 
* * 2623 576 297 99 36 31 99 36 31
+5 * 1 0 1
+4 +2 1 1
+4 * 1 1
+1 * 1 1

fn=(150) handle_preload_list
0x1e8c0 852 1 0 0 1 0 0 1
+4 * 1 0 1
+1 * 1
+3 * 1 0 1
+2 * 1 0 1
+2 * 1 0 1
+2 * 1 0 1
+2 * 1 0 1
+1 * 1
+7 * 1 0 1 0 0 1 0 0 1
+5 * 1
+4 +5 1 1
+3 -5 1 0 1
+7 * 1 0 1
+7 +5 1
+6 * 1
+3 -4 1
+3 * 1 0 0 1 0 0 1
+7 +10 1
+7 * 1
jump=1 +76 -3 
* * 
+11 +7 1
+3 183 1 1
+6 872 1 1
+4 * 1
+4 183 1
+2 * 1
+6 874 1 1
+7 * 1
+2 +1 1 1
+7 * 1 1
+7 * 1
+3 * 1 0 1
cfn=(154)
calls=1 0x1dc20 -88 
* * 2766 614 341 112 37 35 112 37 35
+5 * 1
+3 -18 1 1
+4 * 1
jcnd=1/1 +61 +21 
* * 
+2 +3 1 0 0 1 0 0 1
+3 * 1
+3 * 1 0 1
cfi=(48)
cfn=(152)
calls=1 0x27140 32 
* * 241 112 21 6 2 5 6 2 5
+6 * 1
+3 +1 1
+4 * 1
+6 * 1
+2 +2 1
+3 * 1
+3 * 1
+3 * 1 0 1 1 0 0 1
cfi=(29)
cfn=(82)
calls=1 0x25120 210 
* * 19 5 4 1 0 1 1 0 1
+6 +1 1 0 1
+9 * 1
jump=1 0x1e917 +6 
* * 
+8 +14 1
+7 * 1
+3 * 1 1
+1 * 1 1
+2 * 1 1
+2 * 1 1
+2 * 1 1
+2 * 1 1
+1 * 1 1

fn=(66) dl_main
0x1e9f0 1306 1 0 0 1 0 0 1
+4 * 1 0 1
+1 197 1
+4 1306 1
+3 * 1 0 1
+2 * 1 0 0 1 0 0 1
+3 * 1 0 1
+2 * 1 0 1
+2 * 1 0 1
+2 * 1 0 1
+1 * 1
+7 * 1 0 1 0 0 1 0 0 1
+6 * 1 0 1
+7 * 1 0 1
+7 199 1 0 1
+11 302 1 0 1
+7 +1 1 0 1
+4 197 1 0 1
+7 +99 1 0 1 1 0 0 1
+4 * 1 0 1
+4 * 1 0 1
+4 1318 1 0 1 0 0 1 0 0 1
cfi=(24)
cfn=(68) __tls_pre_init_tp
calls=1 0x127d0 53 
* * 17 1 5 2 0 1 2 0 1
+5 2711 1 1
+6 * 1
+2 * 1 0 1
+6 2488 1 1
+7 2711 1
+2 * 1
+6 2559 1 0 1 0 0 1 0 0 1
+7 +2 1
+3 * 1
+7 +15 1 0 0 1 0 0 1
+7 * 1
+10 -13 1
+3 * 1 0 1
cfi=(25) /usr/src/debug/glibc/glibc/elf/dl-environ.c
cfn=(70) _dl_next_ld_env_entry
calls=1 0x1a8a0 28 
* * 639 219 1 2 0 0 2
-3 * 1
+3 * 1 0 1
cfi=(25)
cfn=(70)
calls=1 0x1a8a0 28 
* * 6 3
+5 * 2
+3 * 2
+3 * 2
jcnd=1/2 +95 2688 
* * 
+2 +4 1 1
+3 * 1
+2 * 1
+2 -2 1
+2 +2 1
+3 * 1
+2 * 1
+11 * 1
+7 +1 1 0 0 1 0 0 1
+4 -1 1 1
+4 * 1
+2 * 1
-10 +1 6
+4 -1 6 6
+4 * 6
+2 * 6
+2 * 7
+3 * 7
jcnd=6/7 -15 +1 
* * 
+2 +9 1
+4 * 1
+4 * 1
+2 * 1 1 0 0 1 0 0 1
+4 * 1
+3 * 1
jump=1 0x1eda1 +25 
* * 
+27 2688 1 1 0 1 0 0 1
+6 * 1
+2 * 1
jcnd=1/1 +11 1328 
* * 
+11 1328 1 1
+7 +1 1 1
+7 * 1
+7 -1 1 1
+3 * 1 0 1
+7 +1 1 1
+3 * 1
jcnd=1/1 0x1ef26 1596 
* * 
0x1eda1 2601 1 1 0 1 0 0 1
+6 * 1
+6 +10 1 1
+6 * 1
jcnd=1/1 0x215d5 * 
* * 
0x1ef26 1596 1 0 0 1 0 0 1
+7 * 1
+3 * 1
+2 * 1
+2 * 1
+6 * 1
+3 * 1
+3 * 1 0 1 1 0 0 1
+7 * 1 0 1
cfi=(26)
cfn=(72)
calls=1 0xb870 59 
* * 296 31 55 21 4 12 21 4 12
+5 * 1
+3 +2 1
+3 * 1
+6 +1 1 0 1 0 0 1 0 0 1
+7 +1 1 1
+7 +5 1
+2 * 1
+3 -5 1 0 1
+8 +1 1 1
+7 * 1 1
+3 * 1 0 1 1 0 0 1
+7 +4 1 0 1
cfi=(26)
cfn=(86)
calls=1 0xb7c0 31 
* * 42 10 9 2 1 0 2 1
+5 +1 1 1
+7 * 1
+6 1098 1 1
+7 +1 1 1
+8 1311 1
+3 1126 1
+8 -21 1 1 0 0 1 0 0 1
+8 +2 1 0 1
+8 +19 1 0 0 1 0 0 1
+3 -18 1 0 1
+8 +18 1
+4 -21 1 0 1
+8 +21 1
+3 * 1
+6 +34 1 1
+7 -34 1
+3 -25 1
+3 +22 1
+2 +4 1 1 0 0 1 0 0 1
+2 * 1
+7 +19 1
+7 +14 1 0 0 1 0 0 1
+3 * 1
+4 -14 1 0 1
+7 +14 1
+3 -33 1
+3 * 1
+6 * 1
+7 * 1
+2 * 1
-2 * 9
+2 * 9
+2 * 10
+3 * 10
+2 * 10 10 0 0 2 0 0 2
+4 * 10
+3 * 10
jump=3 0x1f09e -1 
* * 
jump=1 0x1f387 +9 
* * 
jump=4 +3 +33 
* * 
jump=1 0x1f35d +20 
* * 
jump=1 0x1f340 +4 
* * 
+3 +33 4 4 0 0 1 0 0 1
+4 -1 4 4
+4 +1 4
+3 * 4 0 0 1 0 0 1
+3 -1 4
+3 +2 4 4
+7 * 4
jcnd=3/4 +9 +3 
* * 
+2 +1 1 0 1
+7 +2 1 1
+8 * 1
+4 * 1
-12 * 3 3
+8 * 3
+4 * 3
+2 +1 4
+3 * 4
jcnd=1/4 +18 +4 
* * 
+2 * 3
+3 * 3
jcnd=3/3 +13 +4 
* * 
+13 +4 4 4 0 0 3 0 0 3
+4 * 4
+3 +1 4 4
+7 * 4
+2 +1 4 0 4
+7 +4 4 4
+7 * 4
+3 * 4
+3 * 4
+3 -49 4
+4 * 4
+3 * 4
-7 * 5
+4 * 5
+3 * 5
+2 +1 13 13 0 1 6 0 1 6
+2 * 13
+3 * 13
jcnd=9/13 0x1f020 * 
* * 
+6 * 4
+6 * 4
jcnd=1/4 0x1f528 +76 
* * 
+6 * 3 0 0 1 0 0 1
+6 * 3
jcnd=2/3 -38 -1 
* * 
+2 +80 1 1 0 0 1 0 0 1
+5 -81 1
+4 +81 1 1
+5 * 1 0 1 0 0 1 0 0 1
+8 -81 1
+3 * 1
+2 * 1
jump=1 +40 +88 
* * 
+7 +88 11
+5 * 11
jcnd=10/11 +19 -1 
* * 
+2 +6 1
+3 * 1
+5 * 1
+3 * 1 0 1
cfi=(30)
cfn=(90)
calls=1 0x6f10 842 
* * 55 13 2 7 0 0 7
+6 -7 14
+3 * 14
jcnd=1/14 0x1f3e2 +13 
* * 
+6 +1 14 14 0 1 0 0 1
+3 +6 14
+4 -6 14
+3 * 14
jcnd=11/14 -43 * 
* * 
fi=(31)
+2 149 3 3
+8 * 3
jfi=(2)
jcnd=3/3 -29 1213 
* * 
fe=(2)
0x1f340 1131 1 0 0 1 0 0 1
+3 -5 1
+4 +5 1 1
+4 * 1 0 1
+4 -5 1
+3 * 1
jcnd=1/1 0x1f0a7 +1 
* * 
+11 +21 1 1
+4 -21 1
+4 +21 1 1 0 0 1 0 0 1
+4 +4 1
+6 -5 1 0 1
+3 +3 1 0 1
+7 -23 1
+3 * 1 0 0 1 0 0 1
jcnd=1/1 0x1f0a7 +1 
* * 
+11 +10 1 1
+4 * 1 1
+4 -10 1
+4 +10 1 0 1
+4 +1 1 1
+4 * 1 1
+8 * 1
+2 * 1
+3 * 1
+3 * 1
+3 * 1
+3 * 1
+2 * 1 0 1
+7 -11 1
+3 * 1 0 0 1 0 0 1
jcnd=1/1 0x1f0a7 +1 
* * 
+37 1226 1 1 0 0 1 0 0 1
+7 * 1
+3 * 1
jcnd=1/1 +13 +3 
* * 
+13 +3 1 1 0 1 0 0 1
+8 * 1
jcnd=1/1 +13 +2 
* * 
+13 +2 1 1
+8 * 1
+6 1629 1 1
+7 * 1
+6 +6 1 1
+7 * 1
+3 * 1
+2 +2 1
+2 -1 1 1
+7 +1 1 1 0 1 0 0 1
+7 * 1 1
+8 +1 1 1
+4 * 1 1
+7 -2 1 1
+4 +2 1 1
+4 -2 1
+3 * 1 0 1
cfi=(32)
cfn=(96)
calls=1 0x25ce0 98 
* * 43 6 0 6 3 0 6 3
+5 * 1
+2 * 1
+2 +7 1 0 1 0 0 1 0 0 1
+11 +3 1 1
+6 -5 1 0 1 1 0 0 1
+7 +3 1 0 1
+10 +2 1
+6 +1 1
+7 * 1 0 1
+5 +4 1 1
+7 * 1
+6 +2 1
+3 * 1
fi=(3) /usr/src/debug/glibc/glibc/elf/./get-dynamic-info.h
+6 39 1 1
+4 * 1
+3 * 1 0 0 1 0 0 1
+6 +6 1 1 0 0 1 0 0 1
+3 -2 1
+4 +11 1
+5 +1 1
+6 -10 1
+3 * 1
jcnd=1/1 +31 +4 
* * 
+14 +23 26 0 26 0 0 5 0 0 5
+4 -23 26 26 0 0 6 0 0 6
+4 * 26
+4 * 26
+3 * 26
jcnd=1/26 0x1f55f +27 
* * 
+2 +4 26
+4 * 26
jcnd=22/26 -21 +19 
* * 
+2 +3 4
+7 -1 4
+4 * 4
+2 +3 4
+3 * 4
+3 * 4
+4 * 4
jcnd=1/4 0x2093b +2 
* * 
+6 +1 3
+3 * 3
+3 * 3
+3 * 3
jump=3 -61 +13 
* * 
fe=(2)
+5 1203 1 1 0 1 0 0 1
+3 -77 1
+4 +77 1 0 1
+6 -77 1
+3 * 1
jcnd=1/1 0x1f0a7 +1 
* * 
fi=(3)
+39 72 1 1 0 1 0 0 1
+4 * 1
+3 * 1
+6 +38 1 1
+7 * 1
+3 * 1
+2 +5 1 1
+5 * 1 0 0 1 0 0 1
+6 +7 1 1
+5 * 1
+2 +1 1 1
+7 * 1 1
+5 * 1
+6 +6 1 1 0 0 1 0 0 1
+7 * 1
+3 * 1
jcnd=1/1 +20 +18 
* * 
+20 +18 1 1 0 1 0 0 1
+7 * 1
+3 * 1
jcnd=1/1 +46 +15 
* * 
+46 +15 1 1 0 0 1 0 0 1
+7 * 1
+3 * 1
jcnd=1/1 +59 +22 
* * 
+59 +22 1 1 0 1 0 0 1
+8 * 1 0 0 1 0 0 1
jfi=(2)
jcnd=1/1 +13 1661 
* * 
fe=(2)
+13 1661 1 1
+7 * 1
+3 * 1
jcnd=1/1 +59 +7 
* * 
+59 +7 1 0 0 1 0 0 1
+3 * 1 0 1
cfi=(8)
cfn=(14)
calls=1 0x10dc0 25 
* * 28 8 6
+5 +3 1 1
+4 * 1
fi=(33) /usr/src/debug/glibc/glibc/elf/./setup-vdso.h
+6 24 1 1
+8 * 1
jfi=(34) /usr/src/debug/glibc/glibc/elf/../sysdeps/unix/sysv/linux/dl-vdso.h
jcnd=1/1 0x20a30 +16 
* * 
fi=(36) /usr/src/debug/glibc/glibc/elf/./dl-main.h
0x20126 +85 1 1 0 1 0 0 1
+4 * 1 1
fi=(35) /usr/src/debug/glibc/glibc/elf/../sysdeps/unix/sysv/linux/dl-vdso-setup.h
+4 -55 1 0 1
fi=(36)
+7 +55 1 1
+4 * 1 1
+4 * 1 0 1 1 0 0 1
cfi=(30)
cfn=(108)
calls=1 0x6ba0 680 
* * 1601 337 297 45 1 8 45 1 8
fe=(2)
+5 1696 1 1
+7 * 1
+2 * 1 0 1
cfi=(44)
cfn=(140) _dl_debug_initialize
calls=1 0x3540 56 
* * 34 7 5 4 1 0 4 1
+5 +7 1 1
+8 -5 1 0 1
+7 -2 1
+3 +7 1
jcnd=1/1 0x2118f +3 
* * 
+6 +4 1 1
+7 +3 1 0 1
+7 -3 1
+3 * 1
+3 * 1 0 1 1 0 0 1
+6 +1 1 1
+7 * 1 0 1
+4 +3 1 0 1
+8 +11 1 1 0 0 1 0 0 1
+8 -13 1 0 1
+7 +13 1
+6 +1 1 1
+8 * 1
+6 +5 1 1
+7 -3 1 0 0 1 0 0 1
+7 * 1 1
+7 +2 1 0 1 0 0 1 0 0 1
+7 +1 1
+8 * 1 0 1
+7 +5 1
+3 * 1
+5 * 1
jump=1 +44 * 
* * 
+21 +1 1
+3 * 1
+4 * 1
+4 * 1 1 0 0 1 0 0 1
+6 * 1
jcnd=1/1 0x208bb +2 
* * 
+6 -1 1 0 0 1 0 0 1
+3 * 1
jcnd=1/1 -26 +1 
* * 
+16 225 1 1
+4 -1 1 1 0 0 1 0 0 1
+7 +1 1 1
+4 * 1 1 0 1 0 0 1
+8 * 1
jcnd=1/1 0x208ad +1 
* * 
+73 -1 1 1 0 1 0 0 1
+7 +2 1
+3 * 1
jcnd=1/1 +57 1751 
* * 
+57 1751 1 1 0 1 0 0 1
+4 * 1
+6 +5 1 1
+8 -1 1
+6 1312 1 0 1
+11 1756 1
+6 +24 1 0 1
cfi=(45)
cfn=(142)
calls=1 0x11b60 220 
* * 6 3 0 1 1 0 1 1
+5 * 1 0 1 1 0 0 1
fi=(46) /usr/src/debug/glibc/glibc/elf/../sysdeps/generic/dl-debug.h
+7 29 1 1
+7 * 1
+3 * 1
+2 +1 1 0 1
fe=(2)
+4 1786 1 0 1
+8 +1 1 0 1
cfi=(44)
cfn=(146) _dl_debug_state
calls=1 0x34e0 116 
* * 2 1 0 1 0 0 1
+5 +1 1
+1 +4 1
+5 * 1
+3 * 1 0 1
cfi=(47)
cfn=(148) _dl_audit_activity_map
calls=1 0x184e0 29 
* * 22 9 7 2 0 0 2
+5 +5 1 1
+7 * 1 1
+4 * 1
+6 +2 1 0 0 1 0 0 1
+3 +2 1 1
+5 * 1
jcnd=1/1 0x21653 85 
* * 
+6 +9 1 1
+5 * 1
+6 +16 1
+7 * 1
+5 * 1
+3 * 1 0 1
cfi=(62)
cfn=(204)
calls=1 0x24020 25 
* * 9 1 1 1 0 0 1
+5 * 1
+2 * 1
+6 +76 1 1
+7 * 1 1
+3 * 1
+3 * 1 0 0 1 0 0 1
jcnd=1/1 0x217ca +4 
* * 
+6 +16 1 1
+7 * 1
+3 * 1
jcnd=1/1 +9 85 
* * 
+9 85 1
+2 1928 1
+2 85 1
+3 * 1
+4 1928 1
+3 * 1
+3 85 1
+3 1928 1 1
+4 * 1
+3 * 1
+3 * 1
+3 * 1 0 1
cfi=(63)
cfn=(206) _dl_map_object_deps
calls=1 0x3710 143 
* * 30495 6204 3159 135 206 219 135 203 218
+5 92 1 0 0 1 0 0 1
+2 1938 1 1
+7 * 1 1
+7 -4 1 1
+7 +16 1 1
+7 92 1
+4 * 1
+3 +9 1
+3 * 1 0 1
+7 1934 1
+2 * 1
+6 * 1
+3 * 1
+4 * 1
+3 +1 1 1 0 1 0 0 1
+3 * 1 0 1
+7 -1 1
+3 * 1
+4 * 1
+3 * 1
jcnd=1/1 -20 +1 
* * 
-20 +1 6 6
+3 * 6 0 6
+7 -1 6
+3 * 6
+4 * 6
+3 * 6
jcnd=5/6 -20 +1 
* * 
+2 +4 1 0 1
+4 +1 1
+3 * 1
+2 +1 1 0 1
+4 +2 1
+3 * 1
+6 * 1 1
+7 * 1
+4 * 1
+5 * 1
jump=1 +15 +1 
* * 
+4 * 5
+3 * 5
+4 * 5
+2 * 5
+2 +1 6 6 0 1 0 0 1
+3 * 6
+3 * 6
jcnd=5/6 -17 -1 
* * 
+2 +7 1
+3 * 1 1
+4 +1 1 1
+3 -1 1 0 1
+7 +1 1
+2 * 1
+6 +2 1
+3 +2 1
+2 * 1
jcnd=1/1 0x209f9 +2 
* * 
+47 +16 1 0 0 1 0 0 1
+3 * 1
+6 * 1
+5 * 1
+2 +1 1 1
+7 * 1 0 1
+4 +1 1 1 0 1 0 0 1
+7 * 1
+3 * 1
jcnd=1/1 +23 +10 
* * 
+23 +10 1 0 1 0 0 1
+6 +2 1
+7 -1 1
+2 * 1
+3 * 1
+3 +1 1
+3 * 1
+7 * 1 0 0 1 0 0 1
+7 -1 1 0 1
+6 +1 1 0 1
cfi=(49)
cfn=(236)
calls=1 0x22c0 190 
* * 25601 7797 1616 48 127 78 48 121 75
+5 +10 1 1
+7 +1 1 1
+8 -1 1 0 1
+6 +1 1
jcnd=1/1 0x2133d +1 
* * 
+6 +3 1
+3 * 1
+2 820 1 1
fi=(355) /usr/src/debug/glibc/glibc/elf/../sysdeps/unix/sysv/linux/dl-osinfo.h
+7 39 1 1
+3 * 1
fe=(2)
+2 822 1 0 1 1 0 0 1
fi=(355)
+9 52 1 1
fe=(2)
+4 831 1 0 1
+9 +7 1 0 1
+11 -5 1 0 1
+7 2004 1 1
+3 * 1
+2 * 1
+6 2207 1 1
+9 -4 1
+7 * 1 0 1 1 0 0 1
+7 +10 1 1
+7 -6 1 0 1
+7 +6 1 0 1
+7 +3 1 1
+7 * 1
+6 +8 1 1
fi=(31)
+7 36 1 1
fe=(2)
+7 2224 1 1
fi=(31)
+3 37 1
+3 * 1
+2 * 1
+2 +3 1 1 0 1 0 0 1
+7 +13 1 1
+6 * 1 1
+7 * 1
+4 * 1
jump=1 +14 -13 
* * 
+11 * 6
+3 -13 6 6
+3 +9 6 6
+7 * 6
-10 -9 1 1
+3 +9 1 1
+7 * 1
+2 * 7
+3 * 7
jcnd=1/7 +27 -12 
* * 
+2 * 6 6
+4 * 6
+2 +4 6
+3 * 6
+3 * 6 6
+7 * 6
+6 -16 7 0 0 1 0 0 1
+4 * 7
+3 * 7
jcnd=6/7 -52 +16 
* * 
+2 +34 1
fe=(2)
+3 2228 1
fi=(31)
+3 71 1 0 1
cfi=(75)
cfn=(266)
calls=1 0x15710 361 
* * 38 11 10 4 0 0 4
fe=(2)
+5 2228 1 1
+8 * 1
+4 +3 1 0 1 0 0 1
+7 +5 1 1
+8 * 1
+2 85 1
+2 2241 1 1 0 1 0 0 1
+7 -1 1 1
+6 * 1 1
+7 85 1
+3 * 1
+4 * 1
+3 2240 1
+2 * 1
+2 * 1
+3 * 1
+3 * 1 0 1
cfi=(76)
cfn=(270)
calls=1 0x106f0 343 
* * 84514 20877 8654 196 579 231 196 548 226
+5 92 1
+2 * 1
+4 * 1
+3 +9 1
+3 * 1 0 1
+7 -16 1 0 0 1 0 0 1
+2 * 1
+3 2249 1 1
+7 85 1
+4 * 1
+3 2250 1
+4 * 1
+4 * 1
+2 * 1
jcnd=1/1 +21 +2 
* * 
+11 * 4
+4 * 4
+4 * 4
jcnd=1/4 0x2071e 92 
* * 
+2 +2 7 7 0 0 1
+7 * 7 7 0 0 2
+4 +5 7 7 0 1 0 0 1
+4 * 7 7 0 0 7
+4 +2 7
+3 * 7
jcnd=1/7 0x20841 +2 
* * 
+6 +6 7 0 7
+7 +2 7
+2 * 7
+3 * 7
+3 * 7 7
+6 * 7 7 0 0 7 0 0 1
+7 * 7
+2 * 7
+3 * 7 0 7
cfi=(76)
cfn=(270)
calls=7 0x106f0 343 
* * 2479224 627037 224449 106 15181 1706 106 7358 879
+5 +4 7 7 0 0 1
+8 * 7
jcnd=4/7 -84 -21 
* * 
+2 * 3 3 0 1 2 0 1
+7 * 3
+2 +1 3
+5 * 3
+3 -22 3
+4 +22 3 0 3
cfi=(45)
cfn=(452)
calls=3 0x124d0 1156 
* * 102 33 21 4 3 2 4 0 1
+5 -22 3
+4 * 3
jcnd=3/3 0x206b2 +2 
* * 
+2 92 1
+2 * 1
+4 * 1
+3 +1 1
+3 * 1 0 1 0 0 1
+7 2279 1 0 1
cfi=(45)
cfn=(562)
calls=1 0x12480 1117 
* * 43 10 1 1 0 1 1
+5 +6 1 1
+8 * 1 0 0 1 0 0 1
+6 +4 1 1 0 0 1
+7 * 1
+6 * 1 1
+8 * 1
+6 +2 1 0 1
+8 +7 1 1
+7 * 1
+5 * 1 0 1
cfi=(45)
cfn=(564)
calls=1 0x11ec0 595 
* * 315 77 48 7 7 4 7 0 4
+5 +3 1 1
+7 * 1 0 0 1 0 0 1
+6 +4 1 1
+7 * 1 1 0 0 1
+7 * 1
+6 +3 1 0 1
cfi=(170) /usr/src/debug/glibc/glibc/elf/dl-find_object.c
cfn=(566) _dl_find_object_init
calls=1 0x23710 562 
* * 1059 253 78 14 81 5 14 8 4
+5 +5 1 1
+8 * 1
+2 85 1
+2 2317 1
+2 * 1 1
+7 * 1 1
+7 85 1
+3 * 1 0 0 1 0 0 1
+4 * 1
+3 2317 1
+2 * 1 0 1
cfi=(76)
cfn=(272)
calls=1 0xde60 207 
* * 277 78 39 0 9 1
+5 92 1
+2 * 1
+4 * 1
+3 +9 1
+3 * 1 0 1
+7 2320 1 0 1
cfi=(172) /usr/src/debug/glibc/glibc/elf/../sysdeps/nptl/dl-mutex.c
cfn=(576) __rtld_mutex_init
calls=1 0x1b4f0 30 
* * 572 129 46 11 12 0 11 3
+5 +1 1
+3 * 1 0 1
cfi=(7) /usr/src/debug/glibc/glibc/elf/dl-minimal.c
cfn=(582) __rtld_malloc_init_real
calls=1 0x1b330 76 
* * 3273 906 375 8 31 0 8 2
+5 +4 1 1
+7 * 1 0 1
cfi=(76)
cfn=(448)
calls=1 0xdcf0 352 
* * 34 8 3
+5 +5 1 1
+7 * 1 0 0 1 0 0 1
+5 * 1 0 1
cfi=(176)
cfn=(590)
calls=1 0x1f00 27 
* * 635 144 65 19 36 5 19 21 5
+5 +7 1 0 1
cfi=(9) /usr/src/debug/glibc/glibc/elf/../sysdeps/unix/sysv/linux/dl-sysdep.c
cfn=(606) _dl_sysdep_start_cleanup
calls=1 0x1cfb0 148 
* * 2 1 0 1 0 0 1
+5 +4 1
+2 * 1 0 1
cfi=(44)
cfn=(200)
calls=1 0x34f0 38 
* * 7 2
+5 +1 1 0 1
+7 -1 1
+3 +2 1 0 1
cfi=(44)
cfn=(146)
calls=1 0x34e0 116 
* * 2 1
+5 +1 1
+1 +3 1
+2 * 1
+2 * 1 0 1
cfi=(47)
cfn=(608) _dl_audit_activity_nsid
calls=1 0x18570 41 
* * 9 3 0 1 0 0 1
+5 +4 1 0 1
cfi=(64)
cfn=(610) _dl_unload_cache
calls=1 0x14ba0 509 
* * 19 5 4 2 1 0 2
+5 +5 1
+4 * 1 1 0 0 1
+1 * 1 1
+2 * 1 1
+2 * 1 1 0 0 1
+2 * 1 1
+2 * 1 1
+1 * 1 1
+1 -95 1 0 1 1 0 0 1
+7 +1 1 1
+4 -3 1
+3 * 1
jcnd=1/1 0x206ce +6 
* * 
+94 226 1
+3 * 1
+6 * 1
jump=1 0x2028a -2 
* * 
+5 1736 1 1 0 1 1 0 1 1
+5 +6 1 1 0 1 1 0 1 1
+8 -6 1 1
+5 * 1 0 1
+7 +6 1
jcnd=1/1 0x2022a 225 
* * 
fi=(3)
0x2093b 56 1 0 0 1 0 0 1
+3 * 1 0 0 1 0 0 1
+3 * 1
+3 * 1
+3 * 1
+6 +3 1
+5 * 1
+3 * 1
+4 * 1
jcnd=1/1 0x2152d +3 
* * 
fe=(2)
0x209f9 1957 1 1 0 1 0 0 1
+7 -4 1 0 1
+11 +4 1
+3 * 1
jcnd=1/1 0x20fc2 +14 
* * 
fi=(34)
+34 40 1 0 0 1 0 0 1
+7 * 1 1
+7 +1 1 0 1 1 0 0 1
+7 * 1
+4 * 1 0 1
+7 * 1
+3 * 1
fi=(35)
+6 -11 1 0 1
+11 +3 1 0 1
+11 +3 1 0 1
+11 +3 1 0 1 1 0 0 1
+11 +6 1 0 1
fi=(34)
+11 +10 1
+2 * 1
jfi=(36)
jump=1 0x20126 +54 
* * 
fe=(2)
0x20fc2 1971 1 1 0 1 0 0 1
+7 * 1 1
+4 * 1
jump=1 0x204a0 * 
* * 
0x2118f 1706 1 1 0 1 0 0 1
+7 * 1 1
+3 * 1 0 1
+7 * 1
jump=1 0x20168 +1 
* * 
0x2133d 1997 1 0 0 1 0 0 1
+2 * 1 0 1 1 0 0 1
cfn=(246) init_tls
calls=1 0x1e130 734 
* * 974 126 400 24 8 39 24 5 39
+5 * 1 0 1
+7 * 1
jump=1 0x20528 +2 
* * 
fi=(3)
0x2152d 62 1 0 0 1 0 0 1
+5 * 1
+3 * 1
+4 * 1
+6 +2 1 0 0 1 0 0 1
+5 * 1
+3 * 1
+3 * 1
jump=1 0x1f4e6 +4 
* * 
fe=(2)
0x215d5 2611 1 1 0 1 0 0 1
+7 * 1
+6 +2 1
+4 * 1 0 1
+4 +1 1
jump=1 0x1ea90 -51 
* * 
0x21653 85 1 0 0 1 0 0 1
+2 1805 1 1
+4 85 1
+4 * 1
+3 1805 1
+3 85 1
+3 1805 1
+7 * 1 0 1
cfn=(150)
calls=1 0x1e8c0 852 
* * 3083 745 379 123 39 42 123 39 42
+6 * 1
+3 92 1
+2 * 1
+4 * 1
+3 +9 1 0 0 1 0 0 1
+3 * 1 0 1
+7 * 1
jump=1 0x2034c 1810 
* * 
0x217ca 1906 1 0 0 1 0 0 1
+3 * 1
+3 * 1
+8 * 1
+4 * 1
+4 * 1
+3 * 1
+7 * 1
+3 * 1
+3 * 1
jcnd=1/1 0x21a7d * 
* * 
0x21a7d * 1 0 0 1 0 0 1
+5 * 1
+3 * 1
+3 * 1
+2 * 1 0 1
+6 * 1
+5 +1 1
+2 -1 1
+4 +4 1
+2 * 1
+3 * 1 0 1
+4 +1 1 1
+4 +1 1
+3 * 1
+2 +1 1
+3 * 1
+6 -7 1
+3 * 1
jump=1 0x20386 +12 
* * 

fn=(2) _dl_start
0x1e200 519 1 0 0 1 0 0 1
+4 * 1 0 1
+1 * 1
+7 * 1
+7 * 1
+5 * 1
+5 * 1
+4 * 1
+3 * 1 0 1
+2 * 1 0 1
+2 * 1 0 1 0 0 1 0 0 1
+2 * 1 0 1
+2 * 1 0 1
+1 * 1
+7 * 1 0 1 0 0 1 0 0 1
+7 * 1 0 1
+4 85 1 0 0 1 0 0 1
+2 549 1 0 1 0 0 1 0 0 1
+7 * 1
+7 * 1
+6 * 1
+6 85 1
+4 545 1 0 1 0 0 1 0 0 1
+7 85 1
+3 548 1
+7 85 1 0 1 0 0 1 0 0 1
fi=(3)
+7 -40 1 1 0 0 1 0 0 1
fe=(2)
+7 548 1 0 1 1 0 0 1
fi=(3)
+7 45 1
+3 * 1
jcnd=1/1 +31 +4 
* * 
+14 +23 17 0 17 0 0 7 0 0 7
+4 -23 17 17 0 0 4 0 0 4
+4 * 17
+4 * 17
+3 * 17
jfi=(4)
jcnd=1/17 +83 +34 
* * 
+2 +4 17
+4 * 17
jcnd=12/17 -21 +19 
* * 
+2 +3 5
+7 -1 5
+4 * 5
+2 +3 5
+3 * 5
+3 * 5 0 0 1 0 0 1
+4 * 5
jcnd=1/5 +20 +2 
* * 
+2 +1 4
+3 * 4
+3 * 4
+3 * 4
jump=4 -57 +13 
* * 
+9 +1 1
+3 * 1
+3 * 1
+3 * 1
+3 * 1
jcnd=1/1 0x1e6c8 +3 
* * 
fi=(4)
+20 +23 1 1
fi=(3)
+7 +31 1 1 0 1 1 0 1 1
+7 -38 1
+3 * 1
+4 * 1
+6 +12 1 1
+7 * 1
+3 * 1
jcnd=1/1 +6 +1 
* * 
+6 +1 1 1 0 0 1 0 0 1
+7 * 1
+3 * 1
jcnd=1/1 +6 +1 
* * 
+6 +1 1 1
+7 * 1
+3 * 1
+2 * 1 0 1 1 0 0 1
+4 +1 1 1
+7 * 1
+3 * 1
+2 * 1 0 1
+4 +1 1 1
+7 * 1
+3 * 1
+3 * 1
+2 * 1 0 1
+4 +1 1 1
+7 * 1
+3 * 1
jcnd=1/1 +6 +1 
* * 
+6 +1 1 1
+7 * 1
+3 * 1 0 0 1 0 0 1
+2 * 1 0 1
+4 +1 1 1
+7 * 1
+3 * 1
+2 * 1 0 1
+4 +12 1 1
+7 * 1
+3 * 1
+3 * 1
+6 * 1 1
+4 * 1
+3 * 1
jcnd=1/1 0x1e86e * 
* * 
+6 +7 1
+3 * 1
jcnd=1/1 +16 +13 
* * 
+16 +13 1 1 0 1 0 0 1
+7 * 1 1
+5 * 1
+6 +6 1 1
+7 * 1
+3 * 1
+2 +1 1 1
+7 * 1 1
+5 * 1
+6 +3 1 1 0 1 0 0 1
+8 * 1
+6 +1 1 1
+7 * 1
+3 * 1
+6 +5 1 1
+7 * 1
+3 * 1
+2 * 1 1
+5 * 1
+6 +3 1 1
+7 * 1
+3 * 1
+2 * 1 1 0 1 0 0 1
+8 * 1
fe=(2)
+6 565 1
+3 * 1
+6 * 1 1
+4 * 1
+3 * 1
+4 * 1
+4 * 1 1
+7 * 1 1
+4 * 1
+3 * 1
+3 * 1
jcnd=1/1 +34 * 
* * 
+15 * 2
+3 * 2
+4 * 2 0 2 0 0 2 0 0 2
+3 * 2
+4 * 2
+3 * 2
+2 * 4 4 0 1 2 0 1 2
+3 * 4
+2 * 4
jcnd=2/4 -24 * 
* * 
+2 * 2
+3 * 2
+3 * 2
+2 * 2
+11 * 2
+3 * 2
+2 * 2
jcnd=2/2 0x1e720 * 
* * 
-2 * 22
+2 * 22
jcnd=12/22 0x1e720 * 
* * 
+6 * 10 0 10 0 0 2 0 0 2
+3 * 10
+4 * 10 0 0 1 0 0 1
+3 * 10
jcnd=8/10 -18 * 
* * 
+2 * 2
+4 * 2
+7 * 2
+3 * 2
jcnd=1/2 -63 * 
* * 
+2 * 1 1
+7 * 1
fi=(4)
+4 79 1
fe=(2)
+2 565 1 1
+7 * 1
+2 * 1 0 1
fi=(4)
+4 79 1
+3 * 1
fe=(2)
+2 565 1 0 1
+4 * 1 0 1
+4 * 1 0 1
+4 * 1 0 0 1 0 0 1
+3 * 1
+2 * 1 1
+4 * 1
+2 * 1
+3 * 1
+2 * 1
+4 * 1
+3 * 1
+4 * 1 1
+7 * 1 1
+4 * 1
+5 * 1 1
+7 * 1
+5 * 1
+4 * 1 0 1
+4 * 1 0 0 1 0 0 1
+3 * 1
jcnd=1/1 +10 * 
* * 
+10 * 1
+3 * 1
jcnd=1/1 +90 * 
* * 
+90 * 1 0 0 1 0 0 1
+4 * 1
+4 * 1
+3 * 1 1
fi=(5)
+5 49 1 1
+4 +4 1
+3 -5 1 0 0 1 0 0 1
+5 +1 1
+4 * 1
+4 * 1
+4 +4 1 1
+7 * 1
+5 * 1
+4 * 1 1
+4 * 1
+5 * 1
+4 * 1
+4 +3 1
+3 * 1
jcnd=1/1 +47 +5 
* * 
fe=(2)
-65 565 1 1
fi=(5)
+5 49 1 1
+4 +4 1
+3 -5 1
+5 +1 1
+4 * 1
+4 * 1
+4 +4 1 1
+7 * 1
+5 * 1
+4 * 1 1
+4 * 1
+5 * 1
+4 * 1
+4 +3 1
+3 * 1
jcnd=1/1 +47 +5 
* * 
+47 +5 2 0 0 1 0 0 1
+7 * 2
+3 * 2
jfi=(2)
jcnd=1/2 0x1e6a1 565 
* * 
+2 * 1
+1 +2 1 1
+5 +2 1 1
+4 -2 1
+3 * 1
+4 +1 1 0 0 1 0 0 1
+4 * 1
fi=(6)
+4 273 1
+3 * 1
+2 +9 1
+2 * 1
+3 * 1
+2 * 1 1 0 0 1 0 0 1
+4 * 1 1
+5 * 1 1 0 0 1 0 0 1
+4 * 1
+3 * 1
+5 * 1
+6 * 1 1
+3 +4 1
+3 * 1
jcnd=1/1 +12 +26 
* * 
+12 +26 1 0 0 1 0 0 1
+4 * 1
+2 * 1
+4 * 1
jfi=(5)
jcnd=1/1 +13 61 
* * 
fi=(5)
+13 61 1
+4 * 1
+3 * 1
fe=(2)
+2 565 2
+4 * 2
+3 * 2
jcnd=1/2 0x1e790 +2 
* * 
fi=(5)
+6 51 1 1
fi=(4)
+7 +28 1 1
+7 * 1
jfi=(2)
jump=1 0x1e5b3 565 
* * 
fi=(3)
+12 -20 1 0 0 1 0 0 1
+5 * 1
+3 * 1
+4 * 1
jcnd=1/1 0x1e820 +3 
* * 
fe=(2)
+76 565 14 0 0 1 0 0 1
+3 * 14
+4 * 14
jump=14 0x1e4b0 * 
* * 
0x1e790 +2 1 0 1 1 0 0 1
+7 457 1 0 1 0 0 1 0 0 1
cfi=(7)
cfn=(12) __rtld_malloc_init_stubs
calls=1 0x1b080 42 
* * 10 1 4 1 0 2 1 0 2
+5 +4 1
+7 * 1 0 1
+7 85 1
+2 478 1
+7 85 1
+4 * 1
+3 * 1 0 1 1 0 0 1
+7 478 1 0 1
cfi=(8)
cfn=(14)
calls=1 0x10dc0 25 
* * 28 8 6 2 1 0 2 1
+5 +2 1 1
+5 +16 1 1
+7 -17 1
+7 +17 1
+7 -17 1 0 1
+7 +11 1 0 1
+7 -10 1 0 1 0 0 1 0 0 1
+7 +16 1 0 1
cfi=(9)
cfn=(16) _dl_sysdep_start
calls=1 0x1cef0 103 
* * 2675992 671350 240589 1016 16507 2399 1015 8471 1556
+5 * 1
+3 +2 1 1
+7 * 1
+6 +87 1
+7 * 1
+3 * 1 1 0 0 1
+1 * 1 1
+2 * 1 1
+2 * 1 1 0 0 1
+2 * 1 1
+2 * 1 1
+1 * 1 1
fi=(3)
+2 62 1 0 0 1 0 0 1
+5 * 1
+3 * 1
+4 * 1
+6 +2 1
+5 * 1
+3 * 1
+3 * 1 0 0 1 0 0 1
jump=1 0x1e296 +4 
* * 
+49 +39 1
+3 * 1 0 1
+4 * 1
jump=1 0x1e3b6 +7 
* * 
fe=(2)

fn=(238)
0x1de90 674 1 0 0 1 0 0 1
+4 * 1 0 1
+1 +2 1
+5 -2 1
+3 * 1 0 1
+1 * 1
+3 * 1
+4 +2 1 1
+3 * 1 1
+7 * 1 0 1
cfi=(70) /usr/src/debug/glibc/glibc/elf/dl-version.c
cfn=(240) _dl_check_all_versions
calls=1 0x13f90 392 
* * 25564 7784 1605 44 127 78 44 121 75
+5 * 1
+2 * 1
jcnd=1/1 +8 +4 
* * 
+8 +4 1 1 0 1 0 0 1
+4 * 1 1
+1 * 1 1

fn=(246)
0x1e130 734 1 0 1 1 0 0 1
+1 +6 1 1
+8 -6 1
+3 * 1 0 1
+2 * 1 0 1
+1 +2 1 1 0 1 0 0 1
+7 * 1 0 1
+7 +4 1
+6 * 1
+3 +11 1
fi=(28)
+4 44 1
fe=(2)
+5 746 1
+4 +4 1
fi=(28)
+4 44 1 1 1
cfi=(27)
cfn=(74)
calls=1 0xb390 +36 
* * 41 8 7
fe=(2)
+6 759 1
+3 -10 1 0 1
+7 -3 1 0 1
+3 +10 1 0 1 1 0 0 1
+8 +3 1 0 1
cfi=(45)
cfn=(248)
calls=1 0x119d0 125 
* * 86 15 10 2 3 0 2 3
+5 +3 1 0 1
cfi=(45)
cfn=(250)
calls=1 0x11bd0 243 
* * 238 41 16 8 4 0 8 2
+5 +7 1 0 1
cfi=(45)
cfn=(254)
calls=1 0x11de0 509 
* * 485 40 331 5 0 38 5 0 38
+5 * 1
+3 +1 1
+3 * 1
+2 +6 1 1
fi=(73) /usr/src/debug/glibc/glibc/elf/../sysdeps/generic/dl-call_tls_init_tp.h
+4 31 1
+5 * 1
fe=(2)
+3 776 1 0 1
fi=(73)
+7 31 1
+5 * 1 0 1
+3 * 1 0 1
+4 * 1
+2 * 1
+2 * 1
+2 +2 1 0 1 1 0 0 1
cfi=(24)
cfn=(262) __tls_init_tp
calls=1 0x12830 +35 
* * 83 14 20 5 1 1 5 0 1
fe=(2)
+5 783 1
+3 -3 1 0 1
+7 +3 1 1
+1 * 1 1
+2 * 1 1
+1 * 1 1

fl=(38) /usr/src/debug/glibc/glibc/elf/../sysdeps/x86_64/dl-hwcaps-subdirs.c
fn=(112) _dl_hwcaps_subdirs_active
0x1ade0 29 1 0 0 1 0 0 1
fi=(18)
+4 +2 1 1
fe=(38)
+6 +7 1
fi=(18)
+2 -8 1
+2 * 1
+2 * 1
+3 * 1
jcnd=1/1 +13 +2 
* * 
fe=(38)
+2 +22 1 1
fi=(18)
+11 -20 1 1 0 1 0 0 1
+6 * 1
+3 * 1
+2 +4 1
fe=(38)
+2 +2 1
fi=(18)
+2 -2 1
+6 * 1
+2 +3 1 1
+6 * 1
+2 * 1
+5 * 1
+2 +1 1 1
+6 * 1
+2 * 1
+3 * 1
+2 +5 1
fe=(38)
+2 -7 1
fi=(18)
+2 +7 1
+2 * 1
+6 * 1 0 0 1 0 0 1
fe=(38)
+2 -2 1
fi=(18)
+5 +5 1
+6 * 1
+2 +3 1 1
+6 * 1
+2 * 1
+2 * 1
+6 * 1
+2 +2 1
+2 * 1
+2 * 1
+6 * 1
+2 +1 1
+3 * 1
+2 +1 1
+6 * 1
+2 +3 1
fe=(38)
+2 -10 1
fi=(18)
+5 +10 1 0 0 1 0 0 1
+2 * 1
+6 * 1
jfi=(38)
jcnd=1/1 0x1adf5 -6 
* * 
fe=(38)

fl=(25)
fn=(70)
0x1a8a0 28 2 0 0 1 0 0 1
+4 +1 2 2
+3 +3 2 2
+3 * 2
+3 * 2
jcnd=1/2 +32 +2 
* * 
+2 * 1 1
+17 * 99 99
+4 +13 99
+4 -13 99
+3 * 99
+2 +2 100 100 0 1 0 0 1
+3 * 100
jcnd=84/100 -16 -2 
* * 
+2 +1 16 16
+4 * 16
jcnd=15/16 -22 -3 
* * 
+2 * 1 1
+4 * 1
+2 +5 1
+4 -3 1
+4 +3 1 0 1
+3 +2 1 1

fl=(170)
fn=(572) _dlfo_sort_mappings
0x23660 537 1 0 0 1 0 0 1
+4 +1 1
+4 * 1
+6 +3 1
+4 * 1
+3 * 1
+3 * 1
+8 +4 1 0 0 1 0 0 1
+3 +1 1
+4 -1 1 1
+3 +1 1
+3 * 1
-13 -1 4
+3 +1 4
+4 -1 4 4
+3 +1 4
+3 * 4
+2 * 5
+3 * 5
+11 * 5
+3 +1 5
+3 * 5
+4 * 5 5
+4 * 5
+3 * 5
jcnd=4/5 +8 -1 
* * 
-14 * 10
+3 * 10
+4 * 10 10
+4 * 10
+3 * 10
jcnd=6/10 +8 -1 
* * 
+2 +3 5
+3 -1 5
+3 -3 5
+4 * 5
+3 * 5
-7 * 10
+4 * 10
+3 * 10
jcnd=10/10 -29 +1 
* * 
+2 +8 5 0 0 1 0 0 1
+4 * 5
+3 * 5 5
+3 +1 5 5
+5 * 5
+5 -1 5 5
+6 -13 5
+4 * 5 5
+5 +14 5 0 5
+4 * 5 5
+6 * 5 0 5
+5 +1 5 0 5
+5 * 5 0 5
+5 -15 5
+3 * 5
jcnd=4/5 0x23680 +4 
* * 
+6 +17 1 1

fn=(566)
0x23710 562 1 0 0 1 0 0 1
+4 * 1 0 1
+1 +3 1 1 0 0 1
+7 -3 1
+3 * 1 0 1
+2 * 1 0 1
+1 +5 1 1
+7 * 1
jcnd=1/1 0x23820 +1 
* * 
+17 +13 1 0 1
cfn=(570) _dlfo_process_initial
calls=1 0x23170 475 
* * 128 33 3 4 2 0 4
+5 +1 1 1 0 1 0 0 1
+7 -1 1
+3 +1 1
fi=(28)
+4 56 1 1 1 0 1
cfi=(27)
cfn=(78)
calls=1 0xb240 -20 
* * 30 7 7 0 2
fe=(170)
+6 581 1 0 1
fi=(28)
+7 56 1
fe=(170)
+3 583 1
+3 * 1
+2 +3 1
+3 * 1
+6 +5 1 0 1
+11 +1 1 0 1
cfn=(570)
calls=1 0x23170 475 
* * 535 136 33 0 64 4 0 8 3
+5 +3 1 1 0 1 0 0 1
+7 * 1
+3 * 1
jcnd=1/1 0x23838 +2 
* * 
+6 +10 1 1
+1 * 1 1
+2 * 1 1
+1 * 1 1
0x23820 -37 1 0 0 1 0 0 1
+7 * 1 0 1
cfi=(171)
cfn=(568)
calls=1 0x23100 95 
* * 73 19 4 2 11 1 2 0 1
+5 * 1
jump=1 0x2373a +12 
* * 
+12 +29 1
+3 * 1 0 1 1 0 0 1
cfn=(572)
calls=1 0x23660 -60 
* * 253 46 20 3 0 0 3
+6 +3 1 1
+7 * 1
+4 * 1
+4 * 1 1
+7 * 1 1
+4 * 1 0 1
+7 +2 1
jump=1 0x2378b +3 
* * 

fn=(570)
0x23170 475 2 0 2
+1 +3 2
+3 -3 2
+3 * 2 0 2
+1 * 2
+4 +1 2 2 0 1 0 0 1
+7 +3 2 2
+8 * 2
+6 +26 2 2 0 0 1
+7 * 2
+3 * 2
+6 * 2
+7 * 2
+3 * 2
+2 * 2
+3 +1 2 2
+3 * 2
+3 * 2
jcnd=2/2 +19 +3 
* * 
+10 +1 14 14 0 0 1
+4 -1 14
+3 * 14
jcnd=2/14 +89 -1 
* * 
+2 +3 14 0 0 1 0 0 1
+3 * 14
jcnd=2/14 -12 -2 
* * 
+2 * 12 12
+4 * 12
+2 +3 12 12
+7 * 12
+3 * 12
+2 * 12
jcnd=12/12 0x23250 +2 
* * 
+64 -7 2 0 0 1 0 0 1
+4 * 2
+7 * 2 2
+7 * 2
+6 +27 2
+3 -2 2 0 2
+7 +2 2 2
+4 * 2 2
+1 * 2 2
+9 -18 12 12 0 1 0 0 1
+7 * 12
+3 * 12
jcnd=6/12 +17 +4 
* * 
+2 +3 6
+3 * 6
+4 -1 6
+3 * 6 0 6
cfi=(171)
cfn=(568)
calls=6 0x23100 95 
* * 383 103 24 0 64 4 0 8 3
+5 +2 12
+4 * 12
jump=12 0x231c0 -11 
* * 

fl=(326) /usr/src/debug/glibc/glibc/elf/dl-call_fini.c
fn=(1254) _dl_call_fini
0x1f70 24 7
+4 * 7 0 7
+1 * 7
+3 * 7 0 7
+2 * 7 0 7
+2 * 7
+3 * 7 0 7
+1 * 7 0 0 1 0 0 1
+4 +4 7 7 0 0 1
+7 * 7
+6 +6 7 7 0 0 7
+8 -2 7 0 7
+9 +3 7
+3 * 7
jcnd=2/7 +57 +12 
* * 
+2 +3 5 5 0 0 5
+4 +1 5 5 0 0 1
+8 -1 5 5 0 0 1
+4 +1 5 5 0 0 2
+4 * 5
+4 +3 5 0 0 1 0 0 1
+4 * 5
+2 * 5
+5 * 5
+6 +1 5 5 5 0 5
cob=(6)
cfi=(337) /usr/src/debug/gcc/gcc/libgcc/unwind-dw2-fde.c
cfn=(1394) release_registered_frames
calls=1 0x4230 +15 
* * 42 14 12 3 1 0 2
cob=(3)
cfi=(196)
cfn=(1374) release_registered_frames
calls=1 0xf660 -43 
* * 42 14 12 3 1 0 3
cob=(7)
cfi=(243)
cfn=(1292)
calls=1 0xaabe0 -43 
* * 1785 681 312 38 54 3 38 1
cob=(5)
cfi=(186)
cfn=(1270)
calls=1 0x1090 -43 
* * 153 37 17 10 8 2 8 0 1
cob=(8)
cfi=(269)
cfn=(1256) 0x00000000004014d0
calls=1 0x4014d0 -43 
* * 13 4 3 1
* * 2 2 2
cob=(6)
cfi=(195)
cfn=(1398) 0x00000000000053c0
calls=1 0x53c0 -43 
* * 153 37 17 2 2 0 2
cob=(3)
cfi=(196)
cfn=(1378) 0x000000000000f700
calls=1 0xf700 -43 
* * 153 37 17 1 2 0 1
+2 -1 7
+3 * 7
+4 * 7
+3 * 7
jcnd=2/7 -12 +1 
* * 
+2 +5 7 7 0 0 7
+8 +1 7
+3 * 7
jcnd=2/7 +23 +2 
* * 
+2 +1 5 5
+4 * 5 5 0 0 3
+4 +1 5
+4 * 5 5
+1 * 5 5
+2 * 5 5
+2 * 5 5
+1 -1 5
cob=(4)
cfi=(185)
cfn=(1412) 0x0000000004c14128
calls=1 0x4c14128 -49 
* * 4 1 0 1 0 0 1
cob=(4)
cfi=(185)
cfn=(1392) 0x0000000004b89a68
calls=1 0x4b89a68 -49 
* * 4 1 0 1 0 0 1
cob=(4)
cfi=(185)
cfn=(1372) 0x0000000004a52af4
calls=1 0x4a52af4 -49 
* * 4 1 0 2 0 0 2
cob=(4)
cfi=(185)
cfn=(1290) 0x000000000483a274
calls=1 0x483a274 -49 
* * 4 1 0 2 0 0 2
cob=(4)
cfi=(185)
cfn=(1266) 0x0000000000402c04
calls=1 0x402c04 -49 
* * 4 1 0 1 0 0 1
+3 +1 2 0 0 1 0 0 1
+4 * 2 2
+1 * 2 2
+2 * 2 2
+2 * 2 2
+1 * 2 2

fl=(8)
fn=(14)
0x10dc0 25 7 0 0 1 0 0 1
+4 +3 7 7
+7 -3 7
+3 +3 7
+3 * 7
+2 +3 7 7
+4 * 7 7
+7 * 7
+2 +1 7 7 0 0 6 0 0 6
+2 * 7 0 7
+6 +2 7 7
+3 -1 7 7
+3 +3 7
+4 * 7
+3 * 7
+6 +1 7 0 7 1 0 0 1
+7 +1 7
+4 * 7 7
+3 +2 7 0 7
+7 -2 7 0 7
+6 +3 7
+3 * 7
+4 +4 7
+2 * 7
+3 -2 7 0 7
+7 +2 7
+4 * 7 0 7
+7 +5 7 7

fl=(56)
fn=(184)
0x24050 30 6 0 0 1 0 0 1
+4 +9 6
+5 * 6
+2 * 6
+6 * 6
+2 +33 6 6

fl=(22)
fn=(62)
0x27320 57 27 0 0 1 0 0 1
+4 +44 27
+4 +1 27
+4 +1 27
+4 +1 27
+4 +1 27
+3 +1 27
+3 +1 27 0 0 1 0 0 1
+7 +2 27
+7 +2 27
+2 +31 27 27 0 0 2 0 0 2
+4 +1 27
+4 +1 27
+4 +1 27
+2 +1 27
jcnd=15/27 +6 +7 
* * 
+2 +1 12
+3 +2 12 12
+1 +4 15
+4 +1 15 15
+5 +1 15 15
+5 +1 15 15
+5 +1 15
+4 +1 15
+5 +1 15
+4 +1 15 0 0 1 0 0 1
+4 +1 15
+4 +1 15
+3 +1 15
+4 +1 15
+3 +5 15
+3 * 15
+3 * 15
+4 * 15
+3 * 15
+3 * 15
+2 * 15
+4 * 15 15

fl=(9)
fn=(16)
0x1cef0 103 1 0 0 1 0 0 1
+4 * 1 0 1
+1 * 1
+3 * 1 0 1
+1 * 1
+3 +4 1
+4 -4 1 0 0 1 0 0 1
+4 +1 1 0 1
+7 +3 1 0 1 0 0 1 0 0 1
cfn=(18) _dl_sysdep_parse_arguments
calls=1 0x1bfc0 -28 
* * 613 174 106 8 19 13 8 19 13
+5 +4 1 1
+7 * 1 0 1
cfi=(11)
cfn=(22)
calls=1 0x12f40 294 
* * 33185 4865 33 8 69 5 8 69 5
+5 +3 1 0 1
cfi=(13)
cfn=(26)
calls=1 0x10f50 289 
* * 38 7 4 3 2 0 3 2
+5 +2 1
+2 * 1 0 1
cfi=(14)
cfn=(30)
calls=1 0x22390 -80 
* * 8 1 1 1 0 1 1 0 1
fi=(6)
+5 +93 1 0 1
cfi=(15)
cfn=(34) _dl_x86_init_cpu_features
calls=1 0x184b0 37 
* * 7414 848 519 111 28 10 111 28 10
fe=(9)
+5 -86 1 1
+7 * 1
+3 * 1
+2 +1 1 0 1
cfi=(22)
cfn=(62)
calls=1 0x27320 -67 
* * 17 2 0 2 1 0 2 1
+5 * 1 0 1 1 0 0 1
+7 +2 1
+2 * 1 0 1
cfi=(23) /usr/src/debug/glibc/glibc/elf/../misc/sbrk.c
cfn=(64) sbrk
calls=1 0x22c90 -89 
* * 16 5 3 2 0 0 2
+5 * 1
+7 * 1
+3 * 1
+2 +12 1 1
+6 * 1
+2 * 1
+2 +3 1 1
+3 * 1 1
+4 * 1
+4 * 1 1
+7 * 1 0 1
cfi=(2)
cfn=(66)
calls=1 0x1e9f0 1306 
* * 2634664 665438 239911 877 16387 2369 877 8352 1526
+2 +3 1 1 0 1
+4 * 1 1 0 0 1
+4 * 1 1
+1 * 1 1

fn=(18)
0x1bfc0 79 1 0 1 1 0 0 1
+1 +2 1
+4 -2 1
+3 * 1
+3 * 1 0 1
+2 * 1 0 1
+2 * 1 0 1 0 0 1 0 0 1
+2 * 1 0 1
+2 * 1 0 1
+1 * 1
+7 +1 1 1
+4 +1 1 0 1
+7 -1 1 0 1
+6 +2 1
+2 * 1
+5 +2 1 1
+4 -2 1 0 1 0 0 1 0 0 1
+7 +2 1
+2 -1 100 0 0 1 0 0 1
+4 +1 100 100 0 0 13 0 0 13
+4 * 100
jcnd=99/100 -8 -1 
* * 
+2 +7 1
+2 * 1
+7 * 1
+5 * 1 0 1 0 0 1 0 0 1
jump=1 * * 
* * 
* * 52 0 51 0 0 5 0 0 5
jcnd=51/52 * * 
* * 
fi=(10) /usr/src/debug/glibc/glibc/elf/../sysdeps/unix/sysv/linux/dl-parse_auxv.h
+3 -49 1 1
fe=(9)
+4 +45 1
fi=(10)
+4 -54 1
fe=(9)
+7 +54 1 0 1 0 0 1 0 0 1
fi=(10)
+7 -54 1 0 1
+7 +1 1 0 1 1 0 0 1
+11 +1 1 0 1
+11 +7 1
+3 * 1
+6 * 1
+9 +1 1
+4 * 1
-4 * 21
+4 * 21
+2 +1 22 22
+4 * 22 0 22
+8 -2 22 22 0 0 6 0 0 6
+4 * 22
+4 * 22
+3 * 22
jcnd=21/22 -29 +1 
* * 
+2 +13 1 1 0 1 0 0 1
+7 +10 1 1
+7 +2 1
fe=(9)
+6 +28 1 1
+6 -1 1 1
fi=(10)
+7 -39 1 0 1 0 0 1 0 0 1
+7 +2 1 1
+7 * 1 1
fe=(9)
+8 +38 1 0 1
fi=(10)
+6 -38 1 0 1 1 0 0 1
+7 +8 1
fe=(9)
+5 +31 1 1
fi=(10)
+7 -31 1
+3 -18 1 1
+7 +1 1 1
+7 * 1 1
+4 +17 1
+4 +2 1 1
+7 -18 1 1
+7 +1 1 1
+7 +1 1 1 0 1 0 0 1
+7 +16 1
+3 -15 1 1
+7 +1 1 1
+7 +1 1 1
+8 +13 1
+4 -18 1 0 1
+7 +6 1 1
+7 -5 1 0 1 0 0 1 0 0 1
+7 +5 1 0 1
+7 +2 1 1 0 1 0 0 1
+7 -6 1 0 1
+7 +6 1 0 1
fe=(9)
+7 +38 1 1
fi=(10)
+6 -43 1 0 1
+7 -4 1 0 1 0 0 1 0 0 1
+7 +5 1 0 1
+7 +1 1 0 1
+8 -8 1 0 1
+7 +21 1 0 1 1 0 1 1 0 1
+7 -20 1 0 1
+7 +18 1 0 1
fe=(9)
+6 +29 1 0 1
+3 +1 1 0 1
+3 +1 1 0 1
+4 +1 1
+7 * 1 1
+1 * 1 1
+2 * 1 1
+2 * 1 1
+2 * 1 1
+2 * 1 1
+1 * 1 1

fn=(606)
0x1cfb0 148 1 0 0 1 0 0 1
+4 +1 1 1

fl=(61)
fn=(196)
0x24180 25 6 0 0 1 0 0 1
+4 +1 6
+5 * 6
+2 * 6
+6 * 6
+2 +1 6 6

fl=(277) /usr/src/debug/glibc/glibc/elf/dl-runtime.c
fn=(986) _dl_fixup
0x10720 46 14
+4 * 14 0 14
+1 * 14
+3 * 14
+3 * 14 0 14
+2 * 14 0 14
+2 * 14 0 14
+2 * 14 0 14
+2 * 14 0 14
+1 * 14
+3 * 14
+4 +2 14 14 0 0 4
+4 * 14 14 0 1 4 0 1
+3 * 14 14 0 0 4
+4 * 14 14 0 0 4
+7 * 14
jcnd=14/14 +8 +1 
* * 
+8 +1 14 14 0 0 4
+4 +6 14
fi=(356) /usr/src/debug/glibc/glibc/elf/../sysdeps/x86_64/dl-runtime.h
+3 -27 14
fe=(277)
+4 +21 14 14 0 0 5
+4 +5 14 14 0 0 4
+7 +1 14 14 0 0 5
+4 -6 14
+3 +6 14
+4 * 14
+3 +1 14 14 0 0 11
+4 +2 14 14 0 1 0 0 1
+4 -2 14
+3 +2 14
+3 -2 14
+4 * 14
+4 * 14
+3 * 14
+4 * 14 0 14 0 0 4
+4 +7 14
+3 * 14
+6 +4 14 14 0 0 12 0 0 7
+4 * 14
+6 +4 14 14 0 0 5
+7 -2 14
+3 +2 14
+3 * 14
+2 +4 14
+3 * 14 14 0 1 5 0 1
+4 * 14 14 0 0 7
+3 +1 14
+6 * 14
+4 * 14 14 0 0 4
+7 * 14
+4 +1 14 14 0 0 6
+4 * 14
+3 * 14
jcnd=14/14 +5 +8 
* * 
+5 +8 14 14 0 0 1
+8 -1 14
+5 +1 14
+2 * 14
jcnd=14/14 +19 +10 
* * 
+19 +10 14 14 0 1 4 0 1
+7 * 14 14
+2 * 14 0 14
+2 * 14
+4 * 14 0 14
+1 * 14
+6 * 14
+3 * 14
+3 * 14
+3 * 14 0 14
cfi=(77)
cfn=(280)
calls=14 0xa370 759 
* * 10273 2881 1084 6 295 33 0 14
+5 * 14
+3 +4 14 14
+8 * 14 14
+2 * 14 14
+2 * 14
+2 * 14 0 0 1 0 0 1
+6 +10 14 14
+4 * 14
+3 * 14
+6 * 14 14
+5 * 14
+6 * 14
+3 * 14
+6 * 14 14
+3 * 14 14
+4 * 14 0 14
+4 +15 14 14
+4 * 14
+3 * 14
+2 * 14
jfi=(317) /usr/src/debug/glibc/glibc/elf/../sysdeps/x86_64/dl-irel.h
jcnd=2/14 0x109a8 -92 
* * 
+6 +9 14 14 0 1 0 0 1
+7 * 14
+3 * 14
jcnd=14/14 0x10928 +29 
* * 
+30 +26 14 14 0 0 4
+6 * 14
+2 * 14
fi=(6)
+2 +64 14 0 14
fe=(277)
+3 -60 14
+4 * 14 14
+1 * 14 14
+2 * 14 14
+2 * 14 14
+2 * 14 14 0 1 0 0 1
+2 * 14 14
+1 * 14 14
0x10928 -1 14 14 0 1 0 0 1
+4 * 14
jump=14 0x108a7 -3 
* * 
fi=(317)
0x109a8 32 2 0 2 1 0 0 1
cob=(2)
cfi=(106)
cfn=(356)
calls=1 0xaafd0 -3 
* * 23 4 0 4 2
cob=(2)
cfi=(100)
cfn=(336)
calls=1 0xaa490 -3 
* * 22 4 0 3 2
fe=(277)
+2 +93 2 0 2
+4 * 2
jump=2 0x1087f +8 
* * 

fl=(23)
fn=(64)
0x22c90 37 1 0 0 1 0 0 1
+4 * 1 0 1
+1 * 1
+3 * 1 0 1
+2 +3 1 1
+7 -3 1 0 1
+1 * 1
+3 +21 1
+3 * 1
+2 +4 1
+3 * 1
jcnd=1/1 +21 +16 
* * 
+21 +16 1 0 0 1 0 0 1
+3 * 1 1
+1 * 1 1
+2 * 1 1
+1 * 1 1

fl=(323)
fn=(1246)
0x4e60 26 1 0 0 1 0 0 1
+4 * 1 0 1
+1 * 1
+3 * 1 0 1
+2 * 1 0 1
+2 +17 1
+3 -17 1 0 1
+2 * 1
+7 * 1 0 1
+2 * 1 0 1
+1 * 1
+4 * 1 0 1 1 0 0 1
+7 +20 1 1 0 0 1
+7 * 1
+3 * 1
+4 * 1
+2 * 1
+4 * 1
+7 * 1
+4 * 1
+8 * 1
+3 +3 1
+3 * 1 1 1 0 1
cob=(2)
cfi=(324)
cfn=(1248)
calls=1 0x98c50 +28 
* * 44 12 6 6 1 0 6
+6 +2 1 1 0 0 1
+3 +3 1
+2 * 1
+2 +2 1 1 0 1 0 0 1
+3 * 1 1 0 0 1
+7 * 1
+3 * 1
+3 * 1
jcnd=1/1 +96 +7 
* * 
+11 -10 1
+4 * 1
+7 * 1
+4 * 1
+2 +95 1 1
+4 * 1
+2 * 1 1
+6 * 1 0 1
+7 +2 1
+6 -2 1
+2 * 1
+6 +6 1 1
+7 * 1
+6 +7 1
+4 * 1 1
+1 * 1 1
+2 * 1 1
+2 * 1 1
+2 * 1 1
+2 * 1 1
+1 * 1 1
+8 -91 1 0 0 1 0 0 1
+5 * 1
+3 * 1 0 1
+3 -2 1 0 1
+4 +2 1 0 1 1 0 0 1
cfi=(47)
cfn=(608)
calls=1 0x18570 -22 
* * 9 3 0 2 1
+5 +5 1 1
+3 * 1
+3 * 1
+3 * 1
+8 * 1
+4 * 1
+4 * 1
+3 * 1
+7 * 1
+3 * 1
+3 * 1
jcnd=1/1 +23 * 
* * 
+23 * 1 0 0 1 0 0 1
+5 * 1
+3 * 1
+3 * 1
+2 * 1 0 1
+6 +6 1 1
+3 -6 1
+3 +4 1
+3 +2 1
+2 * 1
+3 * 1
jcnd=1/1 +39 +2 
* * 
+39 +2 7 7 0 1 7 0 1
+4 * 7
+2 +2 7
+2 * 7
+6 +2 7
+2 * 7 0 7
+4 +1 7 0 7 0 0 7 0 0 1
+6 +1 7
+3 +4 7 0 7 0 0 6
+7 -12 7 7 0 0 2
+4 * 7
+3 * 7
jcnd=6/7 -43 +2 
* * 
+2 +19 1
+2 * 1
+3 * 1 0 0 1 0 0 1
+3 * 1
+2 * 1
+2 * 1
+6 +1 1
+3 * 1
+3 * 1
+2 * 1
jcnd=1/1 +17 +6 
* * 
+17 +6 1
+3 * 1
+3 * 1
+5 * 1 0 1
+4 * 1 0 1
+3 * 1 0 1
+4 * 1 0 1
cfi=(13)
cfn=(232)
calls=1 0x10f80 298 
* * 555 155 86 15 11 2 1
+5 +9 1 0 0 1 0 0 1
+3 * 1 1 1
cob=(2)
cfi=(325)
cfn=(1250)
calls=1 0x9a780 367 
* * 40 8 5 5 0 0 5
+6 +5 1 1
+3 * 1 1
+4 * 1
+2 * 1
+2 * 1 1
+4 * 1
+4 * 1
jump=1 +22 +2 
* * 
+5 * 7
+4 +14 7 0 7
+8 -14 7
+3 * 7
jcnd=1/7 +65 +17 
* * 
+2 +2 7 7
+3 +2 7 7
+8 * 7
+2 +2 7 0 0 1 0 0 1
+3 * 7 0 7
+4 * 7 0 7
+4 * 7 0 7
+4 * 7 0 7
cfi=(326)
cfn=(1254)
calls=7 0x1f70 -96 
* * 2612 917 432 68 100 5 64 1 1
+5 +3 7
+3 * 7 0 7
cfi=(47)
cfn=(1268) _dl_audit_objclose
calls=7 0x18730 -26 
* * 35 14 0 1 0 0 1
+5 * 7 7
+4 * 7 7
+4 * 7 7
+4 * 7
jump=7 -70 -9 
* * 
+10 +8 1
+3 * 1
jcnd=1/1 +10 +4 
* * 
+10 +4 1
+2 * 1 0 0 1 0 0 1
+3 * 1 0 1
cfi=(47)
cfn=(608)
calls=1 0x18570 -94 
* * 9 3
+5 * 1 1
+4 * 1
jump=1 0x4edb -89 
* * 

fl=(37)
fn=(130) copy_hwcaps
0x1a9c0 74 2 0 2 1 0 0 1
+1 * 2
+3 * 2 0 2
+2 * 2
+3 * 2 0 2
+2 +6 2
+10 -6 2 0 2
+2 +6 2
+10 -6 2 0 2
+1 * 2
+4 * 2
fi=(40) /usr/src/debug/glibc/glibc/elf/./dl-hwcaps.h
+4 -31 2 0 2
+4 +2 2 0 2
+8 +32 2 0 2
+3 +1 2 0 2
+4 +1 2
jfi=(37)
jump=2 +72 -2 
* * 
+3 * 2 2 0 1 0 0 1
+4 * 2 2
fe=(37)
+3 +1 2 2
+4 * 2 2
+4 -1 2 0 2
+3 +1 2
+4 * 2 0 2 0 0 1 0 0 1
+4 * 2 0 2
+4 * 2 0 2
cfi=(29)
cfn=(134)
calls=2 0x25110 197 
* * 26 6 4 1 0 0 1
+6 +4 2 0 2
+3 +2 2 2
+4 +2 2
+4 -3 2 2
+3 +1 2
+4 * 2 0 2
+4 +1 2
+4 * 2 0 2
+3 +1 2 0 2
+4 -11 2
+3 * 2 0 2
cfi=(39) /usr/src/debug/glibc/glibc/elf/dl-hwcaps_split.c
cfn=(116) _dl_hwcaps_split_masked
calls=2 0x1b000 -26 
* * 148 31 20
-3 * 2
+3 * 2 0 2
cfi=(39)
cfn=(116)
calls=2 0x1b000 -26 
* * 182 38 26
+5 * 4
+2 * 4
jfi=(40)
jcnd=2/4 -79 +2 
* * 
+2 +13 2
+4 * 2 2
+1 * 2 2
+2 * 2 2
+2 * 2 2
+2 * 2 2
+1 * 2 2

fn=(110)
0x1aa60 172 1 0 0 1 0 0 1
+4 * 1 0 1
+1 * 1
+3 * 1 0 1
+2 * 1
+3 * 1 0 1
+2 * 1
+4 * 1 0 1
+2 +3 1
+3 -3 1 0 1
+2 +3 1
+3 -3 1 0 1
+1 * 1 0 0 1 0 0 1
+7 * 1 0 1
+4 * 1 0 1
+4 * 1 0 1
+7 +2 1 0 1 0 0 1 0 0 1
cfi=(38)
cfn=(112)
calls=1 0x1ade0 29 
* * 49 6 0 4 0 0 4
+5 +1 1
fi=(40)
+2 43 1 0 1
fe=(37)
+4 174 1 0 1
fi=(40)
+3 45 1
+3 * 1 0 1
+8 +32 1 0 1
+7 +1 1 0 1
+8 +1 1
jfi=(37)
jump=1 +22 -27 
* * 
fe=(37)
+22 -27 1 0 0 1 0 0 1
+3 * 1 0 1
cfi=(39)
cfn=(116)
calls=1 0x1b000 -1 
* * 26 8 6 3 0 0 3
+5 * 1
+2 * 1
fi=(40)
+2 -9 1
+7 +2 1 0 1
+8 -2 1 0 1
+4 +34 1 1
+3 * 1 0 1
+3 +1 1 1
+4 * 1 0 1
+4 +1 1 0 0 1 0 0 1
jfi=(37)
jump=1 +27 -27 
* * 
fe=(37)
+9 -24 2 2
+4 -1 2
+4 +1 2
+3 +2 2
+3 * 2
+4 -5 2
+3 * 2 0 2
cfi=(39)
cfn=(116)
calls=2 0x1b000 -1 
* * 148 31 20
-3 * 1
+3 * 1 0 1
cfi=(39)
cfn=(116)
calls=1 0x1b000 -1 
* * 156 30 20 6 1 1 6 1 1
+5 * 3
+2 * 3
jcnd=2/3 -28 +3 
* * 
+2 +48 1
+3 * 1 0 1
+4 * 1
+4 * 1 0 1
fi=(28)
+4 -44 1
+3 * 1 1 1
cfi=(27)
cfn=(78)
calls=1 0xb240 -20 
* * 30 7 7
fe=(37)
+6 +46 1 1 0 1 0 0 1
+4 * 1
+3 -2 1 0 1 0 0 1 0 0 1
+7 +2 1
+6 +3 1 0 1
+7 +3 1
fi=(40)
+2 -65 1 0 1
+4 +2 1 0 1
+8 * 1 0 1
+4 +1 1
jfi=(37)
jump=1 +43 +66 
* * 
fe=(37)
+43 +66 1 0 0 1 0 0 1
+3 * 1 0 1
cfi=(39)
cfn=(118) _dl_hwcaps_split
calls=1 0x1aea0 -87 
* * 13 5 3
+5 * 1
+2 * 1
fi=(40)
+2 -69 1
+7 +2 1 0 1
+8 -2 1 0 1
+4 +34 1 1
+3 * 1 0 1
+3 +1 1 1
+4 * 1 0 1 1 0 0 1
+4 +1 1
jfi=(37)
jump=1 +43 +46 
* * 
fe=(37)
+5 +48 2 2
+4 * 2
+3 * 2
+4 * 2 2
+7 * 2 0 2 0 0 1 0 0 1
+3 +1 2 2
+4 * 2 0 2
+3 +1 2
+3 +1 2
+4 -1 2 0 2
+3 -4 2
+3 * 2 0 2
cfi=(39)
cfn=(116)
calls=2 0x1b000 -74 
* * 148 31 20
-3 * 1
+3 * 1 0 1
cfi=(39)
cfn=(116)
calls=1 0x1b000 -74 
* * 156 30 20
+5 * 3
+2 * 3
jcnd=2/3 -48 +2 
* * 
+2 +8 1 1
+4 * 1 0 0 1 0 0 1
+3 * 1
+6 +9 1 1
+6 * 1
+3 * 1
+6 * 1 0 1
+4 * 1
+5 +3 1 1
+7 * 1 0 1
+7 * 1 0 1
+7 * 1 0 1
+7 * 1 0 1 1 0 0 1
+7 * 1 0 1
+7 * 1
+3 * 1
+4 -2 1
+3 * 1 0 1
+4 * 1
+4 * 1
+4 * 1
+3 * 1
+11 * 1
+3 +8 1 1
+5 * 1 1
+5 +4 1 1
+5 * 1 1 0 1 0 0 1
+4 -4 1
+3 * 1
+3 * 1
+4 +4 1
+3 * 1 0 1
cfi=(42)
cfn=(126)
calls=1 0x24e40 -96 
* * 19 5 0 2 0 0 2
+5 +1 1
+2 * 1
+2 +1 1
jcnd=1/1 +7 +4 
* * 
+7 +4 1 1
+7 +1 1 1
+6 +1 1 0 1
+4 -20 1
+4 * 1
+5 * 1
+4 +19 1 0 1 1 0 0 1
+5 +1 1 0 1
+7 -20 1
+3 * 1
+2 * 1 1
+4 -1 1 1
+4 * 1
+4 * 1
+3 * 1
+6 * 1 1
+7 * 1 1
+7 * 1 1
+7 * 1 1
+7 * 1 1 0 1 0 0 1
+7 +47 1 1
+4 * 1
+5 -4 1
+4 +4 1 0 1 0 0 1 0 0 1
+3 -3 1
+8 +7 1 1
+4 -7 1
+3 * 1
+5 +7 1
fi=(28)
+5 56 1 1 1
cfi=(27)
cfn=(78)
calls=1 0xb240 -20 
* * 30 7 7
+6 * 1
fe=(37)
+3 194 1
+3 * 1 0 0 1 0 0 1
+6 +8 1 1
+4 +1 1
+3 * 1
+3 * 1
+2 * 1
+5 * 1 0 1
+4 -1 1 1
+3 * 1
+4 * 1
+3 +1 1 0 1
+4 * 1 0 1
cfn=(130)
calls=1 0x1a9c0 74 
* * 53 14 16 1 0 0 1
+5 +1 1 1
+3 * 1 1
+4 * 1
+3 * 1
+7 * 1 0 1
cfn=(130)
calls=1 0x1a9c0 74 
* * 401 85 72 2 0 1 2 0 1
+5 * 1 1 0 1 0 0 1
+4 +4 1 1
+4 +1 1 0 1
+8 -1 1 0 1
+3 +5 1 1
+7 * 1 0 1
+3 +3 1
+7 * 1
+3 * 1 1
+1 * 1 1
+2 * 1 1
+2 * 1 1
+2 * 1 1
+2 * 1 1
+1 * 1 1

fl=(54)
fn=(178)
0x24340 25 5 0 0 1 0 0 1
+4 +1 5
+2 * 5
+2 * 5
+6 * 5
+2 +1 5 5

fl=(70)
fn=(240)
0x13f90 392 1 0 0 1 0 0 1
+4 * 1 0 1
+1 * 1
+3 * 1 0 1
+2 * 1 0 1
+2 * 1 0 1 0 0 1
+2 * 1 0 1
+1 +4 1
+3 * 1
+2 * 1
+3 * 1
+3 * 1
+3 -2 1
+3 * 1
jump=1 +25 +4 
* * 
+25 +4 7 7 0 1 0 0 1
+7 * 7
+2 * 7
+3 * 7
+3 * 7
+3 * 7 0 7
cfn=(242) _dl_check_map_versions
calls=7 0x13640 155 
* * 25473 7764 1593 42 127 77 42 121 75
+5 -2 7 7
+4 +1 7
+3 -1 7
+3 * 7
jcnd=6/7 -33 +2 
* * 
+2 +5 1 1
+1 * 1
+3 * 1 1
+2 * 1 1
+2 * 1 1
+2 * 1 1
+1 * 1 1

fn=(242)
0x13640 155 7 0 0 1 0 0 1
+4 * 7 0 7
+1 * 7
+2 * 7
+3 * 7 0 7
+2 * 7 0 7
+2 * 7 0 7
+2 * 7 0 7
+2 * 7 0 7
+1 * 7
+7 +15 7 7
+4 * 7
+3 * 7
+6 +2 7 7
+4 * 7
+3 * 7
+3 * 7 7
+7 * 7
+6 +2 7 7 0 1 2 0 1
+7 +1 7 7
+7 +2 7
+3 * 7
jcnd=2/7 0x13d8b -13 
* * 
+6 +3 5 5
+4 * 5 5
+3 -16 5 0 5
+7 * 5
+7 +20 5 5 0 0 4 0 0 4
+4 -4 5
+3 -24 5 0 5
+10 +28 5 0 0 1 0 0 1
+6 * 5 0 5
+7 * 5 0 5
+7 * 5 0 5
+7 * 5 0 5
+7 * 5 0 5
+6 * 5
+11 * 5
+2 +16 5 5
+7 * 5 5
+5 36 5 0 0 1 0 0 1
+7 200 5
+3 36 5 5
+4 * 5
+4 * 5
+4 * 5 5
+4 * 5
+3 * 5
+3 * 5
jcnd=5/5 +25 +2 
* * 
-44 200 6 6
+7 * 6 6 0 0 1 0 0 1
+5 36 6
+7 200 6
+3 36 6 6
+4 * 6
+4 * 6
+4 * 6 6
+4 * 6
+3 * 6
+3 * 6
jcnd=6/6 +25 +2 
* * 
+12 +1 54 54
+4 -1 54
+3 * 54
+6 +2 65
+3 * 65
+3 * 65 0 65
cfi=(51)
cfn=(166)
calls=65 0xb530 +30 
* * 6050 1441 329
+5 * 65 0 0 1 0 0 1
+2 * 65
jcnd=54/65 -26 -1 
* * 
+2 * 11
+3 208 11 11
+6 * 11
+2 * 11
+6 +5 11 11
fi=(357) /usr/src/debug/glibc/glibc/elf/../sysdeps/generic/_itoa.h
+5 76 11 11
+4 * 11 0 11
+7 * 11 0 11
fe=(70)
+7 213 11
+3 * 11
+1 +4 11 11 0 0 3 0 0 3
+3 * 11 11
+7 +1 11 11
+4 * 11 11 0 1 0 0 1
+3 -1 11
+3 * 11 0 11
+4 +4 11 11
+4 -3 11 11
+4 +3 11 0 11
+7 -3 11 11
+7 * 11 11
+4 * 11
jcnd=9/11 +26 56 
* * 
-50 -1 43 43 0 0 12 0 0 12
+3 * 43 43
+7 +1 43 43
+4 * 43 43
+3 -1 43
+3 * 43 0 43
+4 +4 43 43
+4 -3 43 43
+4 +3 43 0 43
+7 -3 43 43
+7 * 43 43
+4 * 43
jcnd=38/43 +26 56 
* * 
+2 * 7 7
+7 * 7 7
+3 * 7
+7 * 7
+3 * 7
+4 56 7 7 0 1 0 0 1
+5 * 7 7
+4 * 7 7
+9 * 7
jcnd=7/7 +6 +8 
* * 
-18 * 47 47
+5 * 47 47
+4 * 47 47
+9 * 47
jcnd=47/47 +6 +8 
* * 
+6 +8 54
+7 * 54 54
+3 * 54
+6 +6 54 54 0 0 1
+8 * 54
+3 * 54
+6 +16 54 54 0 0 1
+4 +1 54
+3 * 54 0 0 1 0 0 1
+6 +2 54 54
+4 +5 54 54 0 0 4 0 0 4
+4 * 54
+2 * 54 0 54
+7 * 54 0 54
+7 * 54
+3 * 54 0 54
+4 * 54
+3 +14 54 54 0 0 2 0 0 2
+5 * 54
-5 * 892 892 0 0 8 0 0 8
+5 * 892
jcnd=54/892 0x13940 +2 
* * 
+6 +12 892 892 0 0 6 0 0 6
+5 * 892
+2 * 892
+6 +4 892
+3 -30 892 892 0 1 15 0 1 15
+6 * 892
jcnd=892/892 -33 +14 
* * 
0x1391d 231 54 54 0 1 0 0 1
+4 * 54
+5 * 54
+3 * 54
+4 +3 54 54
+3 * 54
+2 * 54
jcnd=11/54 0x13998 -6 
* * 
+2 +5 43
+3 -24 43
jump=43 0x13770 +2 
* * 
+9 110 54 54 0 1 0 0 1
+5 +3 54 54
+4 * 54 0 54
+7 * 54 54 0 0 3 0 0 3
+4 * 54
+3 * 54 0 54
cfi=(32)
cfn=(96)
calls=54 0x25ce0 -15 
* * 2417 423 0 12 21 0 12 21
+5 * 54 54
+7 * 54
+2 * 54
+6 224 54 54
+6 * 54 54
+4 * 54
jcnd=51/54 -88 +7 
* * 
+2 +1 3 3
+4 * 3
+7 * 3 0 3
cfi=(32)
cfn=(96)
calls=3 0x25ce0 98 
* * 195 30 0 0 1 0 0 1
+5 * 3
+2 * 3
+2 +3 3 0 3
+8 * 3
jump=3 0x1391d +3 
* * 
+5 * 11 0 11 1 0 0 1
+4 * 11 11
+7 +15 11 11
+5 * 11
+2 * 11
jcnd=5/11 0x13b49 +14 
* * 
+6 +5 6
+3 -50 6
jump=6 0x136f0 +2 
* * 
0x13b49 +59 5 5 0 1 0 0 1
+7 * 5 5
+7 * 5 5
+7 * 5
+3 * 5
jcnd=1/5 0x13df3 +17 
* * 
+6 +3 5 5
+4 * 5 5
+3 +3 5 5 0 0 1 0 0 1
+4 * 5 5
+3 * 5
+5 * 5
+2 * 5
+3 * 5 0 5 1 0 0 1
+3 * 5
+2 +3 5 5 0 0 1 0 0 1
+3 * 5
+2 * 5
+2 * 5
+11 * 5
+10 +4 5
+3 -7 5 5
+4 * 5
+5 * 5
+2 * 5
+3 +3 5 5
+3 * 5
+2 * 5
jcnd=5/5 -22 +4 
* * 
-22 +4 127
+3 -7 127 127 0 0 26 0 0 26
+4 * 127
+5 * 127
+2 * 127
+3 +3 127 127 0 0 13 0 0 13
+3 * 127
+2 * 127
jcnd=122/127 -22 +4 
* * 
+2 * 5 0 5
+3 +8 5 5
+3 * 5
+2 * 5
+6 +6 6 6 0 1 0 0 1
+4 * 6 0 6
fi=(28)
+4 44 6
fe=(70)
+5 280 6
+4 * 6
fi=(28)
+3 44 6 6 6
cfi=(27)
cfn=(74)
calls=6 0xb390 +36 
* * 301 56 48
fe=(70)
+6 281 6 6
+4 * 6
+3 -2 6 0 6
fi=(28)
+7 44 6
fe=(70)
+3 281 6
+6 +13 6 6
+7 -3 6 0 6 1 0 0 1
+7 +3 6 6 0 0 1
+4 * 6 6
+8 * 6
+6 * 6 0 6 0 0 2
+7 +2 6
+3 * 6
jcnd=1/6 0x13de2 +38 
* * 
+6 +3 5 5
+3 * 5 5
+4 * 5
+3 * 5
+11 * 5
+4 +4 5 5 0 1 0 0 1
+3 * 5
+3 * 5
jump=5 +13 +3 
* * 
-6 * 6 6
+3 * 6
+3 * 6
jump=6 +13 +3 
* * 
+10 +18 43
+3 -15 43 43
+5 +2 43
+3 -2 43
+3 +2 43
+7 -2 43
+6 +2 43
+3 * 43
-27 -2 11 11
+5 +2 11
+3 -2 11
+3 +2 11
+7 -2 11
+6 +2 11
+3 * 11
+2 +2 54
+4 +1 54
+7 -1 54 54
+3 * 54 0 0 1 0 0 1
+4 * 54
+4 +1 54 0 54 0 0 19 0 0 19
+4 +1 54 54
+4 -2 54 0 54
+4 +2 54
+3 * 54 0 54 0 0 4 0 0 4
+3 +1 54 54
+4 * 54
+3 * 54 0 54 0 0 2 0 0 2
+4 +3 54 54
+4 * 54
+3 * 54
jcnd=43/54 -90 +5 
* * 
+2 +8 11 11
+3 * 11
+2 * 11
jcnd=5/11 +44 +10 
* * 
+2 +5 6
+3 -28 6
jump=6 0x13c40 +2 
* * 
+39 +33 5 0 0 1 0 0 1
+3 * 5
jcnd=1/5 +98 +32 
* * 
+2 +3 5 5
+4 * 5
jump=5 +29 +6 
* * 
+26 +20 132
+3 -14 132 132
+4 * 132
-4 * 5 5 0 1 0 0 1
+4 * 5
jcnd=5/5 +47 +10 
* * 
+2 -2 132 132
+3 +6 132 132
+4 +1 132 132
+4 +1 132 132
+3 -1 132
+5 * 132
+4 * 132
+4 +1 132
+3 -1 132 0 132 0 0 35 0 0 35
+4 +1 132 0 132
+3 +1 132 0 132 0 0 15 0 0 15
+8 +3 132 132
+3 * 132
+2 * 132
jcnd=127/132 -59 +4 
* * 
-5 * 5 5
+3 * 5
+2 * 5
jcnd=5/5 -59 +4 
* * 
+2 +12 5
+3 * 5
jcnd=1/5 +33 +22 
* * 
+2 +1 5 5 0 1 0 0 1
+5 * 5
+2 +1 5 5 0 0 1
+8 * 5
jcnd=1/5 +16 +20 
* * 
+2 +1 4 4
+8 * 4
jcnd=1/4 0x13ef1 +2 
* * 
+6 +19 7 7
+6 * 7
+7 * 7 7
+1 * 7 7
+2 * 7 7
+2 * 7 7
+2 * 7 7
+2 * 7 7
+1 * 7 7
+19 164 2 0 2 1 0 0 1
+7 -8 2 0 2
+10 257 2
+3 * 2
jcnd=1/2 0x13b67 +3 
* * 
+6 * 1
jump=1 -68 387 
* * 
+61 +77 1
+3 * 1
+6 -40 1 1
+3 * 1
jump=1 0x13ce2 +43 
* * 
+5 -20 1 1 0 1 0 0 1
+3 * 1
+2 * 1
jcnd=1/1 0x13bc6 +6 
* * 
0x13ef1 +96 1 1 0 1 0 0 1
+4 * 1 1
+4 * 1 1 0 1 0 0 1
+8 * 1
jcnd=1/1 +5 +2 
* * 
+5 +2 1 1
+4 * 1 1
+3 * 1
+3 * 1
+6 +4 1
+7 * 1
jump=1 +20 -3 
* * 
+3 -4 29 29
+4 * 29
+4 * 29
+3 * 29
jcnd=1/29 0x13d61 +15 
* * 
+6 +1 29
+4 * 29
jcnd=28/29 -21 -1 
* * 
+2 +2 1 1
+4 +1 1
+5 * 1 0 0 1 0 0 1
+3 -1 1
+3 +1 1 0 1
cfi=(32)
cfn=(244) strncmp
calls=1 0x274c0 98 
* * 32 7 0 4 0 0 4
+6 * 1
+2 * 1
jcnd=1/1 -46 -4 
* * 

fl=(15)
fn=(34)
0x184b0 37 1 0 0 1 0 0 1
+4 +2 1 1
+6 * 1
+2 * 1
jcnd=1/1 +4 +2 
* * 
+4 +2 1 0 0 1 0 0 1
cfi=(16)
cfn=(36)
calls=1 0x16e10 751 
* * 7409 847 519 109 28 10 109 28 10

fn=(574)
0x18480 76 1
+4 -37 1 1
+6 * 1
+2 * 1
+2 +37 1
+2 * 1 1

fl=(173)
fn=(580) check_match
0xafb0 31 3 0 3 1 0 0 1
+1 * 3
+3 * 3 0 3
+2 * 3 0 3
+2 * 3
+3 * 3 0 3
+2 * 3
+3 * 3 0 3 1 0 0 1
+2 * 3 0 3
+1 * 3
+3 * 3
+4 +1 3 3
+4 * 3
+2 * 3 3
+4 * 3 3
+7 * 3
jcnd=3/3 +8 +1 
* * 
+8 +1 3
+3 * 3
+4 * 3
+4 +2 3 3 0 0 3 0 0 1
+5 * 3
+3 +1 3 3
+5 * 3
+2 +12 3 0 0 1 0 0 1
+5 * 3 3 3
+3 * 3
+2 +3 3 3
+4 * 3 3
+4 +2 3 3
+3 * 3
+3 * 3 0 3
cfi=(32)
cfn=(96)
calls=3 0x25ce0 +45 
* * 226 32 0 0 7 0 0 5
+5 * 3
+2 * 3
+2 +4 3 3
+7 * 3 3 0 0 2
+5 +1 3
+5 * 3
+4 * 3 3
+7 * 3
+4 * 3 3 0 1 1 0 1
+4 * 3
+2 +1 3 3
+3 * 3
+3 * 3 0 3
cfi=(32)
cfn=(96)
calls=3 0x25ce0 +39 
* * 207 27 0 0 4 0 0 2
+5 -19 3
+2 * 3
+5 * 3
+4 +24 3
+4 * 3
+3 * 3 3
+1 * 3 3
+2 * 3 3
+2 * 3 3
+2 * 3 3
+2 * 3 3
+1 * 3 3

fn=(578)
0xb090 74 3 0 0 1 0 0 1
+4 * 3 0 3
+1 * 3
+3 * 3 0 3
+2 * 3 0 3
+2 * 3 0 3
+2 * 3
+3 * 3 0 3
+2 * 3 0 3
+1 * 3
+4 * 3 0 3
+4 +1 3 3
+7 -1 3 0 3
+4 +4 3 3
+6 -4 3 0 3 1 0 0 1
+4 +2 3
+3 * 3
+2 +2 3
+2 * 3
+3 * 3
+2 +37 3
+2 -37 3
+2 * 3 3
+7 * 3 3 0 0 2
+3 +1 3
+2 * 3
+2 +2 3 3
+7 * 3
+4 * 3
+6 +3 3 3 0 0 3
+3 * 3
+3 * 3
+3 * 3
+2 * 3
jcnd=1/3 +39 +9 
* * 
-11 * 2 2 0 0 1
+3 * 2
+3 * 2
+3 * 2
+2 * 2
jcnd=1/2 +39 +9 
* * 
+2 +2 3
+3 +1 3 3
+3 * 3 3
+4 * 3
+3 * 3 3
+4 -1 3
+3 * 3
+4 +1 3 0 3
cfn=(580)
calls=3 0xafb0 -56 
* * 601 122 27 4 17 0 4 8
+5 * 3
+3 +3 3
+3 * 3
jcnd=3/3 +14 +26 
* * 
+2 +3 2 0 0 1 0 0 1
+4 * 2
+4 * 2
jcnd=2/2 -58 -9 
* * 
+4 +23 3
+4 * 3
+3 * 3 3
+1 * 3 3
+2 * 3 3
+2 * 3 3
+2 * 3 3
+2 * 3 3
+1 * 3 3

fl=(24)
fn=(88)
0x127c0 42 178
+4 +2 178
+2 * 178 178

fn=(68)
0x127d0 53 1 0 0 1 0 0 1
+4 * 1
+7 * 1
+5 +3 1
+4 * 1
+4 * 1 0 1 0 0 1 0 0 1
+7 * 1
+5 * 1
+4 * 1
+4 * 1 0 1 1 0 0 1
+7 * 1
+5 +5 1
+7 -5 1
+4 +5 1 0 1
+7 +1 1 0 1
+7 -6 1 0 1
+7 +8 1 1

fn=(262)
0x12830 68 1
+4 * 1 0 1
fi=(358) /usr/src/debug/glibc/glibc/elf/../include/list.h
+1 -24 1
fe=(24)
+7 +24 1
+3 * 1 0 0 1 0 0 1
fi=(358)
+4 -25 1 1 0 0 1
fe=(24)
+7 +26 1 1
+9 +3 1
fi=(358)
+7 -29 1 0 1
+7 +1 1 0 1
+7 +1 1 0 1
+4 +2 1 0 1
fe=(24)
+7 +28 1
+7 * 1
+5 * 1 0 0 1 0 0 1
+2 * 1 0 1
+6 +1 1
+7 * 1 0 1
+9 +1 1 0 1
+9 +5 1 1
+7 * 1 0 1
+8 +5 1
+7 +6 1
+5 -3 1 0 1 1 0 0 1
+11 +3 1
+5 -6 1
+5 * 1
+4 * 1 0 1
+7 +6 1
+2 +16 1
+2 * 1
+4 * 1
+5 * 1 0 1
cfi=(11)
cfn=(28)
calls=1 0x13590 438 
* * 24 4 1
fi=(74) /usr/src/debug/glibc/glibc/elf/../sysdeps/unix/sysv/linux/rseq-internal.h
+5 -9 1 1
+3 +14 1 1
+7 -14 1
+2 * 1
+2 +8 1 1 0 1 0 0 1
+6 * 1
+5 * 1
+2 * 1
+3 +6 1 0 1 0 0 1 0 0 1
+9 +1 1 0 1
+8 +1 1 0 1
+9 +1 1 0 1
+9 -24 1 1
+9 +26 1
+6 * 1
+2 * 1 0 0 1 0 0 1
+5 -26 1
+3 +26 1
+2 +1 1
+5 * 1
+2 +5 1 0 1
fe=(24)
+9 -14 1 0 1
+10 +6 1 1
+7 * 1 0 1
+9 +1 1 1
+1 * 1 1

fl=(53)
fn=(176)
0x242a0 28 6 0 0 1 0 0 1
+4 * 6 0 6
+1 +3 6
+3 -3 6
+3 * 6 0 6
+4 +3 6
+4 * 6
+2 * 6
+2 * 6
+2 * 6
+5 * 6
+2 +8 6 0 0 1 0 0 1
+2 * 6
+5 * 6
+3 * 6
+5 * 6
+2 * 6
+6 * 6
+2 +2 6 6
+1 * 6 6

fl=(1) ???
fn=(0) 0x000000000001d5c0
0x1d5c0 0 1 0 0 1 0 0 1
+3 0 1 0 1 0 0 1 0 0 1
cfi=(2)
cfn=(2)
calls=1 0x1e200 519 
* 0 2676640 671439 240660 1044 16521 2419 1043 8483 1576
+5 0 1
+3 0 1
+3 0 1 1
+6 0 1
+6 0 1
jcnd=1/1 +19 0 
* 0 
+19 0 1
+2 0 1
+4 0 1 0 1
cfi=(75)
cfn=(618)
calls=1 0x15690 331 
* 0 4 1 0 2 0 0 2
+5 0 1
+3 0 1
+3 0 1 1 0 1 0 0 1
+4 0 1
+3 0 1
+4 0 1 1
+7 0 1
+5 0 1
+4 0 1
+2 0 1 0 1
cfi=(184)
cfn=(622)
calls=1 0x5230 81 
* 0 45827 12868 6453 503 333 219 503 57 177
+5 0 1
+7 0 1
+3 0 1
cob=(8)
cfi=(269)
cfn=(952) (below main)
calls=1 0x401420 0 
* 0 4685817041 1303336786 860759383 595 9848579 583559 562 111 27911

fl=(44)
fn=(146)
0x34e0 116 2 0 0 1 0 0 1
+4 +1 2 2

fn=(200)
0x34f0 38 6
+4 +3 6
+7 -1 6
+3 * 6
jcnd=6/6 +22 +4 
* * 
+22 +4 6 6 0 1 0 0 1
+5 * 6
+2 +4 6 6

fn=(140)
0x3540 56 1 0 0 1 0 0 1
+4 * 1
+3 * 1
+3 +3 1
+3 * 1
+2 +4 1 1 0 0 1 0 0 1
+6 +22 1 1
+7 +10 1 1
+7 -32 1
+2 * 1
+6 +1 1 0 1
+10 +21 1
+3 * 1
jcnd=1/1 0x3649 -28 
* * 
0x3600 +5 1 0 0 1 0 0 1
+3 * 1 1
+8 +1 1
+7 +4 1 1
+5 -4 1 0 1
+4 -1 1 0 1
+4 +2 1 0 1
+8 +3 1
jcnd=1/1 +73 +1 
* * 
+2 +4 1
+3 * 1
jcnd=1/1 +15 +8 
* * 
+15 +8 1
+3 * 1 1
+11 -50 1 0 0 1 0 0 1
+2 +4 1
+7 * 1
jump=1 -82 +29 
* * 
+30 +35 1
+4 * 1
+7 * 1
+4 * 1 1 0 1 0 0 1
+4 * 1 0 1
+4 * 1
jump=1 -94 +3 
* * 

fl=(7)
fn=(586) lookup_malloc_symbol
0x1b260 61 4 0 4 1 0 0 1
+1 * 4
+3 +3 4
+3 -3 4
+3 * 4 0 4
+2 * 4 0 4
+2 +3 4
+4 -3 4 0 4
+1 * 4
+3 * 4
+3 +3 4
+3 -3 4
+4 +2 4 0 4 1 0 0 1
+8 +1 4 4
+7 * 4 0 4
+2 * 4 0 4
+2 * 4 0 4
cfi=(77)
cfn=(280)
calls=4 0xa370 759 
* * 2983 833 321 0 31 0 0 2
+5 +4 4 4
+4 * 4 4
+1 * 4 4
+1 * 4 4
+5 * 4
+3 * 4
+3 * 4
+6 +1 4 4
+6 * 4
+3 * 4
+2 * 4
+3 * 4
+2 * 4 4 0 1 0 0 1
+3 * 4 4
+4 +2 4 0 4
fi=(175) /usr/src/debug/glibc/glibc/elf/./dl-sym-post.h
+4 -30 4
+3 * 4
+2 +12 4 4
+6 * 4
+2 * 4
fe=(7)
+2 +19 4 4
+4 * 4
+4 * 4 4
+1 * 4 4
+2 * 4 4
+2 * 4 4
+1 * 4 4

fn=(12)
0x1b080 42 1 0 0 1 0 0 1
+4 +1 1
+7 * 1 0 1 0 0 1 0 0 1
+7 +1 1
+7 * 1 0 1 0 0 1 0 0 1
+7 +1 1
+7 * 1 0 1
+7 +1 1
+7 * 1 0 1
+7 +1 1 1

fn=(582)
0x1b330 76 1 0 0 1 0 0 1
+4 * 1 0 1
+1 +10 1
fi=(174) /usr/src/debug/glibc/glibc/elf/../sysdeps/generic/dl-hash.h
+7 -41 1 0 0 1 0 0 1
+5 -1 1
fe=(7)
+4 +32 1
+3 * 1 0 1
+2 * 1 0 1
+2 * 1 0 1
+2 * 1 0 1
+2 * 1 0 1
+1 * 1
+3 * 1
+4 +11 1 0 1
+7 -1 1 0 1
fi=(174)
+4 -43 1
+5 * 1
+11 * 1
+11 * 1
+2 +5 1 0 0 1 0 0 1
+4 * 1
+4 * 1
+3 +14 1
+3 * 1
+4 * 1
+6 * 1
+3 -17 1 1
+3 * 1
+2 * 1
jcnd=1/1 -32 +3 
* * 
-32 +3 5
+4 * 5
+4 * 5
+3 +14 5
+3 * 5
+4 * 5
+6 * 5
+3 -17 5 5
+3 * 5
+2 * 5
jcnd=4/5 -32 +3 
* * 
fe=(7)
+2 +46 1
+4 * 1
fi=(174)
+3 -24 1
fe=(7)
+5 +22 1 0 1
+8 +2 1
+3 * 1
fi=(174)
+7 -19 1 0 1 1 0 0 1
fe=(7)
+3 +19 1 0 1
cfn=(586)
calls=1 0x1b260 -30 
* * 759 223 91 3 7 0 3
+5 +1 1
+3 * 1
+3 * 1
+7 -1 1
+3 +1 1 0 1
cfn=(586)
calls=1 0x1b260 -31 
* * 796 226 91 0 11
+5 +1 1
+3 * 1
+3 * 1
+7 -1 1
+3 +1 1 0 1
cfn=(586)
calls=1 0x1b260 -32 
* * 857 231 91 0 10 0 0 2
+5 +1 1
+3 * 1
+3 * 1
+7 -1 1 0 0 1 0 0 1
+3 +1 1 0 1
cfn=(586)
calls=1 0x1b260 -33 
* * 747 213 84 0 3
+5 +5 1 0 1
+7 +1 1 0 1
+7 +1 1 0 1
+7 +1 1 0 1
+7 +1 1
+4 * 1 1
+1 * 1 1
+2 * 1 1
+2 * 1 1
+2 * 1 1
+2 * 1 1
+1 * 1 1

fl=(63)
fn=(206)
0x3710 143 1 0 0 1 0 0 1
+4 * 1 0 1
+1 * 1
+3 * 1
+3 * 1
+3 +1 1
+4 * 1
+4 -1 1
+3 +1 1
+8 -1 1 0 1
+2 * 1 0 1
+2 +1 1
+4 -1 1 0 1
+2 +1 1
+4 -1 1 0 1 1 0 0 1
+2 * 1 0 1
+1 * 1
+7 * 1 0 1 0 0 1 0 0 1
+6 +1 1
+3 * 1
+7 * 1
+3 -1 1 0 1 0 0 1 0 0 1
+7 +1 1
+3 * 1
+3 * 1
jcnd=1/1 +23 * 
* * 
+23 * 1 0 0 1 0 0 1
+5 * 1
+3 * 1
+3 * 1
jcnd=1/1 0x4568 * 
* * 
+6 -8 1 1
+8 +8 1
+5 * 1
+4 -8 1
+3 -6 1
+4 -2 1 0 1 0 0 1 0 0 1
+6 +8 1
+3 +8 1 0 1
+7 -15 1 0 1
+4 +1 1 0 1 1 0 0 1
+4 +6 1 0 1
+7 +24 1
+3 * 1
+6 * 1
+4 * 1
+3 -28 1
+5 * 1 0 1
+6 * 1
+11 * 1
+2 -2 1
+3 +31 1 1
+3 -33 1
+3 * 1 0 1
+6 +2 1 0 0 1 0 0 1
+3 * 1
+4 +30 1
+4 * 1
+4 -30 1
+4 -1 1
+5 * 1
+5 * 1
+4 * 1 0 1
+4 +7 1 1
+7 * 1
+3 * 1
+3 * 1 0 1
+6 +24 1
+3 * 1
+2 * 1
+4 +28 1 1 0 1 0 0 1
+4 * 1
+4 * 1 0 1
+7 -6 1 1
+6 +50 1
+3 -68 1 1
fi=(69) /usr/src/debug/glibc/glibc/elf/../include/scratch_buffer.h
+7 -87 1
+7 * 1 0 1 0 0 1 0 0 1
fe=(63)
+7 +87 1 0 1
fi=(69)
+8 -86 1 0 1
fe=(63)
+11 184 1 0 1 1 0 0 1
+10 +48 1 0 1
+6 * 1 0 1
+7 * 1 0 1
+7 -35 1 1
+7 -4 1 0 1
+6 +4 1
+3 * 1
jcnd=1/1 0x4370 +1 
* * 
-16 * 6 6 0 0 1
+7 -4 6 0 6
+6 +4 6
+3 * 6
jcnd=6/6 0x4370 +1 
* * 
+8 +11 7 7
+5 * 7 0 0 1 0 0 1
jcnd=5/7 0x39d0 +2 
* * 
+6 * 2 2 0 0 1 0 0 1
+8 * 2
+6 -18 2
+3 +18 2 2
+8 * 2
+6 417 7
+3 * 7
jcnd=2/7 0x3990 +22 
* * 
+6 +2 5
+3 +3 5
+5 * 5 0 5
+7 -3 5
+4 * 5 0 5 1 0 1 1 0 1
+8 +3 5
+4 -3 5 0 5
+7 +3 5 0 5
fi=(28)
+7 56 5 5 5
cfi=(27)
cfn=(78)
calls=5 0xb240 -20 
* * 150 35 35
fe=(63)
+6 423 5 5
+7 * 5 5
+7 * 5
+3 * 5 5
fi=(28)
+7 56 5
fe=(63)
+3 423 5
+6 +7 5 0 0 1 0 0 1
+4 * 5 0 5
+7 * 5
+4 * 5 0 5
+7 * 5
+3 -1 5 0 5 0 0 1 0 0 1
+3 +1 5 0 5
cfi=(29)
cfn=(82)
calls=5 0x25120 210 
* * 63 17 12
+6 +1 5 5
+7 * 5
+3 * 5
+3 * 5
+4 * 5
+4 * 5 0 5
cfi=(29)
cfn=(82)
calls=5 0x25120 210 
* * 63 17 12 0 0 4 0 0 4
+6 +3 5 0 5
+7 +1 5 0 5
+8 * 5 5
+7 +4 5 5
+2 * 5
+2 * 5
jcnd=5/5 +18 +2 
* * 
-4 * 2 2 0 1 0 0 1
+2 * 2
+2 * 2
jcnd=2/2 +18 +2 
* * 
+2 188 6 6
+4 * 6
jump=6 0x389e +9 
* * 
+6 442 6 6
+2 * 6
+2 * 6
jcnd=6/6 -14 188 
* * 
+2 -1 7 7
+4 +1 7
+3 * 7
jcnd=6/7 -13 * 
* * 
+2 183 1 1
+6 * 1 1
+7 * 1
+3 * 1 1
+7 * 1
jfi=(69)
jump=1 0x3e61 -98 
* * 
+10 +27 5 5 0 1 0 0 1
+4 * 5 5
+4 * 5 0 5
+7 * 5 5
+8 * 5
jcnd=5/5 +16 +5 
* * 
+16 +5 5 5
+7 +6 5 5 0 1 0 0 1
+4 -5 5 0 5 0 0 1 0 0 1
+7 -1 5 0 5
+7 +2 5 5
+6 * 5 0 5
+6 +1 5 5
+6 * 5 0 5
+6 +3 5 5
+3 * 5
+3 * 5
+6 +7 5
+7 -9 5 0 5 1 0 0 1
+7 +9 5
+3 -38 5 0 5
+7 * 5 0 5
+7 +38 5 0 5
+7 -38 5
+3 * 5
+3 +32 5
+4 * 5
-4 * 133
+4 * 133
jcnd=125/133 0x3d08 +44 
* * 
+6 +6 13 13
+7 * 13 13
+4 * 13
+3 * 13 0 13 0 0 1 0 0 1
cfi=(30)
cfn=(170)
calls=13 0x6300 * 
* * 707 142 91 0 7 1 0 7 1
+5 * 13
+3 * 13 0 0 1 0 0 1
+3 * 13
jcnd=13/13 0x3c50 * 
* * 
0x3b64 +4 13 0 0 1 0 0 1
+7 * 13
+7 -2 13 0 13
+7 +2 13
+7 * 13 0 13 1 0 0 1
cfi=(49)
cfn=(158)
calls=13 0x2360 -24 
* * 26458 5388 2626 83 195 204 83 195 203
+5 +1 13 13
+8 * 13
+6 +9 13 13
+7 +2 13 13
+7 * 13
jcnd=8/13 0x3c11 +19 
* * 
+2 +5 5
+3 * 5
+3 * 5
jcnd=5/5 +23 * 
* * 
+23 * 5 0 0 1 0 0 1
+4 * 5 0 5
+6 +6 5 5
+7 +2 5 0 5
+7 -8 5
+5 * 5
+4 +3 5 0 5
+4 +1 5 0 5
+6 +1 5 0 5
+8 +1 5 0 5
+4 +4 5 5
+7 -3 5 0 5 1 0 0 1
+7 +3 5
+3 * 5
+3 * 5 0 5
+6 +4 5 5
+7 * 5
+3 * 5
jcnd=4/5 +13 -42 
* * 
-10 * 8 8
+7 * 8
+3 * 8
+2 +1 9
+3 * 9
+4 * 9 0 9
+4 -43 9 9
+4 * 9
+4 * 9
+3 * 9
jcnd=9/9 0x3a60 +1 
* * 
-11 * 129 129
+4 * 129
+4 * 129
+3 * 129
jcnd=124/129 0x3a60 +1 
* * 
+6 * 5 5
+7 * 5 5
+7 * 5
+3 * 5
jump=5 0x38e0 417 
* * 
+6 +7 13 0 0 1 0 0 1
+3 * 13
jump=13 0x3b64 +4 
* * 
0x3d08 +38 125 0 0 1 0 0 1
+4 * 125
+6 * 125
jcnd=125/125 0x3c28 -45 
* * 
fi=(69)
0x3e61 85 1 1 0 1 0 0 1
+7 * 1
+3 * 1
jfi=(63)
jcnd=1/1 +36 448 
* * 
fe=(63)
+36 448 1 1 0 1 0 0 1
+6 * 1
+2 * 1
+2 * 1
+2 * 1
+2 +1 1 0 1
+6 +3 1 1
+7 * 1 0 1
+7 * 1
+3 * 1
jcnd=1/1 +32 +11 
* * 
+32 +11 1 1 0 1 0 0 1
+6 * 1 0 1
+7 * 1 0 1
+7 * 1
+4 * 1
fi=(28)
+4 56 1 1 1
cfi=(27)
cfn=(78)
calls=1 0xb240 -20 
* * 30 7 7
fe=(63)
+6 465 1 1
+7 * 1 1 0 1 0 0 1
+7 * 1
fi=(28)
+3 56 1
fe=(63)
+3 465 1
+6 +5 1 1
+6 * 1 1
+7 +2 1
+6 * 1 1
+6 -2 1
+3 +1 1 0 1
+7 -1 1
+4 +4 1
+2 -4 1 0 1
+7 +4 1 0 0 1 0 0 1
jump=1 +67 +4 
* * 
+64 * 6
+3 +4 6 6
+4 * 6
+2 * 6
-6 * 1 1 0 1 0 0 1
+4 * 1
+2 * 1
+6 +6 7
+3 +1 7 0 7 0 0 2 0 0 2
+4 * 7
+4 -1 7
+4 +6 7 0 7
+7 -16 7 7
+4 * 7
+3 * 7
jcnd=6/7 -44 * 
* * 
+2 +21 1 1
+7 * 1
+3 * 1
jcnd=1/1 0x41d3 +37 
* * 
0x41d3 +37 1 0 0 1 0 0 1
+3 * 1
+6 +15 1
+3 -11 1 1
+7 +11 1
+8 -14 1
+3 * 1
jcnd=1/1 0x4520 412 
* * 
0x4271 +20 1 1 0 1 0 0 1
+3 -1 1
+7 * 1
+3 * 1 0 0 1 0 0 1
+3 * 1 0 1
+7 +1 1 1
+4 * 1 0 1
+7 * 1
+4 * 1
+4 -1 1 1
+5 * 1
+3 * 1
+2 * 1
+3 * 1 0 1
cfi=(13)
cfn=(232)
calls=1 0x10f80 298 
* * 488 133 86 12 1 0 12
+5 +5 1 0 1
+8 +2 1 1
+7 +1 1 0 1 1 0 0 1
+8 +1 1
+3 * 1 1
+7 -2 1 0 1
+7 +2 1
jcnd=1/1 +28 +7 
* * 
+28 +7 1 1
+7 * 1
+3 * 1
jcnd=1/1 +21 +3 
* * 
+21 +3 1 0 0 1 0 0 1
+3 * 1
+6 +3 1
+4 * 1 1 0 0 1
+1 * 1 1
+2 * 1 1
+2 * 1 1
+2 * 1 1
+2 * 1 1
+1 * 1 1
+73 198 7 7 0 1 0 0 1
+8 * 7
+6 * 7 7 0 1 0 0 1
+7 * 7
jcnd=1/7 0x38b6 +10 
* * 
+6 * 6 6
+8 * 6
+3 * 6
jcnd=1/6 0x38b6 +10 
* * 
+6 * 5 0 5
+7 +3 5
fi=(69)
+3 -70 5
+5 * 5
+7 * 5 0 5
cfi=(68) /usr/src/debug/glibc/glibc/malloc/scratch_buffer_set_array_size.c
cfn=(228) __libc_scratch_buffer_set_array_size
calls=5 0x243a0 30 
* * 125 30 20 3 0 0 3
fe=(63)
+6 +70 5 5
+7 * 5 0 0 1 0 0 1
+2 * 5
+6 +4 5 5
+7 * 5
jump=5 0x38b6 +3 
* * 
0x4520 412 1 0 1 1 0 0 1
+7 547 1
+3 * 1 0 1
+7 * 1 0 1
cfi=(29)
cfn=(82)
calls=1 0x25120 210 
* * 19 5 4
+6 * 1 1
+7 * 1 1
+7 * 1
jump=1 0x4271 +6 
* * 
+35 144 1 0 1 1 0 0 1
+6 * 1
jump=1 0x3791 -8 
* * 

fn=(208)
0x36c0 61 13 0 0 1 0 0 1
+4 * 13 0 13
+1 * 13
+3 * 13 0 13 0 0 1 0 0 1
+1 * 13
+3 * 13
+4 +7 13 13
+3 -4 13 13
+3 * 13 13
+4 * 13 13
+4 +1 13 13
+7 -1 13 13
+4 * 13
+2 * 13
+3 * 13
+2 * 13
+5 * 13
+3 * 13 0 13
cfi=(30)
cfn=(164)
calls=13 0x8860 1895 
* * 25301 5063 2275 82 195 200 82 195 199
+5 * 13 0 13
+4 +5 13 13
+4 * 13 13
+1 * 13 13

fl=(39)
fn=(124) _dl_hwcaps_contains
0x1af40 66 6 0 0 1 0 0 1
+4 +1 6
+3 * 6
jcnd=6/6 0x1afed +1 
* * 
0x1afed +1 6 0 0 1 0 0 1
+5 +9 6 6

fn=(118)
0x1aea0 25 15
+4 * 15 0 15
+1 * 15
+3 * 15 0 15
+2 * 15 0 15
+1 +1 15 15
+3 * 15
+3 * 15
jcnd=3/15 0x1af20 +21 
* * 
+2 +4 12 12
+4 * 12
+3 * 12 0 12
+3 +4 12 12 0 0 1 0 0 1
+3 * 12 0 0 1 0 0 1
+3 * 12
jcnd=6/12 +48 +2 
* * 
+2 * 6
+4 * 6
+11 * 6
+11 * 6
+1 +1 6 0 6
+4 * 6
+3 -1 6 6
+3 * 6
+4 * 6
+3 * 6
+2 +2 12
+2 * 12
jcnd=3/12 +43 +11 
* * 
+2 +5 9
+5 * 9
+3 * 9 0 9 0 0 1 0 0 1
cfi=(41)
cfn=(122)
calls=9 0x25ab0 -9 
* * 216 27 0 3 0 0 3
+5 +4 9
+3 * 9
+3 -3 9
+3 * 9
jcnd=3/9 +35 +1 
* * 
+2 +1 9 0 9
+5 +3 9
+5 +1 9 9
+1 * 9 9
+2 * 9 9
+1 * 9 9
+3 * 6 6 0 1 0 0 1
+1 -20 6
+2 +20 6 6
+2 * 6 6
+1 * 6 6
+10 -4 3
+3 * 3 0 3
cfi=(22)
cfn=(62)
calls=3 0x27320 +14 
* * 51 6
+5 * 3
+3 * 3
jump=3 -44 * 
* * 

fn=(116)
0x1b000 51 11 0 0 1 0 0 1
+4 * 11 0 11
+1 * 11
+3 * 11 0 11
+1 * 11
+3 * 11
+4 +3 11
+3 * 11 0 11
cfn=(118)
calls=11 0x1aea0 -29 
* * 500 100 60 5 1 1 5 1 1
-3 * 3
+3 * 3 0 3
cfn=(118)
calls=3 0x1aea0 -29 
* * 189 33 21
+5 * 14
+2 * 14
jcnd=5/14 +36 +8 
* * 
+2 +2 9 9
+3 +1 9
+2 * 9
+2 * 9 0 9
+3 +1 9
+2 * 9
jcnd=3/9 -24 -4 
* * 
+2 * 6 6
+4 * 6 6
+3 * 6 6
+4 * 6 0 6
cfn=(124)
calls=6 0x1af40 +8 
* * 30 6 0 2 0 0 2
+5 * 6
+2 * 6
+2 +4 11 11 0 1 0 0 1
+4 * 11 11
+1 * 11 11

fl=(41)
fn=(122)
0x25ab0 32 28 0 0 1 0 0 1
+4 +1 28
+4 +1 28
+2 +1 28
+5 +1 28 0 0 1 0 0 1
+4 +1 28
+5 +1 28
+4 +1 28
+5 +1 28
+6 +1 28 28 0 0 3 0 0 3
+4 +1 28
+4 +1 28
+4 +1 28
+4 +1 28
+4 +1 28
+4 +1 28
+4 +1 28
+2 +1 28
jcnd=5/28 +27 +14 
* * 
+2 +1 23
+3 +4 23
+5 +1 23 0 0 1 0 0 1
+4 +1 23 23
+3 +1 23
+4 +2 23 23
+6 +4 5 5
+5 +1 5
+4 +1 5
+4 +1 5
+4 +1 5
+4 +1 5
+4 +1 5 5 0 0 3 0 0 3
+5 +1 5
+4 +1 5
+4 +1 5
+4 +1 5
+4 +1 5 0 0 1 0 0 1
+4 +1 5
+4 +1 5 5 0 0 1 0 0 1
+5 +1 5
+4 +1 5
+4 +1 5
+4 +1 5
+3 +1 5
+4 +1 5
+4 +1 5
+4 +1 5
+3 +1 5
+3 +1 5
jcnd=5/5 0x25c20 +52 
* * 
0x25c20 +52 5 0 0 1 0 0 1
+4 +4 5
+5 +1 5
+4 +1 5 5
+3 +1 5
+4 +2 5 5

fl=(32)
fn=(96)
0x25ce0 98 3469 0 0 1 0 0 1
+4 +33 3469
+2 +1 3469
+2 +2 3469
+4 +1 3469
+4 +21 3469
+3 +1 3469
jcnd=1522/3469 +77 +44 
* * 
+2 +1 1947
+3 +1 1947
jcnd=295/1947 +72 +42 
* * 
+2 +1 1652 1652 0 0 207 0 0 89
+4 +1 1652 1652 0 1 21 0 1 10
+4 +1 1652 1652
+5 +1 1652 1652
+5 +17 1652
+4 +1 1652
+4 +1 1652
+4 +1 1652
+4 +1 1652
+4 +1 1652
+6 +1 1652
jcnd=1609/1652 0x27100 2104 
* * 
+6 +5 43
+4 +1 43
+4 * 43
+11 * 43
+1 +9 43
+4 +1 43
+4 +1 43
+5 +1 43
+3 +1 43
+3 +1 43
+3 +1 43
+2 +1 43
jcnd=4/43 +40 +21 
* * 
-24 -7 1817 0 0 1 0 0 1
+4 +1 1817
+4 +1 1817
+5 +1 1817
+3 +1 1817
+3 +1 1817
+3 +1 1817
+2 +1 1817
jcnd=1377/1817 +40 +21 
* * 
+2 +1 479
jcnd=165/479 +9 +5 
* * 
+2 +1 314
+3 +1 314
+1 +1 314
+3 +2 314
+4 +1 314
+3 +1 314
+7 +1 314 314 0 0 10
+4 +1 314
+4 +1 314
jump=2 0x261e0 661 
* * 
jump=4 0x26460 899 
* * 
jump=4 0x260a0 542 
* * 
jump=10 0x265a0 1018 
* * 
jump=13 0x25f60 424 
* * 
jump=9 0x26320 780 
* * 
jump=140 0x26aa0 1494 
* * 
jump=23 0x266e0 1137 
* * 
jump=17 0x26be0 1613 
* * 
jump=11 0x26960 1375 
* * 
jump=21 0x26fa0 1970 
* * 
jump=25 0x26e60 1851 
* * 
jump=17 0x26820 1256 
* * 
jump=18 0x26d20 1732 
* * 
-22 -5 165
+4 +1 165
+3 +1 165
+7 +1 165 165 0 0 7 0 0 2
+4 +1 165
+4 +1 165
jump=1 0x260a0 542 
* * 
jump=2 0x25e20 +81 
* * 
jump=2 0x26320 780 
* * 
jump=3 0x26460 899 
* * 
jump=5 0x265a0 1018 
* * 
jump=3 0x261e0 661 
* * 
jump=14 0x26d20 1732 
* * 
jump=35 0x26aa0 1494 
* * 
jump=3 0x25f60 424 
* * 
jump=18 0x26e60 1851 
* * 
jump=10 0x26960 1375 
* * 
jump=19 0x26820 1256 
* * 
jump=32 0x26fa0 1970 
* * 
jump=10 0x266e0 1137 
* * 
jump=8 0x26be0 1613 
* * 
+7 +10 1381 1381 0 1 16 0 1
+4 +1 1381
+4 +1 1381
+4 +2 1381 1381 0 0 7 0 0 2
+4 +6 1381
+4 +1 1381
+5 +1 1381
+2 +1 1381
+3 +1 1381
+3 +5 1381
jcnd=1213/1381 0x270e5 2095 
* * 
+6 +2 168
+7 +1 168
+7 +1 168
+4 * 168
+7 +8 168 168 0 1 6 0 1
+5 +1 168 168 0 0 4 0 0 2
+5 +3 168
+4 +1 168
+4 +1 168
+4 +1 168
+4 +1 168
+6 +1 168
jcnd=168/168 0x270e0 2093 
* * 
+64 +31 2 0 0 1 0 0 1
+4 +1 2 2 0 0 2 0 0 1
+4 +1 2 2
+4 +1 2
+4 +1 2
+5 +2 2
+4 +1 2
+4 +1 2 0 0 1 0 0 1
+5 +1 2
+2 +1 2
+3 +1 2
+3 +1 2
+6 +1 2 2
+4 +3 2
+4 +1 2
+7 +1 2
+6 +6 2
+4 +1 2
+7 +1 2
+7 * 2
+9 +4 2 0 0 1 0 0 1
+4 +1 2
+6 +3 2 2
+5 +1 2 2 0 0 1 0 0 1
+5 +1 2
+4 +2 2
+5 +1 2
+5 +1 2
+4 +4 2
+4 +1 2
+4 +1 2
+4 +1 2
+4 +1 2
+6 +1 2 0 0 1 0 0 1
jcnd=2/2 0x270e0 2093 
* * 
0x25f60 +75 16 0 0 1 0 0 1
+4 +1 16 16 0 0 6
+4 +1 16 16 0 0 6
+4 +1 16
+4 +1 16
+5 +2 16
+4 +1 16
+4 +1 16 0 0 1 0 0 1
+5 +1 16
+2 +1 16
+3 +1 16
+3 +1 16
jcnd=1/16 0x270e5 2095 
* * 
+6 +1 15 15
+4 +3 15
+4 +1 15
+7 +1 15
+6 +6 15
+4 +1 15
+7 +1 15
+7 * 15
+9 +4 15 0 0 1 0 0 1
+4 +1 15
+6 +3 15 15 0 0 7 0 0 1
+5 +1 15 15
+5 +1 15
+4 +2 15
+5 +1 15
+5 +1 15
+4 +4 15
+4 +1 15
+4 +1 15
+4 +1 15
+4 +1 15
+6 +1 15 0 0 1 0 0 1
jcnd=15/15 0x270e0 2093 
* * 
0x260a0 +69 5 0 0 1 0 0 1
+4 +1 5 5 0 0 1 0 0 1
+4 +1 5 5 0 0 2 0 0 1
+4 +1 5
+4 +1 5
+5 +2 5
+4 +1 5
+4 +1 5 0 0 1 0 0 1
+5 +1 5
+2 +1 5
+3 +1 5
+3 +1 5
+6 +1 5 5
+4 +4 5
+4 +1 5
+7 +1 5
+6 +6 5
+4 +1 5
+7 +1 5
+7 * 5
+9 +4 5 0 0 1 0 0 1
+4 +1 5
+6 +3 5 5 0 0 1
+5 +1 5 5 0 0 1 0 0 1
+5 +1 5
+4 +2 5
+5 +1 5
+5 +1 5
+4 +4 5
+4 +1 5
+4 +1 5
+4 +1 5
+4 +1 5
+6 +1 5 0 0 1 0 0 1
jcnd=5/5 0x270e0 2093 
* * 
0x261e0 +69 5 0 0 1 0 0 1
+4 +1 5 5 0 0 2 0 0 2
+4 +1 5 5 0 0 2 0 0 1
+4 +1 5
+4 +1 5
+5 +2 5
+4 +1 5
+4 +1 5 0 0 1 0 0 1
+5 +1 5
+2 +1 5
+3 +1 5
+3 +1 5
+6 +1 5 5
+4 +4 5
+4 +1 5
+7 +1 5
+6 +6 5
+4 +1 5
+7 +1 5
+7 * 5
+9 +4 5 0 0 1 0 0 1
+4 +1 5
+6 +3 5 5 0 0 2 0 0 1
+5 +1 5 5 0 0 1
+5 +1 5
+4 +2 5
+5 +1 5
+5 +1 5
+4 +4 5
+4 +1 5
+4 +1 5
+4 +1 5
+4 +1 5
+6 +1 5 0 0 1 0 0 1
jcnd=5/5 0x270e0 2093 
* * 
0x26320 +69 11 0 0 1 0 0 1
+4 +1 11 11 0 0 2 0 0 1
+4 +1 11 11 0 0 4 0 0 4
+4 +1 11
+4 +1 11
+5 +2 11
+4 +1 11
+4 +1 11 0 0 1 0 0 1
+5 +1 11
+2 +1 11
+3 +1 11
+3 +1 11
jcnd=1/11 0x270e5 2095 
* * 
+6 +1 10 10
+4 +4 10
+4 +1 10
+7 +1 10
+6 +6 10
+4 +1 10
+7 +1 10
+7 * 10
+9 +4 10 0 0 1 0 0 1
+4 +1 10
+6 +3 10 10 0 0 2 0 0 2
+5 +1 10 10 0 0 3 0 0 2
+5 +1 10
+4 +2 10
+5 +1 10
+5 +1 10
+4 +4 10
+4 +1 10
+4 +1 10
+4 +1 10
+4 +1 10
+6 +1 10 0 0 1 0 0 1
jcnd=9/10 0x270e0 2093 
* * 
+6 +7 1
+4 +1 1
+4 +2 1
+4 +1 1
+2 +2 1 1 0 0 1 0 0 1
+5 +1 1 1
+5 +1 1
+4 +2 1
+5 +1 1
+5 +1 1
+4 +4 1
+4 +1 1
+4 +1 1
+4 +1 1
+4 +1 1 0 0 1 0 0 1
+6 +1 1
jcnd=1/1 0x270e0 2093 
* * 
+94 +41 7 0 0 2 0 0 1
+4 +1 7 7 0 0 2
+4 +1 7 7 0 0 3 0 0 2
+4 +1 7
+4 +1 7
+5 +2 7
+4 +1 7
+4 +1 7 0 0 2 0 0 1
+5 +1 7
+2 +1 7
+3 +1 7
+3 +1 7
jcnd=1/7 0x270e5 2095 
* * 
+6 +1 6 6
+4 +4 6
+4 +1 6
+7 +1 6
+6 +6 6
+4 +1 6
+7 +1 6
+7 * 6
+9 +4 6 0 0 2 0 0 1
+4 +1 6
+6 +3 6 6 0 0 1
+5 +1 6 6 0 0 2
+5 +1 6
+4 +2 6
+5 +1 6
+5 +1 6
+4 +4 6
+4 +1 6
+4 +1 6
+4 +1 6
+4 +1 6
+6 +1 6 0 0 2 0 0 1
jcnd=6/6 0x270e0 2093 
* * 
0x265a0 +69 15 0 0 2 0 0 1
+4 +1 15 15 0 0 4 0 0 2
+4 +1 15 15 0 0 6 0 0 4
+4 +1 15
+4 +1 15
+5 +2 15
+4 +1 15
+4 +1 15 0 0 2 0 0 1
+5 +1 15
+2 +1 15
+3 +1 15
+3 +1 15
jcnd=3/15 0x270e5 2095 
* * 
+6 +1 12 12
+4 +4 12
+4 +1 12
+7 +1 12
+6 +6 12
+4 +1 12
+7 +1 12
+7 * 12
+9 +4 12 0 0 1 0 0 1
+4 +1 12
+6 +3 12 12 0 0 5 0 0 3
+5 +1 12 12 0 0 5 0 0 3
+5 +1 12
+4 +2 12
+5 +1 12
+5 +1 12
+4 +4 12
+4 +1 12
+4 +1 12
+4 +1 12
+4 +1 12
+6 +1 12 0 0 1 0 0 1
jcnd=11/12 0x270e0 2093 
* * 
+6 +7 1
+4 +1 1
+4 +2 1
+4 +1 1
+2 +2 1 1
+5 +1 1 1
+5 +1 1
+4 +2 1
+5 +1 1
+5 +1 1
+4 +4 1
+4 +1 1
+4 +1 1
+4 +1 1
+4 +1 1 0 0 1 0 0 1
+6 +1 1
jcnd=1/1 0x270e0 2093 
* * 
+94 +41 33 0 0 1 0 0 1
+4 +1 33 33 0 0 4 0 0 1
+4 +1 33 33 0 0 4 0 0 2
+4 +1 33
+4 +1 33
+5 +2 33
+4 +1 33
+4 +1 33 0 0 1 0 0 1
+5 +1 33
+2 +1 33
+3 +1 33
+3 +1 33
jcnd=17/33 0x270e5 2095 
* * 
+6 +1 16 16
+4 +4 16
+4 +1 16
+7 +1 16
+6 +6 16
+4 +1 16
+7 +1 16
+7 * 16
+9 +4 16 0 0 1 0 0 1
+4 +1 16
+6 +3 16 16 0 0 3 0 0 3
+5 +1 16 16 0 0 3
+5 +1 16
+4 +2 16
+5 +1 16
+5 +1 16
+4 +4 16
+4 +1 16
+4 +1 16
+4 +1 16
+4 +1 16
+6 +1 16 0 0 1 0 0 1
jcnd=15/16 0x270e0 2093 
* * 
+6 +7 1
+4 +1 1
+4 +2 1
+4 +1 1
+2 +2 1 1
+5 +1 1 1
+5 +1 1
+4 +2 1
+5 +1 1
+5 +1 1
+4 +4 1
+4 +1 1
+4 +1 1
+4 +1 1
+4 +1 1 0 0 1 0 0 1
+6 +1 1
jcnd=1/1 0x270e0 2093 
* * 
+94 +41 36 0 0 1 0 0 1
+4 +1 36 36 0 0 4 0 0 3
+4 +1 36 36 0 0 4 0 0 3
+4 +1 36
+4 +1 36
+5 +2 36
+4 +1 36
+4 +1 36 0 0 1 0 0 1
+5 +1 36
+2 +1 36
+3 +1 36
+3 +1 36
jcnd=18/36 0x270e5 2095 
* * 
+6 +1 18 18
+4 +4 18
+4 +1 18
+7 +1 18
+6 +6 18
+4 +1 18
+7 +1 18
+7 * 18
+9 +4 18 0 0 1 0 0 1
+4 +1 18
+6 +3 18 18 0 0 2 0 0 2
+5 +1 18 18 0 0 4 0 0 2
+5 +1 18
+4 +2 18
+5 +1 18
+5 +1 18
+4 +4 18
+4 +1 18
+4 +1 18
+4 +1 18
+4 +1 18
+6 +1 18 0 0 1 0 0 1
jcnd=18/18 0x270e0 2093 
* * 
0x26960 +69 21 0 0 1 0 0 1
+4 +1 21 21 0 0 3 0 0 1
+4 +1 21 21 0 0 1 0 0 1
+4 +1 21
+4 +1 21
+5 +2 21
+4 +1 21
+4 +1 21 0 0 1 0 0 1
+5 +1 21
+2 +1 21
+3 +1 21
+3 +1 21
jcnd=5/21 0x270e5 2095 
* * 
+6 +1 16 16
+4 +4 16
+4 +1 16
+7 +1 16
+6 +6 16
+4 +1 16
+7 +1 16
+7 * 16
+9 +4 16 0 0 1 0 0 1
+4 +1 16
+6 +3 16 16 0 0 2 0 0 2
+5 +1 16 16 0 0 4 0 0 2
+5 +1 16
+4 +2 16
+5 +1 16
+5 +1 16
+4 +4 16
+4 +1 16
+4 +1 16
+4 +1 16
+4 +1 16
+6 +1 16 0 0 1 0 0 1
jcnd=16/16 0x270e0 2093 
* * 
0x26aa0 +69 175 0 0 1 0 0 1
+4 +1 175 175 0 0 9 0 0 3
+4 +1 175 175 0 0 12 0 0 2
+4 +1 175
+4 +1 175
+5 +2 175
+4 +1 175
+4 +1 175 0 0 1 0 0 1
+5 +1 175
+2 +1 175
+3 +1 175
+3 +1 175
jcnd=16/175 0x270e5 2095 
* * 
+6 +1 159 159
+4 +4 159
+4 +1 159
+7 +1 159
+6 +6 159
+4 +1 159
+7 +1 159
+7 * 159
+9 +4 159 0 0 1 0 0 1
+4 +1 159
+6 +3 159 159 0 0 5 0 0 1
+5 +1 159 159 0 0 2 0 0 2
+5 +1 159
+4 +2 159
+5 +1 159
+5 +1 159
+4 +4 159
+4 +1 159
+4 +1 159
+4 +1 159
+4 +1 159
+6 +1 159 0 0 1 0 0 1
jcnd=157/159 0x270e0 2093 
* * 
+6 +7 2
+4 +1 2
+4 +2 2
+4 +1 2
+2 +2 2 2
+5 +1 2 2
+5 +1 2
+4 +2 2
+5 +1 2
+5 +1 2
+4 +4 2
+4 +1 2
+4 +1 2
+4 +1 2
+4 +1 2 0 0 1 0 0 1
+6 +1 2
jcnd=2/2 0x270e0 2093 
* * 
+94 +41 25 0 0 1 0 0 1
+4 +1 25 25 0 0 8 0 0 7
+4 +1 25 25 0 0 8 0 0 3
+4 +1 25
+4 +1 25
+5 +2 25
+4 +1 25
+4 +1 25 0 0 1 0 0 1
+5 +1 25
+2 +1 25
+3 +1 25
+3 +1 25
jcnd=9/25 0x270e5 2095 
* * 
+6 +1 16 16
+4 +4 16
+4 +1 16
+7 +1 16
+6 +6 16
+4 +1 16
+7 +1 16
+7 * 16
+9 +4 16 0 0 1 0 0 1
+4 +1 16
+6 +3 16 16 0 0 4
+5 +1 16 16 0 0 2 0 0 1
+5 +1 16
+4 +2 16
+5 +1 16
+5 +1 16
+4 +4 16
+4 +1 16
+4 +1 16
+4 +1 16
+4 +1 16
+6 +1 16 0 0 1 0 0 1
jcnd=14/16 0x270e0 2093 
* * 
+6 +7 2
+4 +1 2
+4 +2 2
+4 +1 2
+2 +2 2 2
+5 +1 2 2
+5 +1 2
+4 +2 2
+5 +1 2
+5 +1 2
+4 +4 2
+4 +1 2
+4 +1 2
+4 +1 2
+4 +1 2 0 0 1 0 0 1
+6 +1 2
jcnd=2/2 0x270e0 2093 
* * 
+94 +41 32 0 0 1 0 0 1
+4 +1 32 32 0 0 7 0 0 3
+4 +1 32 32 0 0 5 0 0 1
+4 +1 32
+4 +1 32
+5 +2 32
+4 +1 32
+4 +1 32 0 0 1 0 0 1
+5 +1 32
+2 +1 32
+3 +1 32
+3 +1 32
jcnd=9/32 0x270e5 2095 
* * 
+6 +1 23 23
+4 +4 23
+4 +1 23
+7 +1 23
+6 +6 23
+4 +1 23
+7 +1 23
+7 * 23
+9 +4 23 0 0 1 0 0 1
+4 +1 23
+6 +3 23 23 0 0 4 0 0 2
+5 +1 23 23 0 0 8 0 0 5
+5 +1 23
+4 +2 23
+5 +1 23
+5 +1 23
+4 +4 23
+4 +1 23
+4 +1 23
+4 +1 23
+4 +1 23
+6 +1 23 0 0 1 0 0 1
jcnd=22/23 0x270e0 2093 
* * 
+6 +7 1
+4 +1 1
+4 +2 1
+4 +1 1
+2 +2 1 1
+5 +1 1 1
+5 +1 1
+4 +2 1
+5 +1 1
+5 +1 1
+4 +4 1
+4 +1 1
+4 +1 1
+4 +1 1
+4 +1 1 0 0 1 0 0 1
+6 +1 1
jcnd=1/1 0x270e0 2093 
* * 
+94 +41 43 0 0 1 0 0 1
+4 +1 43 43 0 0 14 0 0 4
+4 +1 43 43 0 0 9 0 0 2
+4 +1 43
+4 +1 43
+5 +2 43
+4 +1 43
+4 +1 43 0 0 1 0 0 1
+5 +1 43
+2 +1 43
+3 +1 43
+3 +1 43
jcnd=13/43 0x270e5 2095 
* * 
+6 +1 30 30
+4 +4 30
+4 +1 30
+7 +1 30
+6 +6 30
+4 +1 30
+7 +1 30
+7 * 30
+9 +4 30 0 0 1 0 0 1
+4 +1 30
+6 +3 30 30 0 0 6 0 0 1
+5 +1 30 30 0 0 4 0 0 2
+5 +1 30
+4 +2 30
+5 +1 30
+5 +1 30
+4 +4 30
+4 +1 30
+4 +1 30
+4 +1 30
+4 +1 30
+6 +1 30 0 0 1 0 0 1
jcnd=28/30 0x270e0 2093 
* * 
+6 +7 2
+4 +1 2
+4 +2 2
+4 +1 2
+2 +2 2 2
+5 +1 2 2
+5 +1 2
+4 +2 2
+5 +1 2
+5 +1 2
+4 +4 2
+4 +1 2
+4 +1 2
+4 +1 2
+4 +1 2 0 0 1 0 0 1
+6 +1 2
jcnd=2/2 0x270e0 2093 
* * 
+94 +41 53 0 0 1 0 0 1
+4 +1 53 53 0 0 8 0 0 4
+4 +1 53 53 0 0 6 0 0 5
+4 +1 53
+4 +1 53
+5 +2 53
+4 +1 53
+4 +1 53 0 0 1 0 0 1
+5 +1 53
+2 +1 53
+3 +1 53
+3 +1 53
jcnd=17/53 0x270e5 2095 
* * 
+6 +2 36 36
+4 +4 36
+4 +1 36
+7 +1 36
+6 +6 36
+4 +1 36
+7 +2 36
+7 * 36
+9 +4 36 0 0 1 0 0 1
+4 +1 36
+6 +3 36 36 0 0 3 0 0 2
+5 +1 36 36 0 0 3 0 0 2
+5 +1 36
+4 +2 36
+5 +1 36
+5 +1 36
+4 +4 36
+4 +1 36
+4 +1 36
+4 +1 36
+4 +1 36
+6 +1 36 0 0 1 0 0 1
jcnd=36/36 0x270e0 +71 
* * 
0x270e0 +71 537
+5 +2 537
+4 +1 537
+4 +1 537
+3 +1 537
jcnd=281/537 +16 +6 
* * 
-11 -3 1323 0 0 1 0 0 1
+4 +1 1323
+4 +1 1323
+3 +1 1323
jcnd=1265/1323 +16 +6 
* * 
+2 +1 314
+3 * 314
+11 +5 314
+4 +6 314 314
+4 +1 314 314
+4 +8 314
+2 +1 314 314
-14 -16 3155 0 0 1 0 0 1
+4 +6 3155 3155
+4 +1 3155 3155
+4 +8 3155
+2 +1 3155 3155

fn=(244)
0x274c0 98 1 0 0 1 0 0 1
+4 +27 1
+3 +1 1
+6 +1 1
+4 +1 1
+6 +1 1
+3 +2 1
+2 +1 1
+2 +2 1
+4 +1 1
+4 +21 1
+3 +1 1
+2 +1 1
+3 +1 1
+2 +1 1 1
+4 +1 1 1
+4 +1 1 1
+5 +1 1 1 0 1 0 0 1
+5 +17 1
+4 +1 1
+4 +1 1
+4 +1 1
+4 +1 1
+4 +1 1
+6 +1 1
jcnd=1/1 0x28cf0 2104 
* * 
0x28cf0 2104 1 0 0 1 0 0 1
+4 +3 1
+3 +1 1
+2 +2 1 1
+4 +1 1 1 0 1 0 0 1
+4 +8 1
+2 +1 1 1

fl=(276) /usr/src/debug/glibc/glibc/elf/../sysdeps/x86_64/dl-trampoline.h
fn=(984) _dl_runtime_resolve_xsave
0x12b90 39 14 0 0 1 0 0 1
+4 +5 14 0 14
+1 +3 14
+3 +2 14
+4 +10 14 14 0 0 5
+7 +6 14 0 14 0 0 4
+4 +1 14 0 14
+5 +1 14 0 14
+5 +1 14 0 14
+5 +1 14 0 14
+5 +1 14 0 14
+5 +1 14 0 14 1 0 0 1
+5 +4 14
+5 +1 14
+2 +3 14 0 14 0 0 2
+8 +1 14 0 14
+8 +2 14 0 14
+8 +1 14 0 14
+8 +1 14 0 14
+8 +1 14 0 14
+8 +1 14 0 14 1 0 0 1
+8 +1 14 0 14
+8 +2 14 0 476 0 0 30
+5 +7 14 14
+4 +1 14 14
+4 +1 14 0 14 0 0 4
cfi=(277)
cfn=(986)
calls=14 0x10720 -52 
* * 11766 3407 1256 22 392 37 9 21
+5 +1 14
+3 +5 14
+5 +1 14
+2 +1 14 504
+5 +2 14 14
+5 +1 14 14
+5 +1 14 14
+5 +1 14 14 0 1 0 0 1
+5 +1 14 14
+5 +1 14 14
+5 +1 14 14
+4 +2 14
+3 +2 14 14
+4 +4 14
+4 +2 14

fl=(51)
fn=(166)
0xb530 68 125 0 0 1 0 0 1
+4 * 125 0 125
+1 * 125
+3 * 125 0 125
+2 * 125
+3 * 125 0 125
+1 * 125 0 0 1 0 0 1
+3 +1 125 125
+4 * 125 0 125 0 0 1 0 0 1
cfi=(32)
cfn=(96)
calls=125 0x25ce0 +29 
* * 3612 852 0 7 0 0 7
+5 * 125
+2 +1 125
+5 -1 125
+2 * 125
+2 +3 125 125
+4 +2 125
+3 * 125
jcnd=125/125 +13 +1 
* * 
+4 +4 123 123
+4 -4 123
+3 * 123
jcnd=105/123 +33 +7 
* * 
+2 +1 143 143
+3 * 143
+3 * 143 0 143
cfi=(32)
cfn=(96)
calls=143 0x25ce0 +23 
* * 4860 986 0 17 1 0 17 1
+5 * 143
+2 * 143
jcnd=123/143 -22 +3 
* * 
+2 -5 20
+5 +11 20 20
+1 * 20 20
+2 * 20 20
+1 * 20 20
+7 * 105 105 0 1 0 0 1
+1 -1 105
+2 +1 105 105
+2 * 105 105
+1 * 105 105

fn=(214) _dl_sysdep_read_whole_file
0xb480 36 1 0 0 1 0 0 1
+4 * 1 0 1
+1 +3 1
+2 -3 1
+3 * 1 0 1
+2 * 1
+7 * 1 0 1
+2 * 1
+3 * 1 0 1
+2 * 1
+3 +3 1
+5 -3 1 0 1
+1 * 1
+7 +3 1 0 1 0 0 1 0 0 1
cfi=(53)
cfn=(176)
calls=1 0x242a0 -11 
* * 20 2 2
+5 +1 1
+2 * 1
jcnd=1/1 +31 +2 
* * 
+2 +23 1
+7 * 1
+3 * 1 1
+1 * 1 1
+2 * 1 1
+2 * 1 1
+2 * 1 1
+1 * 1 1
+11 -21 1 0 0 1 0 0 1
+7 * 1
+2 * 1
+2 * 1 0 1
cfi=(56)
cfn=(184)
calls=1 0x24050 -12 
* * 6 1
+5 * 1
+2 * 1
+2 +2 1 1 0 0 1 0 0 1
+4 * 1 0 1
+4 +3 1
+3 * 1
jcnd=1/1 +25 +2 
* * 
+9 +13 1
+2 * 1 0 1
cfi=(61)
cfn=(196)
calls=1 0x24180 -35 
* * 6 1
+5 * 1
jump=1 -76 +3 
* * 
+9 -11 1
+3 * 1
+3 * 1
+5 * 1
+3 * 1
+2 * 1 0 1
cfi=(58)
cfn=(188)
calls=1 0x24460 -2 
* * 26 4 3
+5 * 1
+3 * 1
jump=1 -40 +11 
* * 

fn=(550)
0xb590 85 2
+4 +38 2
+7 -1 2
+4 +3 2
jump=2 +70 * 
* * 
+33 +2 10
+3 * 10
+3 * 10
+3 * 10
+4 * 10
+4 * 10
+3 * 10
+3 * 10
+4 +1 10 10 0 0 4 0 0 2
+2 * 10
+3 * 10
jcnd=3/10 +16 +1 
* * 
+2 +3 7
+3 -6 7
+3 * 7
jcnd=6/7 -40 +2 
* * 
-3 * 5 0 0 1 0 0 1
+3 * 5
jcnd=4/5 -40 +2 
* * 
+2 +18 2 2
+2 +1 2 2
+4 -15 3
+4 * 3
jump=3 -15 -4 
* * 

fl=(58)
fn=(188)
0x24460 47 26 0 0 1 0 0 1
+4 +3 26
+7 * 26
+2 -3 26 0 26
+1 * 26
+3 * 26 0 26 0 0 1 0 0 1
+2 * 26
+3 * 26 0 26
+1 * 26
+3 +6 26
+3 * 26
jcnd=9/26 +59 * 
* * 
+2 +5 26
+3 * 26
+3 * 26
+5 * 26
+2 * 26
+6 * 26
+2 +2 26 26
+1 * 26 26
+2 * 26 26
+1 * 26 26
+32 -7 9 0 0 1 0 0 1
+2 * 9
+6 * 9 0 0 1 0 0 1
+3 * 9
+2 * 9
jcnd=4/9 -70 +5 
* * 
+2 * 5 5
+7 * 5
jcnd=5/5 -79 +5 
* * 

fl=(64)
fn=(218) search_cache
0x14110 199 4 0 4 1 0 0 1
+1 * 4
+3 * 4 0 4
+2 * 4 0 4
+2 * 4 0 4
+2 * 4 0 4
+2 * 4 0 4 0 0 1 0 0 1
+1 * 4
+7 * 4 0 4
+4 * 4 0 4
+7 * 4 0 4
+4 +8 4
+3 * 4
+2 +3 4
+3 * 4
+3 * 4 0 0 1 0 0 1
+3 * 4
+3 * 4 0 4
+4 -10 4
+2 * 4
jump=4 +16 +9 
* * 
+6 333 23
+5 207 23
+3 * 23
+2 +2 41
+4 * 41
+3 * 41
+4 * 41
+3 * 41
+3 +1 41
+3 -23 41
+3 * 41
+4 +23 41 41 0 0 34 0 0 34
+5 +4 41
+3 * 41
+2 +4 41 41 0 1 0 0 1
+4 * 41 41
+4 * 41
+3 * 41 0 41 0 0 1 0 0 1
cfn=(220) _dl_cache_libcmp
calls=41 0x14020 341 
* * 3221 501 0 4 39 0 4 39
+5 +1 41
+2 * 41
jcnd=4/41 +31 -4 
* * 
+2 330 37
jcnd=23/37 -67 +3 
* * 
+2 +1 14
+5 207 14
+3 * 14
jcnd=14/14 -67 +2 
* * 
+19 +8 4
+3 * 4 4
+4 * 4
+4 * 4 0 4
+4 * 4 0 4 1 0 0 1
+7 * 4 4
+4 * 4
+3 * 4
+4 * 4 0 4
+6 * 4
+5 * 4
+3 * 4 4
+4 * 4
jump=4 +39 +12 
* * 
+5 +14 6 6
+4 * 6
+4 +3 6
+3 * 6
+2 +2 6
+3 * 6
+3 * 6
+3 * 6 0 6
cfn=(220)
calls=6 0x14020 341 
* * 686 106 0 0 3 0 0 3
+5 * 6
+2 * 6
jcnd=4/6 +10 -7 
* * 
+2 +2 2
+3 -9 2
+3 * 2
jcnd=2/2 -37 +2 
* * 
-3 * 4 0 0 1 0 0 1
+3 * 4
jcnd=4/4 -37 +2 
* * 
+2 * 4 4
+4 * 4
+3 * 4 4
+4 * 4
+3 * 4 4
+7 * 4 4
+6 +9 4 0 4
+11 * 4
+4 +37 4
+3 -37 4 0 4 1 0 0 1
+10 +37 4
+2 * 4
+3 * 4 0 4
+4 * 4 4
+4 * 4
jump=4 +26 -27 
* * 
+26 -27 4
+3 * 4
jcnd=4/4 +30 +10 
* * 
+30 +10 4 4 0 1 0 0 1
+4 * 4 4
+6 * 4
+2 +1 4
+3 * 4 4
+3 * 4
+3 * 4
+2 +7 4 4
+7 * 4
+2 +9 4
fi=(65) /usr/src/debug/glibc/glibc/elf/../sysdeps/generic/dl-cache.h
+10 125 4 4 0 0 1 0 0 1
fe=(64)
+4 273 4 0 0 1 0 0 1
+10 * 4
+3 * 4
+3 * 4
+2 +9 4 4
+8 * 4
+2 +5 4
+3 * 4
+6 +27 4 4
+4 * 4
+3 * 4 0 4
+7 +23 4 4
+7 * 4
+7 * 4 4
+1 * 4 4
+2 * 4 4 0 1 0 0 1
+2 * 4 4
+2 * 4 4
+2 * 4 4
+1 * 4 4

fn=(610)
0x14ba0 509 1 0 0 1 0 0 1
+4 +1 1 1 0 0 1
+7 * 1
+4 * 1
+4 * 1
jcnd=1/1 +13 -1 
* * 
+13 -1 1 0 1 1 0 0 1
+1 +3 1 1
+7 -3 1
+3 +3 1 0 1
cfi=(139)
cfn=(612) munmap
calls=1 0x24540 117 
* * 6 1
+5 +7 1 1
+1 -6 1 0 1
+11 +4 1 0 1
+10 +2 1 1

fn=(212)
0x14820 387 4 0 0 1 0 0 1
+4 * 4 0 4
+1 * 4
+3 * 4
+3 * 4 0 4
+1 * 4
+4 +2 4 4
+7 * 4
+6 +3 4 4 0 1 0 0 1
+7 * 4
+3 * 4
jcnd=1/4 0x14940 +3 
* * 
+6 +69 3
+4 * 3
+6 * 3 3
+7 +5 3 3
+7 * 3
+4 * 3
-11 * 1 1
+7 * 1
+4 * 1
+6 +3 4 4
+4 * 4
+4 * 4
+6 * 4
+3 * 4 0 4 1 0 0 1
cfn=(218)
calls=4 0x14110 199 
* * 5150 828 115 13 77 2 13 77 2
+5 * 4
+3 +15 4 4
+7 * 4
+6 +4 4
+3 * 4
+6 +8 4
+3 * 4 0 4
cfi=(22)
cfn=(62)
calls=4 0x27320 57 
* * 140 20 0 0 1 0 0 1
+5 +1 4
+3 -1 4
+4 +1 4
+4 * 4
+3 * 4
+6 * 4
+3 * 4 0 0 1 0 0 1
+4 * 4
+3 * 4
jcnd=4/4 +23 * 
* * 
+23 * 4
+6 * 4
+3 * 4
+3 * 4
jcnd=4/4 0x149d0 * 
* * 
+6 * 4
+5 +1 4
+3 * 4
+3 -1 4
+4 +1 4 0 4 1 0 0 1
cfi=(29)
cfn=(82)
calls=4 0x25120 210 
* * 44 12 8
+6 * 4
+3 +1 4 0 4
cfi=(52)
cfn=(172)
calls=4 0x272c0 40 
* * 380 76 56 0 0 3 0 0 3
+5 +1 4 4
+4 * 4 4
+1 * 4 4
+49 395 1 0 0 1 0 0 1
+7 * 1
+5 * 1
+7 * 1 0 1
+4 * 1 0 1
cfi=(51)
cfn=(214)
calls=1 0xb480 36 
* * 103 15 15 2 1 1 2 1 1
+5 * 1
+3 +8 1
+4 * 1
+2 * 1 1
+7 * 1 1
+4 * 1
+4 * 1
+6 +1 1 0 0 1 0 0 1
+10 * 1 1 0 0 1 0 0 1
+3 * 1
+10 * 1 1
+4 * 1
+3 * 1
jcnd=1/1 0x14ac8 * 
* * 
+56 +93 4 0 4 1 0 0 1
+6 * 4
jump=4 0x148ed * 
* * 
0x14ac8 -93 1 1 0 1 0 0 1
+7 * 1
+6 +3 1
+10 * 1
+3 * 1
+4 * 1
+4 +1 1 1
+3 -1 1
+3 * 1
fi=(65)
+6 194 1 1
+4 +1 1
+2 * 1
+2 * 1 0 0 1 0 0 1
+3 * 1
+2 * 1
jfi=(64)
jcnd=1/1 +45 415 
* * 
fe=(64)
+45 415 1 0 1
+7 +1 1 0 1
+7 * 1 0 0 1 0 0 1
jump=1 0x1485e +50 
* * 

fn=(220)
0x14020 341 47 0 0 1 0 0 1
+4 +1 47 47
+3 * 47
+2 * 47
-5 * 6 6
+3 * 6
+2 * 6
jcnd=6/6 +51 +32 
* * 
+2 +4 268 268 0 0 41 0 0 41
+3 -2 268
+4 +2 268
+3 -2 268
+4 * 268
jcnd=6/268 +47 +2 
* * 
+2 +20 262
+3 * 262 0 0 1 0 0 1
+6 +2 262
+2 * 262
jcnd=41/262 0x14100 +1 
* * 
+6 -24 221 221
+4 +28 221
+4 +1 221
+4 -29 221
+2 * 221
jcnd=221/221 -47 +4 
* * 
+2 +32 6 6
+3 * 6
+2 * 6 6
+7 -28 6
+3 * 6
+6 +8 6 6
+4 -2 6
+4 * 6
+3 +1 6
+3 * 6 0 0 1 0 0 1
+4 +1 6
+3 * 6
+4 -2 6
+3 +2 6
jcnd=6/6 +43 +2 
* * 
+43 +2 6 6 0 0 1 0 0 1
+4 * 6
+3 * 6 0 0 1 0 0 1
+4 -3 6
+3 +3 6
jcnd=6/6 +50 +2 
* * 
+50 +2 6
+2 * 6
jcnd=6/6 0x14024 -16 
* * 
+6 +9 41
+2 * 41 41

fl=(68)
fn=(228)
0x243a0 30 5 0 0 1 0 0 1
+4 * 5 0 5
+1 * 5
+3 * 5
+3 * 5
+3 * 5 0 5
+2 * 5 0 5
+2 * 5 0 5
+1 * 5
+3 * 5
+4 * 5
+3 * 5
+3 * 5 0 0 1 0 0 1
+3 +4 5
+3 +1 5
+4 * 5
jcnd=5/5 +7 +10 
* * 
+7 +10 5 5
+4 * 5
jcnd=5/5 +41 +18 
* * 
+41 +18 5 0 0 1 0 0 1
+4 -17 5
+5 +17 5 5
+1 * 5 5
+2 * 5 5
+2 * 5 5
+1 * 5 5

fl=(139)
fn=(612)
0x24540 117 1
+4 * 1
+5 * 1
+2 * 1
+6 * 1
+2 +5 1 1

fn=(450)
0x24510 117 7 0 0 1 0 0 1
+4 * 7
+5 * 7
+2 * 7
+6 * 7
+2 +5 7 7

fl=(172)
fn=(576)
0x1b4f0 30 1 0 0 1 0 0 1
+4 * 1 0 1
+1 +10 1
+6 * 1
+5 * 1 0 0 1 0 0 1
+7 -10 1
+3 * 1 0 1
+2 * 1 0 1
+2 +10 1
+7 -10 1 0 1
+1 +10 1
+3 -10 1
+4 +7 1 1
+7 +3 1
+3 * 1 0 1
cfi=(173)
cfn=(578)
calls=1 0xb090 +34 
* * 259 58 19 7 6 0 7 2
+5 +4 1
+3 * 1
+6 +1 1
+3 * 1
+4 * 1 1 0 1 0 0 1
+5 * 1
+2 * 1
+3 * 1
+2 * 1 1
+3 * 1 1
+4 +2 1
+6 * 1
+3 * 1
+3 -2 1 0 1
+7 +2 1
+7 * 1
+5 * 1 0 1
cfi=(173)
cfn=(578)
calls=1 0xb090 +27 
* * 266 59 19 0 6 0 0 1
+5 +4 1
+3 * 1
+6 +1 1 1 0 1 0 0 1
+5 * 1
+2 * 1
+3 * 1
+2 * 1 1
+3 * 1 1
+4 * 1 0 1
+7 +1 1
+4 * 1 1
+1 * 1 1
+2 * 1 1
+2 * 1 1
+1 * 1 1

fl=(47)
fn=(1268)
0x18730 97 7 0 0 1 0 0 1
+4 +1 7 7
+6 * 7
+2 * 7
+2 * 7 7

fn=(148)
0x184e0 29 1
+4 * 1 0 1
+1 * 1
+3 * 1 0 1
+2 * 1 0 1
+2 * 1 0 1
+2 * 1 0 1
+2 * 1 0 1
+1 * 1
+4 +2 1 1
+6 -2 1 0 1
+3 +1 1 1 0 1 0 0 1
+7 +1 1
+2 * 1
jcnd=1/1 +83 +6 
* * 
+83 +6 1 0 0 1 0 0 1
+4 * 1 1
+1 * 1 1
+2 * 1 1
+2 * 1 1
+2 * 1 1
+2 * 1 1
+1 * 1 1

fn=(966)
0x187e0 118 1 0 0 1 0 0 1
+4 +1 1 1 0 0 1
+6 * 1
+2 * 1
+2 * 1 1

fn=(202)
0x18660 77 5 0 0 1 0 0 1
+4 +1 5 5
+6 * 5
+2 * 5
+2 * 5 5

fn=(608)
0x18570 41 3 0 0 1
+4 +4 3
+4 * 3
+7 * 3 0 0 2 0 0 1
+4 * 3 3
+4 +2 3 3 0 0 1
+6 * 3
+2 * 3
jcnd=3/3 +7 +4 
* * 
+7 +4 3 3

ob=(8)
fl=(275)
fn=(976)
0x4013d0 11 1 0 0 1 0 0 1
+4 +1 1
+5 * 1
+5 * 1 1
+7 * 1
+5 * 1 0 1
cob=(2)
cfi=(278)
cfn=(990)
calls=1 0x80f50 +19 
* * 354 92 66 37 3 0 37 1
cob=(1)
cfi=(276)
cfn=(984)
calls=1 0x12b90 +27 
* * 856 284 138 12 26 11 12
* * 5 3 2 1 1 0 1
+5 +11 1 0 1
cfi=(284) /home/frukt71/Github/HASH_TABLE/hash_table/src/hash_table_debug.cpp
cfn=(1012) Benchmark()
calls=1 0x401f50 +40 
* * 4685810868 1303334870 860758313 372 9848393 583525 359 107 27908
+5 +19 1
+5 * 1
+5 * 1 1 0 0 1
+7 * 1
+5 * 1 0 1
cob=(2)
cfi=(278)
cfn=(990)
calls=1 0x80f50 -11 
* * 298 80 48 0 8
* * 1 1 0 0 1
+5 +1 1
+2 * 1
+4 * 1 1 0 0 1

fl=(316) /home/frukt71/Github/HASH_TABLE/hash_table/src/hash_funcs.cpp
fn=(1164) YMM_HashFunc(long long __vector(4))
0x401810 183 3906980 0 0 1 0 0 1
+4 * 3906980
+6 * 3906980
+6 * 3906980
+4 * 3906980
+5 * 3906980
+4 * 3906980
+5 +17 3906980 3906980

fl=(285) /home/frukt71/Github/HASH_TABLE/hash_table/src/hash_table.cpp
fn=(1104) LoadHashTable(HashTable*, _IO_FILE*)
0x401ba0 56 20 0 20 1 0 0 1
+1 * 20
+3 * 20 0 20
+2 * 20
+3 * 20 0 20
+2 * 20
+3 * 20 0 20
+1 * 20
+4 * 20
+4 * 20 20
+9 * 20 0 20 1 0 0 1
+5 * 20
+2 +3 20
+3 * 20
jcnd=20/20 +25 242 
* * 
+14 243 8933900
+2 * 8933900 0 8933900
cob=(2)
cfi=(308)
cfn=(1136)
calls=8933900 0x35c50 27 
* * 62537300 35735600 0 1 8607 0 1 8
cob=(1)
cfi=(276)
cfn=(984)
calls=1 0x12b90 39 
* * 870 284 138 0 10 0 0 4
* * 8933904 8933902 2
+5 * 8933900
+2 * 8933900
jcnd=3906980/8933900 +24 +5 
* * 
+2 -1 8933920
+3 * 8933920 0 8933920
cob=(2)
cfi=(305)
cfn=(1110)
calls=8933920 0x89360 34 
* * 178881025 71537291 35776769 24 82517 2 24 11 1
cob=(1)
cfi=(276)
cfn=(984)
calls=1 0x12b90 39 
* * 824 283 138 0 11 0 0 3
* * 8933924 8933922 2 1 1 0 1
+5 +1 8933920
+3 -1 8933920
+2 +1 8933920 0 8933920
cob=(2)
cfi=(307)
cfn=(1130)
calls=8933920 0x88a30 32 
* * 62537440 26801760 0 2 0 0 2
cob=(1)
cfi=(276)
cfn=(984)
calls=1 0x12b90 39 
* * 834 281 138 0 10 0 0 4
* * 8933924 8933922 2 1 0 0 1
+5 * 8933920
+2 * 8933920
jcnd=8933900/8933920 -31 * 
* * 
+2 +5 3907000
+2 * 3907000
+3 * 3907000 0 3907000 1 0 0 1
cob=(2)
cfi=(309)
cfn=(1142)
calls=3907000 0x82df0 31 
* * 183628160 50790760 35162820 6 0 0 6
cob=(1)
cfi=(276)
cfn=(984)
calls=1 0x12b90 39 
* * 861 287 138 0 9 0 0 1
* * 3907004 3907002 2 1 0 0 1
+5 69 3907000
+3 * 3907000 0 3907000
cob=(2)
cfi=(307)
cfn=(1130)
calls=3907000 0x88a30 -37 
* * 27349000 11721000
* * 3907000 3907000
+5 * 3907000
+2 * 3907000
jcnd=20/3907000 +67 +17 
* * 
+2 +3 3906980
+4 +1 3906980
+5 * 3906980
+3 * 3906980
+5 -1 3906980 0 3906980
+6 +1 3906980
+3 * 3906980 0 3906980
cob=(2)
cfi=(310)
cfn=(1150)
calls=3906980 0x596a0 -48 
* * 3656497920 974867720 703923160 51 263589 8165 51 56
cob=(1)
cfi=(276)
cfn=(984)
calls=1 0x12b90 -34 
* * 880 292 138 0 10 0 0 1
* * 3906984 3906982 2
+5 +3 3906980
+3 * 3906980
fi=(359) /usr/lib/gcc/x86_64-pc-linux-gnu/14.2.1/include/avxintrin.h
+3 929 3906980 3906980
fe=(285)
+6 74 3906980 0 3906980
+5 +2 3906980 0 0 1 0 0 1
+3 * 3906980 0 3906980
cfn=(1162) LoadItem(HashTable*, long long __vector(4) const*)
calls=3906980 0x401a50 +73 
* * 293932502 89152380 35350675 80 9488151 545503 69 2 67
+5 +4 3906980
jump=3906980 0x401be3 242 
* * 
+9 +6 20
+2 +1 20 20
+5 * 20 20
+9 * 20
+2 * 20
+4 * 20 20 0 0 20
+1 * 20 20
+2 * 20 20
+2 * 20 20
+1 * 20 20

fn=(1162)
0x401a50 149 3906980 0 0 1 0 0 1
+5 * 3906980
+4 * 3906980 3906980 3906980
+4 * 3906980 0 3906980
+1 * 3906980
+3 * 3906980 0 3906980
+2 * 3906980 0 3906980
+2 * 3906980 0 3906980
+1 * 3906980
fi=(359)
+7 929 3906980 3906980
fe=(285)
+4 149 3906980 3906980
+9 * 3906980 0 3906980
+4 * 3906980 0 0 1 0 0 1
+3 +7 3906980
+4 * 3906980 0 3906980
+8 * 3906980 0 3906980
cfi=(316)
cfn=(1164)
calls=3906980 0x401810 +27 
* * 31255840 3906980 0 1 0 0 1
+5 +1 3906980
+2 +6 3906980 3906980
+8 -6 3906980 3906980
+4 +2 3906980
+4 * 3906980
+4 * 3906980 3906980
+5 +2 3906980 3906980 0 0 1573774
+4 +2 3906980
+2 * 3906980
jcnd=1117/3906980 0x401b24 +25 
* * 
fi=(318) /home/frukt71/Github/HASH_TABLE/LIST/lib/list.h
+2 60 3905863 3905863 0 0 381048
+3 * 3905863
+2 * 3905863 3905863 0 0 374979
fi=(360) /usr/lib/gcc/x86_64-pc-linux-gnu/14.2.1/include/avx2intrin.h
+3 233 3905863 0 0 1 0 0 1
fi=(318)
+4 60 3905863
+3 * 3905863
+2 * 3905863
fi=(360)
+3 233 3905863 3905863 0 0 1778808
+4 435 3905863
fe=(285)
+4 174 3905863
+3 * 3905863
jcnd=1979623/3905863 0x401b88 +2 
* * 
+6 +6 1926240 1926240
+4 * 1926240
jump=1926240 +65 * 
* * 
+34 +3 5554502 5554502
+4 * 5554502 5554502 0 0 1370519
fi=(318)
+4 60 5554502
+2 * 5554502
+3 * 5554502
+2 * 5554502
fi=(360)
+3 233 5554502 5554502 0 0 4005188
+4 435 5554502
fe=(285)
+4 174 5554502
+3 * 5554502
jcnd=1916962/5554502 0x401b88 +2 
* * 
+2 +6 5563780
+3 * 5563780
jcnd=5554502/5563780 -34 +3 
* * 
+2 +8 10395 0 10395 1 0 0 1
+8 * 10395
+4 +5 10395
+3 * 10395
+7 -2 10395 0 10395 1 0 0 1
+8 -3 10395 0 10395
+5 +1 10395 0 10395
+8 +4 10395
+3 * 10395 0 10395
cfi=(287) /home/frukt71/Github/HASH_TABLE/LIST/src/list.cpp
cfn=(1166) ListPasteTail(list_t*, void*)
calls=10395 0x4026a0 -49 
* * 617919 209160 146275 74 3835 28039 63 2 67
fi=(318)
+5 60 10395 10395
+3 * 10395 10395
+4 * 10395
+2 * 10395 10395
fe=(285)
+3 195 10395 10395
+4 * 10395 10395
+9 * 10395
-13 * 3896585 3896585
+4 * 3896585 3896585
+9 * 3896585
+2 * 3906980
+7 * 3906980 3906980
+1 * 3906980 3906980
+2 * 3906980 3906980
+2 * 3906980 3906980
+1 * 3906980
+4 * 3906980 3906980
+5 -19 3896585 0 3896585 0 0 517464
+5 +1 3896585
+3 * 3896585
jump=3896585 -45 +18 
* * 

fn=(1232) HashTableDtor(HashTable*)
0x4018e0 41 1 0 1 1 0 0 1
+1 * 1
+3 * 1 0 1
+1 * 1
+4 +1 1 1
+4 * 1
+2 * 1
+2 * 1
+11 * 1
+4 +2 1 0 0 1 0 0 1
+4 -2 1
+4 +2 1
+4 * 1 1
+4 * 1 0 1
cfi=(287)
cfn=(1234) ListDtor(list_t*)
calls=1 0x4024b0 +15 
* * 1252 388 205 2 77 15
-16 * 1116
+4 -2 1116
+4 +2 1116
+4 * 1116 1116
+4 * 1116 0 1116
cfi=(287)
cfn=(1234)
calls=1116 0x4024b0 +15 
* * 460695 126062 78088 3 4454 829 3
+5 -2 1117 1117
+4 * 1117
jcnd=1116/1117 -25 +2 
* * 
+2 +5 1 1
+4 * 1 0 1
cob=(2)
cfi=(253)
cfn=(1220)
calls=1 0xa68b0 3437 
* * 200 56 36 0 4 2
* * 1 1
+5 +2 1
+4 +4 1
+2 -4 1 0 1
+5 +4 1
+4 * 1 1
+1 * 1 1
+1 * 1 1

fn=(1014) HashTableCtor(HashTable*, unsigned long, unsigned long)
0x401840 19 1 0 1 1 0 0 1
+2 * 1
+3 * 1 0 1
+2 * 1
+3 * 1 0 1
+1 * 1
+3 * 1 0 1
+1 * 1
+4 +1 1 0 1
+3 +3 1
+5 -2 1 0 1
+4 +2 1
+3 * 1 0 1
cob=(2)
cfi=(253)
cfn=(1020)
calls=1 0xa7430 3775 
* * 53860 41 53644 15 3 839 15 0 838
cob=(1)
cfi=(276)
cfn=(984)
calls=1 0x12b90 +16 
* * 867 293 145 0 7 3 0 1
* * 5 3 2 1 1 0 1
+5 * 1 0 1 0 0 1
+5 +2 1
+3 * 1
+2 * 1
+3 +6 1
+2 * 1
+3 * 1
jcnd=1/1 +12 +2 
* * 
+7 +2 1116 1116
+5 * 1116
+4 * 1116
+5 * 1116
+3 -2 1116
+4 +2 1116
+4 * 1116
+3 * 1116 0 1116
cfi=(287)
cfn=(1024) ListCtor(list_t*, int, int)
calls=1116 0x4022c0 -23 
* * 1019567 155681 157485 1 91 27846 1 0 26970
-23 * 1 0 0 1 0 0 1
+4 * 1
+5 * 1
+3 -2 1
+4 +2 1
+4 * 1
+3 * 1 0 1
cfi=(287)
cfn=(1024)
calls=1 0x4022c0 -23 
* * 912 139 141 11 16 29 11 1 24
+5 -2 1117
+3 * 1117
jcnd=1116/1117 -36 +2 
* * 
+2 +6 1
+2 +1 1
+4 * 1 1 0 0 1
+1 * 1 1
+1 * 1 1
+2 * 1 1
+2 * 1 1

fl=(287)
fn=(1176) ListRecalloc(list_t*, int)
0x4024f0 81 1 0 1 1 0 0 1
+1 * 1 0 1
+1 * 1
+4 +1 1
+3 * 1
+6 +1 1 0 0 1 0 0 1
+2 * 1
+6 +11 1
+3 -1 1 1
+3 * 1
+3 -6 1 0 1 0 0 1 0 0 1
+8 +7 1 0 1
+3 +2 1 1
+4 * 1 1
+3 * 1
+3 * 1 0 1
cob=(2)
cfi=(253)
cfn=(1182)
calls=1 0xa6c30 3485 
* * 586 136 101 34 16 24 34 0 23
cob=(1)
cfi=(276)
cfn=(984)
calls=1 0x12b90 -57 
* * 878 286 138 0 68 14
* * 5 3 2 0 2
+5 +2 1 1
+3 * 1 1
+3 * 1
+2 -2 1 0 1
+3 +2 1
+2 * 1
+3 * 1
+3 * 1
+3 * 1 0 0 1 0 0 1
+3 * 1
+4 * 1 0 1
cob=(2)
cfi=(286)
cfn=(1022)
calls=1 0x16ccc0 198 
* * 92 2 44 0 0 21 0 0 21
cob=(1)
cfi=(276)
cfn=(984)
calls=1 0x12b90 -59 
* * 863 288 140 4 15 0 0 1
* * 5 3 2
+5 +3 1 1
+4 * 1 1
+4 * 1
+4 * 1 0 1
cob=(2)
cfi=(253)
cfn=(1182)
calls=1 0xa6c30 3485 
* * 501 95 58 18 7 0 18 1
* * 1 1
+5 +1 1 1
+4 * 1 1
+4 -1 1 0 1
+4 +1 1
+4 * 1 0 1
cob=(2)
cfi=(253)
cfn=(1182)
calls=1 0xa6c30 3485 
* * 336 69 41 1 1 0 1
* * 1 1
+5 +2 1 1
+4 * 1 1
+4 -2 1 0 1
+4 +8 1 1 0 1 0 0 1
+4 -6 1
+3 * 1
+2 * 1
+2 * 1
+11 * 1
+11 * 1
+1 +2 1
+3 * 1 0 1
+3 +1 1 0 1
+7 -3 1 1
+4 * 1
+4 * 1
+3 * 1
+2 * 1
jcnd=1/1 -26 +2 
* * 
-26 +2 21
+3 * 21 0 21
+3 +1 21 0 21
+7 -3 21 21
+4 * 21
+4 * 21
+3 * 21
+2 * 21
jcnd=20/21 -26 +2 
* * 
+2 +6 1 0 1 1 0 0 1
+8 +5 1
+4 * 1
+2 * 1 1
+1 * 1 1
+1 * 1 1

fn=(1166)
0x4026a0 144 10395 0 10395 1 0 0 1
+2 * 10395 0 10395
+1 * 10395 0 10395
+1 +3 10395 10395
+4 +9 10395
+3 * 10395
+6 * 10395
+3 +2 10395 10395
+3 * 10395
+3 * 10395
+3 * 10395 10395 0 0 244
+3 * 10395 0 0 1 0 0 1
jcnd=1/10395 0x402730 +1 
* * 
+2 +3 10395 10395
+4 +1 10395 10395 0 0 246
+4 * 10395
+4 -1 10395
+3 +1 10395 10395 0 0 3167
+2 * 10395 0 10395
+3 +2 10395
+3 * 10395
+4 * 10395 10395
+3 +18 10395
+2 * 10395
+6 +1 10395
+2 * 10395
+6 +2 10395 0 10395
+2 +1 10395 10395
+4 * 10395 0 10395 0 0 9945
+3 -1 10395 0 10395
+3 +1 10395 0 10395 0 0 2702
+4 -19 10395 10395 0 1 0 0 1
+2 +3 10395
+3 -3 10395 0 10395
+3 +1 10395 10395
+2 +2 10395 10395
+4 -2 10395 0 10395
fi=(318)
+3 60 10395
+3 * 10395
+3 * 10395 10395
fe=(287)
+3 170 10395 0 10395
cob=(2)
cfi=(294)
cfn=(1048)
calls=10395 0x16c2c0 +85 
* * 124740 31185 20790 0 0 15332 0 0 22
cob=(1)
cfi=(276)
cfn=(984)
calls=1 0x12b90 39 
* * 1111 337 160 8 18 0 1
* * 10399 10397 2 1 51 0 1
+5 +2 10395 0 10395
+4 -22 10395
+2 * 10395 10395
+1 * 10395 10395
+1 * 10395 10395
+2 * 10395 10395
+7 +9 1
+2 * 1 0 1
cfn=(1176)
calls=1 0x4024f0 -78 
* * 3496 921 582 62 109 60 58 2 45
+5 * 1
jump=1 0x4026c2 +2 
* * 

fn=(1234)
0x4024b0 59 1117 0 1117
+1 * 1117
+3 +4 1117 1117 0 0 277
+3 * 1117 0 1117
cob=(2)
cfi=(253)
cfn=(1220)
calls=1117 0xa68b0 3437 
* * 192143 50274 35742 1 2232 556 1
cob=(1)
cfi=(276)
cfn=(984)
calls=1 0x12b90 -24 
* * 927 295 145 2 68 14
* * 1121 1119 2 0 1
+5 +1 1117 1117
+4 * 1117 0 1117
cob=(2)
cfi=(253)
cfn=(1220)
calls=1117 0xa68b0 3437 
* * 124920 33466 17848 0 283
* * 1117 1117
+5 +1 1117 1117 0 0 276
+4 * 1117 0 1117
cob=(2)
cfi=(253)
cfn=(1220)
calls=1117 0xa68b0 3437 
* * 124964 33477 17854 2 1394 0 2
* * 1117 1117
+5 +7 1117
+4 +1 1117 0 1117 0 0 274
+7 +5 1117
+2 -6 1117 0 1117
+5 +6 1117 1117
+1 * 1117 1117

fn=(1024)
0x4022c0 10 1117 0 1117 1 0 0 1
+1 * 1117
+3 * 1117 0 1117
+2 * 1117 0 1117
+2 * 1117 0 1117
+2 * 1117 0 1117
+1 * 1117
+4 +1 1117
+3 * 1117
+6 * 1117
+3 +1 1117
+2 * 1117
+6 +3 1117
+4 -1 1117 0 1117 0 0 559
+3 * 1117
+3 +5 1117
+3 -4 1117 0 1117 0 0 279
+4 +4 1117
+3 -3 1117 0 1117
+7 +3 1117 0 0 1 0 0 1
+3 * 1117 0 1117 0 0 1
cob=(2)
cfi=(253)
cfn=(1020)
calls=1117 0xa7430 3775 
* * 338956 46313 71592 1 96 23681 1 0 23643
* * 1117 1117 0 0 1
+5 +1 1117
+5 * 1117
+3 -1 1117 0 1117 0 0 1
+4 +1 1117 0 1117
cob=(2)
cfi=(253)
cfn=(1020)
calls=1117 0xa7430 3775 
* * 277016 49148 26808 2 2 1676 2 0 1676
* * 1117 1117
+5 +1 1117
+5 * 1117
+3 -1 1117 0 1117
+4 * 1117
+3 +1 1117 0 1117
cob=(2)
cfi=(253)
cfn=(1020)
calls=1117 0xa7430 3775 
* * 277169 49189 26833 1 7 1678 1 0 1675
* * 1117 1117
+5 +2 1117 0 1117
+8 -2 1117 0 1117
+4 * 1117
+3 +4 1117 0 1117
+6 +1 1117 0 1117 1 0 0 1
+6 +3 1117 0 1117
+8 +3 1117
+4 * 1117
+6 * 1117
+4 * 1117
+4 * 1117
+3 * 1117
+6 * 1117
+5 * 1117
+2 * 1117
+5 * 1117 1117 0 0 1 0 0 1
+8 * 1117 0 0 1 0 0 1
+4 +2 1117
+5 * 1117
+3 * 1117
+4 +1 1117
+5 * 1117
+4 * 1117
+5 * 1117
+4 * 1117
+4 -1 1117
+5 +1 1117
+5 * 1117
+11 * 1117
+8 * 1117 0 0 1 0 0 1
+4 * 1117 0 1117
+5 * 1117
+4 -1 1117
+4 * 1117 0 1117
+5 -2 1117
+4 * 1117
+3 * 1117
jcnd=1117/1117 -29 +3 
* * 
-29 +3 1117
+4 * 1117 0 1117
+5 * 1117
+4 -1 1117
+4 * 1117 0 1117
+5 -2 1117
+4 * 1117
+3 * 1117
+2 * 1117
+2 * 1117
+3 * 1117
+3 * 1117
+3 * 1117
+6 * 1117
+3 * 1117
+3 * 1117
+2 * 1117
+3 * 1117
+3 * 1117 0 0 1 0 0 1
+3 * 1117
jcnd=1117/1117 +58 +2 
* * 
+58 +2 1117
+3 * 1117 0 0 1 0 0 1
+3 * 1117 0 1117
+3 * 1117
+8 +1 1117 0 1117
+7 -3 1117
+3 * 1117
+2 +2 1117
+3 +1 1117 0 1117
+8 -1 1117 0 1117
+4 -2 1117
+3 * 1117
+2 +2 1117
+3 +1 1117 0 1117
+8 -1 1117 0 1117
+4 +5 1117 0 1117 1 0 0 1
+9 +17 1117
+4 * 1117
+2 * 1117 1117
+1 * 1117 1117
+2 * 1117 1117
+2 * 1117 1117
+2 * 1117 1117
+1 * 1117 1117

fl=(284)
fn=(1012)
0x401f50 63 1 0 1 1 0 0 1
+2 +1 1
+4 +1 1
+5 * 1
+5 -2 1 0 1
+1 +16 1
+2 -16 1 0 1
+1 * 1
+4 * 1 1
+9 * 1 0 1
+5 * 1
+2 +2 1
+5 -1 1 0 1 1 0 0 1
+6 * 1 0 1
+9 +1 1
+3 * 1 0 1
cfi=(285)
cfn=(1014)
calls=1 0x401840 -46 
* * 1086407 157278 212542 30 119 28718 30 2 27832
+5 +8 1 0 1
+8 +3 1 0 1
+9 +3 1
+11 +2 1
+3 * 1
+5 * 1
+2 -2 1
+4 +2 1 0 1 1 0 0 1
cob=(2)
cfi=(289)
cfn=(1032)
calls=1 0x59e00 -53 
* * 1606 379 252 70 22 8 70 7 2
cob=(1)
cfi=(276)
cfn=(984)
calls=1 0x12b90 -42 
* * 875 285 138 0 67 21 0 3
* * 5 3 2 0 2
-14 * 19
+3 * 19
+5 * 19
+2 -2 19
+4 +2 19 0 19
cob=(2)
cfi=(289)
cfn=(1032)
calls=19 0x59e00 -53 
* * 17640 4048 2984 8 209 183 8
* * 19 19
+5 +1 20
+5 * 20
+5 * 20 0 20
cob=(2)
cfi=(301)
cfn=(1076)
calls=20 0x80560 +3 
* * 10224 2443 2471 41 64 45 41 2 6
cob=(1)
cfi=(276)
cfn=(984)
calls=1 0x12b90 -43 
* * 857 286 138 0 11 0 0 2
* * 24 22 2 1 0 0 1
+5 +1 20
+3 -1 20
+3 +1 20 20
+5 * 20
+3 * 20 0 20
cfi=(285)
cfn=(1104)
calls=20 0x401ba0 -27 
* * 4684210596 1303037808 860457884 171 9842935 553670 160 90 68
+2 +3 20
+3 -3 20 0 20
+4 +3 20 0 20
cob=(2)
cfi=(319)
cfn=(1206)
calls=20 0x7f9f0 -52 
* * 11380 3220 2200 40 341 20 40
cob=(1)
cfi=(276)
cfn=(984)
calls=1 0x12b90 -47 
* * 837 284 138 0 67 14 0 1
* * 24 22 2 0 20
+5 -7 20
+4 * 20
jcnd=19/20 -66 +2 
* * 
+2 +13 1
+3 * 1 0 1
cfi=(285)
cfn=(1232)
calls=1 0x4018e0 -51 
* * 469985 128746 79450 7 4535 846 5
+5 +1 1 1 0 1 0 0 1
+5 * 1 1 0 0 1
+9 * 1
+2 * 1
+4 * 1 1
+1 * 1 1
+1 * 1 1
+2 * 1 1

fl=(269)
fn=(960)
0x401490 0 1 0 0 1 0 0 1
+5 0 1
+7 0 1
+3 0 1
+4 0 1
+4 0 1
+3 0 1
+3 0 1
jcnd=1/1 +27 0 
* 0 
+27 0 1 1 0 1 0 0 1
+56 0 1 0 0 1 0 0 1
+4 0 1
jump=1 0x401490 0 
* 0 

fn=(1256)
0x4014d0 0 1
+4 0 1 1
+7 0 1
+2 0 1 0 1
+1 0 1
+3 0 1 0 1
cfn=(1260) 0x0000000000401460
calls=1 0x401460 0 
* 0 4 1 0 1
+5 0 1 0 1
+7 0 1 1
+1 0 1 1

fn=(1260)
0x401460 0 1 0 0 1
+5 0 1
+6 0 1
jcnd=1/1 +21 0 
* 0 
+21 0 1 1

fn=(952)
0x401420 0 1 0 0 1 0 0 1
+4 0 1
+2 0 1
+3 0 1 1
+1 0 1
+3 0 1
+4 0 1 0 1
+1 0 1 0 1
+1 0 1
+3 0 1
+2 0 1
+7 0 1 1 1 1 1 0 1
cob=(2)
cfi=(270)
cfn=(954)
calls=1 0x274c0 242 
* 0 4685817029 1303336784 860759380 593 9848578 583559 560 111 27911

ob=(3)
fl=(142)
fn=(458)
0x6c470 44 1 0 0 1 0 0 1
+4 * 1 1
+7 * 1 0 0 1 0 0 1
+7 * 1 1
+7 * 1
jcnd=1/1 +27 * 
* * 
+27 * 1 1

fl=(140)
fn=(454)
0x5c9e0 28 1 0 0 1 0 0 1
fi=(141) /usr/src/debug/glibc/glibc/math/../sysdeps/x86_64/fpu/multiarch/ifunc-fma4.h
+4 +3 1 1
+7 * 1 1
+7 * 1
+2 * 1
+7 +1 1 1 0 1 0 0 1
+7 * 1
jfi=(140)
jcnd=1/1 +27 -4 
* * 
fe=(140)
+27 -4 1 1

fl=(152)
fn=(484)
0x6d870 28 1 0 0 1 0 0 1
fi=(147) /usr/src/debug/glibc/glibc/math/../sysdeps/x86_64/fpu/multiarch/ifunc-fma.h
+4 +1 1 1
+7 * 1 0 0 1 0 0 1
+7 * 1 1
+7 * 1
+2 +1 1 1
+7 * 1
+7 * 1
fe=(152)
+4 -2 1 1

fl=(160)
fn=(520)
0x555a0 29 1 0 0 1 0 0 1
+4 * 1 1
+7 * 1
+7 * 1 1
+7 * 1
fi=(147)
+2 +1 1 1 0 1 0 0 1
+7 * 1
+7 * 1
fe=(160)
+4 -1 1 1

fl=(153)
fn=(492)
0x57930 28 1 0 0 1 0 0 1
fi=(144) /usr/src/debug/glibc/glibc/math/../sysdeps/x86_64/fpu/multiarch/ifunc-avx-fma4.h
+4 +4 1 1
+7 * 1 1 0 1 0 0 1
+6 * 1
+3 * 1
+2 * 1
+7 +1 1 1
+7 * 1
jfi=(153)
jcnd=1/1 +42 -5 
* * 
fe=(153)
+42 -5 1 1

fl=(162)
fn=(528)
0x6ab70 29 1 0 0 1 0 0 1
+4 * 1 1
+7 * 1 0 0 1 0 0 1
+7 * 1 1
+7 * 1
fi=(147)
+2 +1 1 1
+7 * 1
+7 * 1
fe=(162)
+4 -1 1 1

fl=(159)
fn=(516)
0x6d8a0 28 1
fi=(147)
+4 +1 1 1
+7 * 1
+7 * 1 1
+7 * 1
+2 +1 1 1 0 1 0 0 1
+7 * 1
+7 * 1
fe=(159)
+4 -2 1 1

fl=(149)
fn=(488)
0x4f9f0 37 1
fi=(141)
+4 -6 1 1
+7 * 1 1 0 1 0 0 1
+7 * 1
+2 * 1
+7 +1 1 1
+7 * 1
jfi=(149)
jcnd=1/1 +27 +5 
* * 
fe=(149)
+27 +5 1 1

fn=(476)
0x4f9b0 29 1 0 0 1 0 0 1
fi=(141)
+4 +2 1 1
+7 * 1 1 0 1 0 0 1
+7 * 1
+2 * 1
+7 +1 1 1
+7 * 1
jfi=(149)
jcnd=1/1 +27 -3 
* * 
fe=(149)
+27 -3 1 1

fl=(161)
fn=(524)
0x5d4d0 28 1 0 0 1 0 0 1
fi=(144)
+4 +4 1 1
+7 * 1 1
+6 * 1
+3 * 1
+2 * 1
+7 +1 1 1
+7 * 1
jfi=(161)
jcnd=1/1 +42 -5 
* * 
fe=(161)
+42 -5 1 1 0 1 0 0 1

fl=(196)
fn=(1374)
0xf660 0 1 0 0 1 0 0 1
+4 0 1 0 1
+1 0 1
+7 0 1
+3 0 1 0 1
cfn=(1376) btree_destroy
calls=1 -95 0 
* 0 16 6 4 1 1 0 1
+5 0 1
+7 0 1 0 1
cfn=(1376)
calls=1 0xf610 0 
* 0 16 6 4
+5 0 1 0 1 1 0 0 1
+7 0 1 1
+1 0 1 1

fn=(1386) 0x000000000000f690
0xf690 0 1
+7 0 1
+7 0 1
+3 0 1
jcnd=1/1 +23 0 
* 0 
+23 0 1 1

fn=(1376)
0xf610 0 2 0 2 1 0 0 1
+1 0 2
+2 0 2
+3 0 2 0 2
+2 0 2
+3 0 2 0 2
+1 0 2 2 2 0 1
+3 0 2
+3 0 2
+2 0 2 2
+5 0 2
+3 0 2
jcnd=2/2 +27 0 
* 0 
+27 0 2 2
+1 0 2 2
+2 0 2 2
+1 0 2 2

fn=(668)
0xf6c0 0 1 0 0 1 0 0 1
+7 0 1
+7 0 1
+3 0 1
+3 0 1
+4 0 1
+4 0 1
+3 0 1
+3 0 1
jcnd=1/1 +22 0 
* 0 
+22 0 1 1
+88 0 1 0 0 1 0 0 1
+4 0 1
jump=1 0xf6c0 0 
* 0 

fn=(1378)
0xf700 0 1 0 0 1 0 0 1
+4 0 1 1 0 0 1
+7 0 1
+2 0 1 0 1
+1 0 1 1 0 0 1
+8 0 1
+3 0 1
+2 0 1 1
+7 0 1 1 1
cob=(2)
cfi=(327)
cfn=(1276)
calls=1 0x3fca0 45 
* 0 135 30 13
+6 0 1 0 1
cfn=(1386)
calls=1 0xf690 0 
* 0 5 1
+5 0 1 0 1
+7 0 1 1
+1 0 1 1

fl=(150)
fn=(480)
0x5aab0 32 1 0 0 1 0 0 1
fi=(361) /usr/src/debug/glibc/glibc/math/../sysdeps/x86_64/fpu/multiarch/ifunc-sse4_1.h
+4 -3 1 1
+7 * 1 0 0 1 0 0 1
+7 * 1 1
+7 * 1
+7 * 1
fe=(150)
+4 +3 1 1

fl=(163)
fn=(536)
0x667d0 29 1 0 0 1 0 0 1
+4 * 1 1
+7 * 1
+7 * 1 1
+7 * 1
fi=(147)
+2 +1 1 1
+7 * 1
+7 * 1
fe=(163)
+4 -1 1 1

fl=(143)
fn=(532)
0x5bfa0 36 1
fi=(144)
+4 -4 1 1
+7 * 1 1
+6 * 1
+3 * 1
+2 * 1
+7 +1 1 1 0 1 0 0 1
+7 * 1
jfi=(143)
jcnd=1/1 +42 +3 
* * 
fe=(143)
+42 +3 1 1

fn=(460)
0x5bf50 29 1 0 0 1 0 0 1
fi=(144)
+4 +3 1 1
+7 * 1 1
+6 * 1
+3 * 1
+2 * 1
+7 +1 1 1
+7 * 1
jfi=(143)
jcnd=1/1 +42 -4 
* * 
fe=(143)
+42 -4 1 1 0 1 0 0 1

fl=(148)
fn=(472)
0x58af0 28 1 0 0 1 0 0 1
fi=(147)
+4 +1 1 1
+7 * 1 0 0 1 0 0 1
+7 * 1 1
+7 * 1
+2 +1 1 1
+7 * 1
+7 * 1
fe=(148)
+4 -2 1 1

fl=(151)
fn=(482)
0x595f0 49 1 0 0 1 0 0 1
+4 * 1 1
+7 * 1 0 0 1 0 0 1
+7 * 1 1
+7 * 1
jcnd=1/1 +27 * 
* * 
+27 * 1 1

fl=(145)
fn=(464)
0x50720 28 1 0 0 1 0 0 1
fi=(144)
+4 +4 1 1
+7 * 1 1
+6 * 1
+3 * 1
+2 * 1
+7 +1 1 1 0 1 0 0 1
+7 * 1
jfi=(145)
jcnd=1/1 +42 -5 
* * 
fe=(145)
+42 -5 1 1

fl=(146)
fn=(468)
0x5e400 29 1 0 0 1 0 0 1
+4 * 1 1
+7 * 1
+7 * 1 1
+7 * 1
fi=(147)
+2 +1 1 1
+7 * 1
+7 * 1
fe=(146)
+4 -1 1 1

fl=(164)
fn=(540)
0x50e60 29 1 0 0 1 0 0 1
fi=(144)
+4 +3 1 1
+7 * 1 1
+6 * 1
+3 * 1
+2 * 1
+7 +1 1 1 0 1 0 0 1
+7 * 1
jfi=(164)
jcnd=1/1 +42 -4 
* * 
fe=(164)
+42 -4 1 1

fl=(165)
fn=(544)
0x6bac0 28 1 0 0 1 0 0 1
fi=(147)
+4 +1 1 1
+7 * 1
+7 * 1 1
+7 * 1
+2 +1 1 1
+7 * 1
+7 * 1
fe=(165)
+4 -2 1 1

fl=(157)
fn=(508)
0x56080 29 1 0 0 1 0 0 1
fi=(141)
+4 +2 1 1
+7 * 1 1
+7 * 1
+2 * 1
+7 +1 1 1
+7 * 1
jfi=(157)
jcnd=1/1 +27 -3 
* * 
fe=(157)
+27 -3 1 1

fl=(154)
fn=(496)
0x55890 29 1 0 0 1 0 0 1
fi=(144)
+4 +3 1 1
+7 * 1 1
+6 * 1
+3 * 1
+2 * 1
+7 +1 1 1
+7 * 1
jfi=(154)
jcnd=1/1 +42 -4 
* * 
fe=(154)
+42 -4 1 1 0 1 0 0 1

fl=(156)
fn=(504)
0x6aa20 29 1 0 0 1 0 0 1
+4 * 1 1
+7 * 1
+7 * 1 1
+7 * 1
fi=(147)
+2 +1 1 1 0 1 0 0 1
+7 * 1
+7 * 1
fe=(156)
+4 -1 1 1

fl=(158)
fn=(512)
0x6afc0 32 1 0 0 1 0 0 1
fi=(147)
+4 -3 1 1
+7 * 1
+7 * 1 1
+7 * 1
+2 +1 1 1
+7 * 1
+7 * 1
fe=(158)
+4 +2 1 1

fl=(155)
fn=(500)
0x5a210 28 1 0 0 1 0 0 1
fi=(147)
+4 +1 1 1
+7 * 1
+7 * 1 1
+7 * 1
+2 +1 1 1
+7 * 1
+7 * 1
fe=(155)
+4 -2 1 1

ob=(6)
fl=(337)
fn=(1394)
0x4230 58 1 0 0 1 0 0 1
+4 * 1 0 1
+1 +3 1
+7 -3 1
+3 +3 1 0 1 1
cfi=(338) /usr/src/debug/gcc/gcc/libgcc/unwind-dw2-btree.h
cfn=(1396) btree_destroy
calls=1 -95 356 
* * 16 6 4 1 1 0 1
+5 +1 1
+7 * 1 0 1
cfi=(338)
cfn=(1396)
calls=1 0x41e0 356 
* * 16 6 4
+5 +1 1 0 1
+7 +1 1 1
+1 * 1 1

fl=(338)
fn=(1396)
0x41e0 356 2 0 2 1 0 0 1
+1 +3 2
+2 -3 2
+3 * 2 0 2
+2 * 2
+3 * 2 0 2
+1 +3 2 2 2 0 1
+3 +1 2
+3 * 2
+2 +4 2 2
+5 * 2
+3 * 2
jcnd=2/2 +27 +6 
* * 
+27 +6 2 2
+1 * 2 2
+2 * 2 2
+1 * 2 2

fl=(192)
fn=(652)
0x4260 60 1 0 0 1 0 0 1
fi=(194) /usr/src/debug/gcc/gcc/libgcc/../gcc/common/config/i386/cpuinfo.h
+4 1112 1 1 0 0 1
+7 * 1 1 0 0 1
+2 * 1
+2 * 1
fe=(192)
+6 60 1 0 1
fi=(193) /usr/src/debug/gcc/gcc-build/gcc/include/cpuid.h
+1 310 1
fe=(192)
+2 60 1
+3 * 1 0 1
+2 * 1 0 1
+2 * 1 0 1 1 0 0 1
+2 * 1 0 1
+2 * 1 0 1
fi=(193)
+1 310 1
+2 +21 1
+2 * 1
+6 +3 1
+2 * 1
+2 * 1
+3 * 1
fi=(194)
+3 1125 1
+2 * 1
fi=(193)
+6 310 1
+2 * 1
+2 +21 1
+2 * 1
+6 +3 1
+5 * 1
+2 * 1
fi=(194)
+3 1139 1
+3 738 1
fi=(193)
+2 334 1
fi=(194)
+3 1139 1 0 0 1 0 0 1
fi=(193)
+3 334 1
fi=(194)
+3 1139 1 0 1
+3 +1 1
+3 * 1
+3 * 1
+3 * 1
+3 +1 1
+3 * 1
+3 * 1
+5 * 1 0 1
+3 738 1
+6 * 1
jcnd=1/1 0x4951 +6 
* * 
+20 +24 1 0 0 1 0 0 1
+7 * 1
+2 92 1 0 1
+4 764 1
+7 * 1
+2 92 1 0 1
+4 766 1
+7 * 1
+2 92 1 0 1
+4 768 1
+7 * 1
+2 92 1 0 1
+4 +9 1
+7 770 1
+7 * 1 0 0 1 0 0 1
jcnd=1/1 0x4a26 101 
* * 
+6 +2 1
+7 * 1
jcnd=1/1 0x4a3c 101 
* * 
+6 +3 1
+7 * 1
+2 92 1 0 1
+4 777 1
+3 * 1
+5 * 1
+2 92 1 0 1
+7 779 1
+4 * 1
+2 92 1 0 1
+7 781 1
+4 * 1 0 0 1 0 0 1
+2 92 1 0 1
+4 783 1
+7 * 1
+2 92 1 0 1
+4 785 1
+7 * 1
+2 92 1 0 1
+7 787 1
+7 * 1
+2 92 1 0 1
+7 789 1
+2 * 1
jcnd=1/1 0x4a31 101 
* * 
+6 +2 1 0 0 1 0 0 1
+7 * 1
jcnd=1/1 0x4a67 101 
* * 
+6 +2 1
+7 * 1
jcnd=1/1 0x4a5c 101 
* * 
+6 +2 1
+2 * 1
+2 92 1 0 1
+7 797 1
+7 * 1
jcnd=1/1 0x4a53 101 
* * 
+6 +2 1
+7 * 1
jcnd=1/1 0x4a47 101 
* * 
+6 +2 1
+3 * 1
+2 +2 1 0 0 1 0 0 1
+7 * 1
+2 92 1 0 1
+7 805 1
+7 * 1
+2 92 1 0 1
+7 807 1
+7 * 1
jcnd=1/1 0x5082 101 
* * 
+6 +5 1
+4 * 1
+6 +4 1
+5 * 1
+2 * 1
+2 * 1 0 0 1 0 0 1
+3 +1 1
+3 * 1
+2 92 1 0 1
+7 819 1
+3 * 1
+6 +2 1
+3 * 1
+6 +2 1
+3 * 1
+6 +2 1
+3 * 1
+2 +2 1
+3 * 1
+2 92 1 0 1
+7 829 1
+7 * 1 0 0 1 0 0 1
+6 +2 1
+7 * 1
+6 +3 1
+3 * 1
+2 92 1 0 1
+7 836 1
+3 * 1
+6 +2 1
+6 * 1
jcnd=1/1 0x4fea 101 
* * 
+6 +2 1
+6 * 1
+6 +2 1 0 0 1 0 0 1
+6 * 1
+6 +2 1
+6 * 1
+6 +2 1
+6 * 1
+6 +2 1
+4 * 1
+6 +3 1
+4 * 1
+6 +2 1
+7 * 1 0 0 1 0 0 1
+6 +2 1
+7 * 1
+6 +2 1
+7 * 1
+6 +2 1
+7 * 1
+6 +2 1
+7 * 1
+6 +2 1
+7 * 1 0 0 1 0 0 1
+6 +2 1
+4 * 1
+6 +2 1
+4 * 1
+6 +4 1
+3 * 1
+6 +2 1
+6 * 1
+6 +2 1
+6 * 1
+6 +2 1 0 0 1 0 0 1
+6 * 1
+6 +2 1
+3 * 1
+6 +2 1 1
+4 * 1
jcnd=1/1 +38 +9 
* * 
+38 +9 1
+3 * 1 0 0 1 0 0 1
jcnd=1/1 0x46a5 +38 
* * 
0x46a5 +38 1 0 0 1 0 0 1
+2 * 1
jcnd=1/1 0x4a72 736 
* * 
0x477e +56 1 0 0 1 0 0 1
+4 * 1
+6 +2 1
+5 * 1
+5 * 1
+2 +1 1
+2 * 1
+6 +2 1
+2 * 1
+6 +2 1
+2 * 1
+6 +5 1
+4 * 1
jcnd=1/1 0x4815 +50 
* * 
0x4815 +50 1 0 0 1 0 0 1
+5 * 1
+2 * 1
+3 +4 1
+5 * 1
+6 +2 1
+5 * 1
+2 +2 1
+3 * 1
jcnd=1/1 +9 +2 
* * 
+9 +2 1
+3 * 1 0 0 1 0 0 1
jcnd=1/1 0x506b 101 
* * 
+6 +2 1
+2 * 1
+3 * 1
jcnd=1/1 0x504a 101 
* * 
+6 +2 1
+3 * 1
+6 +2 1
+6 * 1
+6 +2 1
+2 * 1
jcnd=1/1 0x5028 101 
* * 
+6 +2 1
+3 * 1
+6 +2 1
+6 * 1 0 0 1 0 0 1
+6 +3 1
+6 * 1
jcnd=1/1 0x5009 101 
* * 
+6 +2 1
+6 * 1
+6 +2 1
+2 * 1
+6 +3 1
+3 * 1
+2 +2 1
+6 * 1
jcnd=1/1 +9 +2 
* * 
+9 +2 1
+3 * 1
+6 +5 1 0 0 1 0 0 1
+7 * 1
+2 +2 1
+5 * 1
+2 +1 1
+3 * 1
+6 +2 1
+3 * 1
+6 75 1 1
+2 1148 1
+7 * 1
jcnd=1/1 0x499e +3 
* * 
+52 +16 1 0 1 1 0 0 1
+2 75 1 1
+2 1205 1
+5 * 1
+2 66 1 1
+3 1206 1
+3 * 1
jcnd=1/1 0x4ac7 101 
* * 
+6 -93 1
fe=(192)
+2 62 1
jump=1 +11 +2 
* * 
+11 +2 1 1
+1 * 1 1
+2 * 1 1
+2 * 1 1
+2 * 1 1
+2 * 1 1
+1 * 1 1
fi=(194)
+4 744 1 0 0 1 0 0 1
+2 * 1
+3 +3 1
+2 * 1
+2 * 1
+3 * 1
jcnd=1/1 0x4fae +4 
* * 
+12 +7 1
+2 * 1
+2 * 1
+2 * 1
+6 * 1
+4 +2 1
+3 -1 1
+3 -1 1 0 1 1 0 0 1
+3 +1 1 0 1
+3 * 1
jump=1 0x42fb +7 
* * 
+25 1151 1
+4 * 1
+2 +6 1 1
+3 * 1 1
+3 * 1
+2 350 1
+6 * 1
+2 * 1
+3 * 1
jcnd=1/1 0x4caf * 
* * 
0x4a1c 1164 1
+5 * 1
jump=1 0x491f * 
* * 
+5 101 1 0 1 1 0 0 1
+6 +2 1
jump=1 0x4343 772 
* * 
+5 -2 1 0 1
+6 +2 1
jump=1 0x43ba 791 
* * 
+5 -2 1 0 1 1 0 0 1
+6 +2 1
jump=1 0x4350 775 
* * 
+5 -2 1 0 1
+7 +2 1
jump=1 0x43f9 801 
* * 
+5 -2 1 0 1
+4 +2 1
jump=1 0x43ec 799 
* * 
+5 -2 1 0 1
+6 +2 1
jump=1 0x43d4 795 
* * 
+5 -2 1 0 1
+6 +2 1
jump=1 0x43c7 793 
* * 
+5 736 1
+3 * 1
jump=1 0x477e 984 
* * 
+82 101 1 0 1 1 0 0 1
+7 1211 1
+3 * 1
+6 +1 1
+3 * 1
+6 +1 1
+5 * 1
+6 +1 1
+3 * 1
+6 101 1 1
+3 * 1
+2 * 1
+3 * 1 0 1
+3 1220 1 0 0 1 0 0 1
+2 * 1
+2 * 1
+6 * 1
+6 +1 1
+6 * 1
+6 +1 1
+5 * 1
+6 +1 1
+3 * 1
+6 +3 1
+2 * 1
+5 * 1
+6 101 1
+2 * 1 0 0 1 0 0 1
+3 * 1 0 1
+3 1234 1
+2 * 1
+5 * 1
jcnd=1/1 0x4936 1113 
* * 
0x4caf 350 1 0 0 1 0 0 1
+3 * 1
jcnd=1/1 0x51f4 * 
* * 
0x4fae 751 1 0 0 1 0 0 1
+2 * 1
+3 -2 1
+6 +2 1
+2 * 1
+3 * 1 0 0 1 0 0 1
+4 * 1
jump=1 0x4969 +3 
* * 
+40 101 1 0 1
+4 +2 1
jump=1 0x44b4 840 
* * 
+27 -2 1 0 1
+6 +2 1
jump=1 0x488f 1073 
* * 
+25 -2 1 0 1 1 0 0 1
+6 +2 1
jump=1 0x486e 1066 
* * 
+28 -2 1 0 1
+6 +2 1
jump=1 0x4851 1060 
* * 
+27 -2 1 0 1 1 0 0 1
+6 +2 1
jump=1 0x4846 1058 
* * 
+17 -2 1 0 1 1 0 0 1
+6 +2 1
jump=1 0x442b 812 
* * 
0x51f4 350 1 0 0 1 0 0 1
+3 * 1
+3 * 1
+6 * 1 0 0 1 0 0 1
+5 * 1
+3 * 1
+5 * 1
jcnd=1/1 0x52dc 452 
* * 
0x52dc 452 1 1 0 1 1 0 1 1
+7 * 1 0 1
+4 +2 1
jump=1 0x4a1c 1164 
* * 
fe=(192)

fl=(195)
fn=(658)
0x5380 0 1 0 0 1 0 0 1
+7 0 1
+7 0 1
+3 0 1
+3 0 1
+4 0 1
+4 0 1
+3 0 1
+3 0 1
jcnd=1/1 +22 0 
* 0 
+22 0 1 1
+88 0 1 0 0 1 0 0 1
+4 0 1
jump=1 0x5380 0 
* 0 

fn=(1398)
0x53c0 0 1 0 0 1 0 0 1
+4 0 1 1 0 0 1
+7 0 1
+2 0 1 0 1
+1 0 1 1 0 0 1
+8 0 1
+3 0 1
+2 0 1 1
+7 0 1 1 1
cob=(2)
cfi=(327)
cfn=(1276)
calls=1 0x3fca0 45 
* 0 135 30 13
+6 0 1 0 1
cfn=(1406) 0x0000000000005350
calls=1 0x5350 0 
* 0 5 1 0 1 0 0 1
+5 0 1 0 1
+7 0 1 1
+1 0 1 1

fn=(1406)
0x5350 0 1 0 0 1 0 0 1
+7 0 1
+7 0 1
+3 0 1
jcnd=1/1 +23 0 
* 0 
+23 0 1 1

ob=(4)
fl=(185)
fn=(1392)
0x4b89a68 0 1 0 0 1 0 0 1
+4 0 1
+4 0 1
+4 0 1 1

fn=(1266)
0x402c04 0 1 0 0 1 0 0 1
+4 0 1
+4 0 1
+4 0 1 1

fn=(1290)
0x483a274 0 1 0 0 1 0 0 1
+4 0 1
+4 0 1
+4 0 1 1 0 1 0 0 1

fn=(956)
0x401000 0 1 0 0 1 0 0 1
+4 0 1
+4 0 1 1
+7 0 1
+3 0 1
jcnd=1/1 +4 0 
* 0 
+4 0 1
+4 0 1 1

fn=(762)
0x4c3f240 0 69 0 0 1 0 0 1
+4 0 69 69 0 0 1
cob=(2)
cfi=(226)
cfn=(764)
calls=69 0x16f040 52 
* 0 966 138 0 1 4 0 1 4

fn=(664)
0x4b04000 0 1 0 0 1 0 0 1
+4 0 1
+4 0 1 1 0 0 1
+7 0 1
+3 0 1
jcnd=1/1 +4 0 
* 0 
+4 0 1
+4 0 1 1

fn=(868)
0x4c3f2e0 0 15 0 0 1 0 0 1
+4 0 15 15
cob=(2)
cfi=(251)
cfn=(870)
calls=15 0x170120 206 
* 0 393 75 0 4 10 0 4 2

fn=(1042)
0x4c3f290 0 40 0 0 1 0 0 1
+4 0 40 40 0 0 20
cob=(2)
cfi=(292)
cfn=(1044)
calls=40 0x16e6a0 53 
* 0 760 80 0 2 1 0 2 1

fn=(626)
0x483a000 0 1 0 0 1 0 0 1
+4 0 1
+4 0 1 1
+7 0 1
+3 0 1
jcnd=1/1 +4 0 
* 0 
+4 0 1
+4 0 1 1

fn=(648)
0x4bf1000 0 1 0 0 1 0 0 1
+4 0 1
+4 0 1 1 0 0 1
+7 0 1
+3 0 1
jcnd=1/1 +4 0 
* 0 
+4 0 1
+4 0 1 1

fn=(640)
0x4c3f320 0 1 0 0 1 0 0 1
+4 0 1 1 0 0 1
cob=(2)
cfi=(189)
cfn=(642)
calls=1 0x170ef0 53 
* 0 22 2 0 2 1 0 2

fn=(1100)
0x4c3f330 0 20
+4 0 20 20 0 0 20
cob=(2)
cfi=(292)
cfn=(1102)
calls=20 0x16e460 53 
* 0 420 60 0 2 0 0 2

fn=(1372)
0x4a52af4 0 1 0 0 1 0 0 1
+4 0 1
+4 0 1
+4 0 1 1 0 1 0 0 1

fn=(674)
0x4906000 0 1 0 0 1 0 0 1
+4 0 1
+4 0 1 1 0 0 1
+7 0 1
+3 0 1
jcnd=1/1 +4 0 
* 0 
+4 0 1
+4 0 1 1

fn=(1412)
0x4c14128 0 1 0 0 1 0 0 1
+4 0 1
+4 0 1
+4 0 1 1

totals: 4688539533 1304021097 861006499 2146 9865433 586198 2112 8651 29665
